<?xml version="1.0" encoding="UTF-8"?>
<window type="dialog" id="1114">
	<defaultcontrol>888</defaultcontrol>
	<coordinates>
		<posx>360</posx>
		<posy>300</posy>
	</coordinates>
	<include>dialogeffect</include>
	<controls>
		<control type="group">
			<animation effect="fade" start="100" end="0" time="200" condition="Window.IsVisible(SliderDialog)">conditional</animation>
			<include condition="Skin.HasSetting(HateTransparency)">T-Panel7</include>
			<control type="image">
				<description>background image</description>
				<posx>0</posx>
				<posy>0</posy>
				<width>1200</width>
				<height>248</height>
				<texture border="30">panel.png</texture>
				<bordertexture border="45">panel-shadow.png</bordertexture>
				<bordersize>22</bordersize>
			</control>
			<control type="button">
				<posx>1116</posx>
				<posy>48</posy>
				<width>30</width>
				<height>30</height>
				<texturefocus>close-window-focus.png</texturefocus>
				<texturenofocus>close-window-nofocus.png</texturenofocus>
				<onclick>Dialog.Close(1114)</onclick>
				<visible>Skin.HasSetting(TouchScreenMode)</visible>
			</control>
			<control type="label">
				<description>heading label</description>
				<posx>60</posx>
				<posy>60</posy>
				<width>1080</width>
				<height>45</height>
				<align>center</align>
				<aligny>center</aligny>
				<font>font-32</font>
				<label>481</label>
				<textcolor>blue</textcolor>
			</control>
			<control type="image">
				<posx>60</posx>
				<posy>117</posy>
				<width>1080</width>
				<height>3</height>
				<texture>separator.png</texture>
			</control>
			<control type="image">
				<posx>68</posx>
				<posy>135</posy>
				<width>1065</width>
				<height>45</height>
				<texture border="7">list-focus.png</texture>
			</control>
			<control type="label">
				<posx>82</posx>
				<posy>142</posy>
				<width>1065</width>
				<height>45</height>
				<label>$LOCALIZE[13376]</label>
				<font>font-20</font>
				<textcolor>white</textcolor>
			</control>
			<control type="slider" id="888">
				<description>Default Slider</description>
				<posx>818</posx>
				<posy>142</posy>
				<width>300</width>
				<height>30</height>
				<texturesliderbar>osd_slider_bg.png</texturesliderbar>
				<textureslidernib>osd_slider_nibNF.png</textureslidernib>
				<textureslidernibfocus>osd_slider_nib.png</textureslidernibfocus>
				<action>volume</action>
			</control>
		</control>
	</controls>
</window>
