<?xml version="1.0" encoding="UTF-8"?>
<window type="dialog" id="1115">
	<onload condition="System.HasAddon(script.videoextras)">RunScript(script.videoextras,check,"$INFO[ListItem.FilenameAndPath]")</onload>
	<onunload>ClearProperty(ActorName,Home)</onunload>
	<onunload>ClearProperty(DirectorName,Home)</onunload>
	<onunload>ClearProperty(WriterName,Home)</onunload>
	<defaultcontrol always="true">3</defaultcontrol>
	<animation effect="zoom" start="0" end="100" center="900,480" time="400">WindowOpen</animation>
	<animation effect="zoom" start="100" end="0" center="900,480" time="400">WindowClose</animation>
	<coordinates>
		<posx>640</posx>
		<posy>180</posy>
	</coordinates>
	<controls>
		<control type="image">
			<description>background image</description>
			<posx>0</posx>
			<posy>0</posy>
			<width>500</width>
			<height>600</height>
			<texture background="true" colordiffuse="grey_50">dialogs/white.png</texture>
			<bordertexture colordiffuse="grey">dialogs/white.png</bordertexture>	
			<bordersize>2</bordersize>
		</control>
		<control type="label" id="1">
			<description>heading label</description>
			<posx>0</posx>
			<posy>20</posy>
			<width>500</width>
			<height>45</height>
			<align>center</align>
			<aligny>center</aligny>
			<textcolor>white</textcolor>
			<font>font-32</font>
			<label>13511</label>
		</control>
		<control type="image">
			<posx>2</posx>
			<posy>70</posy>
			<width>496</width>
			<height>2</height>
			<texture>white.png</texture>
		</control>
		<control type="list" id="3">
			<posx>10</posx>
			<posy>105</posy>
			<width>480</width>
			<height>460</height>
			<onup>3</onup>
			<ondown>3</ondown>
			<onleft>3</onleft>
			<onright>3</onright>
			<scrolltime>200</scrolltime>
			<itemlayout width="480" height="44">
				<control type="label">
					<posx>0</posx>
					<posy>0</posy>
					<width>470</width>
					<height>45</height>
					<font>font-20</font>
					<align>right</align>
					<aligny>center</aligny>
					<selectedcolor>$VAR[main_color]</selectedcolor>
					<label>$INFO[ListItem.Label]</label>
				</control>
			</itemlayout>
			<focusedlayout width="480" height="44">
				<control type="image">
					<posx>0</posx>
					<posy>0</posy>
					<width>480</width>
					<height>45</height>
					<texture colordiffuse="grey">white.png</texture>
				</control>
				<control type="label">
					<posx>0</posx>
					<posy>0</posy>
					<width>470</width>
					<height>45</height>
					<font>font-20</font>
					<align>right</align>
					<aligny>center</aligny>
					<textcolor>$VAR[main_color]</textcolor>
					<selectedcolor>$VAR[main_color]</selectedcolor>
					<label>$INFO[ListItem.Label]</label>
				</control>
			</focusedlayout>
			<content>
				<item>
					<label>13511</label>
					<onclick>Dialog.Close(1115)</onclick>
					<onclick>SendClick(2003,10)</onclick>
				</item>
				<item>
					<label>31219</label>
					<onclick>Dialog.Close(1115)</onclick>
					<onclick>RunScript(script.artwork.downloader,mode=custom,mediatype=movie,dbid=$INFO[ListItem.DBID],clearlogo)</onclick>
					<visible>System.HasAddon(script.artwork.downloader) + Container.Content(Movies)</visible>
				</item>
				<item>
					<label>31224</label>
					<onclick>Dialog.Close(1115)</onclick>
					<onclick>RunScript(script.artwork.downloader,mode=custom,mediatype=movie,dbid=$INFO[ListItem.DBID],extrathumbs)</onclick>
					<visible>System.HasAddon(script.artwork.downloader) + Container.Content(Movies)</visible>
				</item>
				<item>
					<label>31221</label>
					<onclick>Dialog.Close(1115)</onclick>
					<onclick>RunScript(script.artwork.downloader,mode=custom,mediatype=movie,dbid=$INFO[ListItem.DBID],extrafanart)</onclick>
					<visible>System.HasAddon(script.artwork.downloader) + Container.Content(Movies)</visible>
				</item>
				<item>
					<label>31229</label>
					<onclick>Dialog.Close(1115)</onclick>
					<onclick>RunScript(script.artwork.downloader,mode=custom,mediatype=movie,dbid=$INFO[ListItem.DBID],discart)</onclick>
					<visible>System.HasAddon(script.artwork.downloader) + Container.Content(Movies)</visible>
				</item>
				<item>
					<label>31219</label>
					<onclick>Dialog.Close(1115)</onclick>
					<onclick>RunScript(script.artwork.downloader,mode=custom,mediatype=tvshow,dbid=$INFO[ListItem.DBID],clearlogo)</onclick>
					<visible>System.HasAddon(script.artwork.downloader) + Container.Content(TVShows)</visible>
				</item>
				<item>
					<label>31220</label>
					<onclick>Dialog.Close(1115)</onclick>
					<onclick>RunScript(script.artwork.downloader,mode=custom,mediatype=tvshow,dbid=$INFO[ListItem.DBID],clearart)</onclick>
					<visible>System.HasAddon(script.artwork.downloader) + Container.Content(TVShows)</visible>
				</item>
				<item>
					<label>31221</label>
					<onclick>Dialog.Close(1115)</onclick>
					<onclick>RunScript(script.artwork.downloader,mode=custom,mediatype=tvshow,dbid=$INFO[ListItem.DBID],extrafanart)</onclick>
					<visible>System.HasAddon(script.artwork.downloader) + Container.Content(TVShows)</visible>
				</item>
				<item>
					<label>31222</label>
					<onclick>Dialog.Close(1115)</onclick>
					<onclick>RunScript(script.tvtunes,mode=solo&amp;tvpath=$INFO[Window(Home).Property(TVShowPath)]&amp;tvname=$INFO[ListItem.TVShowTitle])</onclick>
					<visible>System.HasAddon(script.tvtunes) + Skin.HasSetting(TvTunes) + IsEmpty(Window(movieinformation).Property("TvTunes_HideVideoInfoButton")) + [Container.Content(TVShows) | Container.Content(movies)]</visible>
				</item>
				<item>
					<label>31223</label>
					<onclick>Dialog.Close(1115)</onclick>
					<onclick>RunScript(script.ratingupdate,Single=TVShow)</onclick>
					<visible>System.HasAddon(script.ratingupdate) + Container.Content(TVShows)</visible>
				</item>
				<item>
					<label>31223</label>
					<onclick>Dialog.Close(1115)</onclick>
					<onclick>RunScript(script.ratingupdate,Single=Movie)</onclick>
					<visible>System.HasAddon(script.ratingupdate) + Container.Content(Movies)</visible>
				</item>
				<item>
					<label>31224</label>
					<onclick>Dialog.Close(1115)</onclick>
					<onclick>RunScript(script.artwork.downloader,mode=custom,mediatype=musicvideo,dbid=$INFO[ListItem.DBID],extrathumbs)</onclick>
					<visible>System.HasAddon(script.artwork.downloader) + Container.Content(MusicVideos)</visible>
				</item>
				<item>
					<label>31221</label>
					<onclick>Dialog.Close(1115)</onclick>
					<onclick>RunScript(script.artwork.downloader,mode=custom,mediatype=musicvideo,dbid=$INFO[ListItem.DBID],extrafanart)</onclick>
					<visible>System.HasAddon(script.artwork.downloader) + Container.Content(MusicVideos)</visible>
				</item>
				<item>
					<label>31226</label>
					<onclick>Dialog.Close(1115)</onclick>
					<onclick>RunScript(script.metadata.actors,$INFO[Window(Home).Property(ActorName)])</onclick>
					<visible>System.HasAddon(script.metadata.actors) + [Container.Content(Movies) | Container.Content(TVShows) | Container.Content(Episodes)] + !IsEmpty(Window(Home).Property(ActorName))</visible>
				</item>
				<item>
					<label>31227</label>
					<onclick>Dialog.Close(1115)</onclick>
					<onclick>RunScript(script.metadata.actors,$INFO[Window(Home).Property(DirectorName)])</onclick>
					<visible>System.HasAddon(script.metadata.actors) + [Container.Content(Movies) | Container.Content(Episodes) | Container.Content(MusicVideos)]</visible>
				</item>
				<item>
					<label>31228</label>
					<onclick>Dialog.Close(1115)</onclick>
					<onclick>RunScript(script.metadata.actors,$INFO[Window(Home).Property(WriterName)])</onclick>
					<visible>System.HasAddon(script.metadata.actors) + [Container.Content(Movies) | Container.Content(Episodes)]</visible>
				</item>
				<item>
					<label>$LOCALIZE[31006]</label>
					<onclick>Dialog.Close(1115)</onclick>
					<onclick>RunScript(script.videoextras,display,"$INFO[ListItem.FilenameAndPath]")</onclick>
					<visible>System.HasAddon(script.videoextras) + !Container.Content(Seasons)</visible>
				</item>
			</content>
		</control>
	</controls>
</window>
