<?xml version="1.0" encoding="UTF-8"?>
<window>
	<defaultcontrol always="true">5</defaultcontrol>
	<coordinates>
		<posx>352</posx>
		<posy>52</posy>
	</coordinates>
	<include>dialogeffect</include>
	<controls>
		<control type="image">
			<description>background image</description>
			<posx>0</posx>
			<posy>0</posy>
			<width>1215</width>
			<height>975</height>
			<texture border="50">dialog.png</texture>
		</control>
		<control type="button">
			<posx>900</posx>
			<posy>52</posy>
			<width>30</width>
			<height>30</height>
			<texturefocus>close-window-focus.png</texturefocus>
			<texturenofocus>close-window-nofocus.png</texturenofocus>
			<onclick>PreviousMenu</onclick>
			<visible>Skin.HasSetting(TouchScreenMode)</visible>
		</control>
		<control type="label" id="1">
			<description>heading label</description>
			<posx>68</posx>
			<posy>60</posy>
			<width>1065</width>
			<height>45</height>
			<align>center</align>
			<aligny>center</aligny>
			<font>font-30</font>
			<label>10004</label>
			<textcolor>blue</textcolor>
		</control>
		<control type="image">
			<posx>68</posx>
			<posy>117</posy>
			<width>1065</width>
			<height>3</height>
			<texture>separator.png</texture>
		</control>
		<control type="grouplist" id="5">
			<posx>68</posx>
			<posy>135</posy>
			<width>1065</width>
			<height>662</height>
			<pagecontrol>60</pagecontrol>
			<onleft>9000</onleft>
			<onright>60</onright>
			<onup>9000</onup>
			<ondown>9000</ondown>
		</control>
		<control type="button" id="7">
			<description>Default Button</description>
			<posx>0</posx>
			<posy>0</posy>
			<height>52</height>
			<font>font-20</font>
			<textcolor>white</textcolor>
			<focusedcolor>white</focusedcolor>
			<texturefocus border="7">list-focus.png</texturefocus>
			<texturenofocus border="7">list-nofocus.png</texturenofocus>
		</control>
		<control type="radiobutton" id="8">
			<description>Default RadioButton</description>
			<posx>0</posx>
			<posy>0</posy>
			<height>52</height>
			<font>font-20</font>
			<textcolor>white</textcolor>
			<focusedcolor>white</focusedcolor>
			<texturefocus border="7">list-focus.png</texturefocus>
			<texturenofocus border="7">list-nofocus.png</texturenofocus>
		</control>
		<control type="spincontrolex" id="9">
			<description>Default SpinControlex</description>
			<posx>0</posx>
			<posy>0</posy>
			<height>52</height>
			<font>font-20</font>
			<textcolor>white</textcolor>
			<focusedcolor>white</focusedcolor>
			<texturefocus border="7">list-focus.png</texturefocus>
			<texturenofocus border="7">list-nofocus.png</texturenofocus>
			<aligny>center</aligny>
			<reverse>yes</reverse>
		</control>
		<control type="sliderex" id="13">
			<description>Default Sliderex</description>
			<height>52</height>
			<font>font-20</font>
			<textcolor>white</textcolor>
			<focusedcolor>white</focusedcolor>
			<texturefocus border="7">list-focus.png</texturefocus>
			<texturenofocus border="7">list-nofocus.png</texturenofocus>
		</control>
		<control type="scrollbar" id="60">
			<posx>1143</posx>
			<posy>130</posy>
			<width>30</width>
			<height>669</height>
			<texturesliderbackground border="0,10,0,10">scrollbar-back.png</texturesliderbackground>
			<texturesliderbar border="0,10,0,10">scrollbar-front-nofocus.png</texturesliderbar>
			<texturesliderbarfocus border="0,10,0,10">scrollbar-front.png</texturesliderbarfocus>
			<textureslidernib>scrollbar-nib-nofocus.png</textureslidernib>
			<textureslidernibfocus>scrollbar-nib.png</textureslidernibfocus>
			<onleft>5</onleft>
			<onright>9000</onright>
			<ondown>60</ondown>
			<onup>60</onup>
			<showonepage>false</showonepage>
			<orientation>vertical</orientation>
		</control>
		<control type="group" id="9000">
			<posx>158</posx>
			<control type="button" id="28">
				<description>OK button</description>
				<posx>0</posx>
				<posy>855</posy>
				<width>300</width>
				<height>52</height>
				<label>186</label>
				<font>font-23</font>
				<textcolor>lightgrey</textcolor>
				<focusedcolor>white</focusedcolor>
				<align>center</align>
				<texturefocus border="7">button-nofocus.png</texturefocus>
				<texturenofocus border="7">button-nofocus.png</texturenofocus>
				<onleft>50</onleft>
				<onright>29</onright>
				<onup>5</onup>
				<ondown>5</ondown>
			</control>
			<control type="button" id="29">
				<description>Cancel button</description>
				<posx>300</posx>
				<posy>855</posy>
				<width>300</width>
				<height>52</height>
				<label>222</label>
				<font>font-23</font>
				<textcolor>lightgrey</textcolor>
				<focusedcolor>white</focusedcolor>
				<align>center</align>
				<texturefocus border="7">button-nofocus.png</texturefocus>
				<texturenofocus border="7">button-nofocus.png</texturenofocus>
				<onleft>28</onleft>
				<onright>50</onright>
				<onup>5</onup>
				<ondown>5</ondown>
			</control>
			<control type="button" id="50">
				<description>Defaults button</description>
				<posx>600</posx>
				<posy>855</posy>
				<width>300</width>
				<height>52</height>
				<label>409</label>
				<font>font-23</font>
				<textcolor>lightgrey</textcolor>
				<focusedcolor>white</focusedcolor>
				<align>center</align>
				<texturefocus border="7">button-nofocus.png</texturefocus>
				<texturenofocus border="7">button-nofocus.png</texturenofocus>
				<onleft>29</onleft>
				<onright>28</onright>
				<onup>5</onup>
				<ondown>5</ondown>
			</control>
		</control>
		<control type="image">
			<posx>158</posx>
			<posy>855</posy>
			<width>300</width>
			<height>52</height>
			<texture border="7">button-focus.png</texture>
			<animation effect="slide" start="0,0" end="300,0" time="200" condition="Control.HasFocus(29)">Conditional</animation>
			<animation effect="slide" start="0,0" end="600,0" time="200" condition="Control.HasFocus(50)">Conditional</animation>
			<visible>Control.HasFocus(28) | Control.HasFocus(29) | Control.HasFocus(50)</visible>
		</control>
	</controls>
</window>
