<?xml version="1.0" encoding="UTF-8"?>
<window>
	<defaultcontrol always="true">3</defaultcontrol>
	<zorder>1</zorder>
	<coordinates>
		<posx>502</posx>
		<posy>100</posy>
	</coordinates>
	<controls>
		<control type="image">
			<description>background image</description>
			<posx>0</posx>
			<posy>0</posy>
			<width>900</width>
			<height>800</height>
			<texture background="true" colordiffuse="grey_50">dialogs/white.png</texture>
			<bordertexture colordiffuse="grey">dialogs/white.png</bordertexture>
			<bordersize>2</bordersize>
		</control>
		<control type="label" id="1">
			<description>heading label</description>
			<posx>60</posx>
			<posy>10</posy>
			<width>765</width>
			<height>45</height>
			<align>center</align>
			<aligny>center</aligny>
			<font>font-30</font>
			<label>-</label>
			<textcolor>white</textcolor>
		</control>

		<control type="list" id="3">
			<posx>68</posx>
			<posy>70</posy>
			<width>750</width>
			<height>640</height>
			<onup>3</onup>
			<ondown>3</ondown>
			<onleft>5</onleft>
			<onright>61</onright>
			<pagecontrol>61</pagecontrol>
			<scrolltime>200</scrolltime>
			<itemlayout width="750" height="44">
				<control type="label">
					<posx>15</posx>
					<posy>0</posy>
					<width>720</width>
					<height>45</height>
					<font>font-20</font>
					<align>right</align>
					<aligny>center</aligny>
					<textcolor>lightgrey</textcolor>
					<selectedcolor>$VAR[main_color]</selectedcolor>
					<label>$INFO[ListItem.Label]</label>
				</control>
			</itemlayout>
			<focusedlayout width="750" height="44">
				<control type="image">
					<posx>0</posx>
					<posy>0</posy>
					<width>750</width>
					<height>45</height>
					<visible>Control.HasFocus(3)</visible>
					<texture background="true">main/main_focus.png</texture>
				</control>
				<control type="label">
					<posx>15</posx>
					<posy>0</posy>
					<width>720</width>
					<height>45</height>
					<font>font-20</font>
					<align>right</align>
					<aligny>center</aligny>
					<textcolor>grey</textcolor>
					<selectedcolor>$VAR[main_color]</selectedcolor>
					<label>$INFO[ListItem.Label]</label>
				</control>
			</focusedlayout>
		</control>
		<control type="list" id="6">
			<posx>68</posx>
			<posy>70</posy>
			<width>750</width>
			<height>640</height>
			<onup>6</onup>
			<ondown>6</ondown>
			<onleft>5</onleft>
			<onright>61</onright>
			<pagecontrol>61</pagecontrol>
			<scrolltime>200</scrolltime>
			<itemlayout width="750" height="88">

				<control type="image">
					<posx>15</posx>
					<posy>8</posy>
					<width>75</width>
					<height>75</height>
					<texture>$INFO[ListItem.Icon]</texture>
					<aspectratio>keep</aspectratio>
				</control>
				<control type="label">
					<posx>105</posx>
					<posy>6</posy>
					<width>630</width>
					<height>45</height>
					<font>font-20</font>
					<align>right</align>
					<aligny>center</aligny>
					<selectedcolor>grey</selectedcolor>
					<label>$INFO[ListItem.Label]</label>
				</control>
				<control type="label">
					<posx>120</posx>
					<posy>39</posy>
					<width>615</width>
					<height>45</height>
					<font>font-20</font>
					<align>right</align>
					<aligny>center</aligny>
					<selectedcolor>grey</selectedcolor>
					<label>$INFO[ListItem.Property(Addon.Summary)]</label>
				</control>
			</itemlayout>
			<focusedlayout width="750" height="88">

				<control type="image">
					<posx>0</posx>
					<posy>0</posy>
					<width>750</width>
					<height>90</height>
					<visible>Control.HasFocus(6)</visible>
					<texture background="true">main/main_focus.png</texture>
				</control>
				<control type="image">
					<posx>15</posx>
					<posy>8</posy>
					<width>75</width>
					<height>75</height>
					<texture>$INFO[ListItem.Icon]</texture>
					<aspectratio>keep</aspectratio>
				</control>
				<control type="label">
					<posx>105</posx>
					<posy>6</posy>
					<width>630</width>
					<height>45</height>
					<font>font-20</font>
					<align>right</align>
					<aligny>center</aligny>
					<textcolor>$VAR[main_color]</textcolor>
					<selectedcolor>$VAR[main_color]</selectedcolor>
					<label>$INFO[ListItem.Label]</label>
				</control>
				<control type="label">
					<posx>120</posx>
					<posy>39</posy>
					<width>615</width>
					<height>45</height>
					<font>font-20</font>
					<align>right</align>
					<aligny>center</aligny>
					<textcolor>$VAR[main_color]</textcolor>
					<selectedcolor>$VAR[main_color]</selectedcolor>
					<label>$INFO[ListItem.Property(Addon.Summary)]</label>
				</control>
			</focusedlayout>
		</control>
		<control type="scrollbar" id="61">
			<posx>840</posx>
			<posy>75</posy>
			<width>10</width>
			<height>620</height>
			<include>scroll_bar</include>
			<onleft>3</onleft>
			<onright>5</onright>
			<ondown>61</ondown>
			<onup>61</onup>
			<showonepage>false</showonepage>
			<orientation>vertical</orientation>
			<visible>Control.IsVisible(3) | Control.IsVisible(6)</visible>
		</control>

		<control type="button" id="5">
			<description>Get more button</description>
			<posx>250</posx>
			<posy>735</posy>
			<width>400</width>
			<height>50</height>
			<label>-</label>
			<font>font-23</font>
			<align>center</align>
			<onleft>61</onleft>
			<onright>61</onright>
			<onup>6</onup>
			<ondown>6</ondown>
		</control>
	</controls>
</window>
