<?xml version="1.0" encoding="UTF-8"?>
<window>
	<defaultcontrol>450</defaultcontrol>
	<include>dialogeffect</include>
	<coordinates>
		<posx>472</posx>
		<posy>370</posy>
	</coordinates>
	<controls>
		<control type="image">
			<description>background image</description>
			<posx>0</posx>
			<posy>0</posy>
			<width>975</width>
			<height>338</height>
			<texture border="50">dialog.png</texture>
		</control>
		<control type="button">
			<posx>885</posx>
			<posy>57</posy>
			<width>30</width>
			<height>30</height>
			<texturefocus>close-window-focus.png</texturefocus>
			<texturenofocus>close-window-nofocus.png</texturenofocus>
			<onclick>Dialog.Close(filestackingdialog)</onclick>
			<visible>Skin.HasSetting(TouchScreenMode)</visible>
		</control>
		<control type="label">
			<description>heading label</description>
			<posx>60</posx>
			<posy>60</posy>
			<width>855</width>
			<height>45</height>
			<align>center</align>
			<aligny>center</aligny>
			<font>font-30</font>
			<label>$INFO[ListItem.Label]</label>
			<textcolor>blue</textcolor>
		</control>
		<control type="image">
			<posx>60</posx>
			<posy>120</posy>
			<width>855</width>
			<height>3</height>
			<texture>separator.png</texture>
		</control>
		<control type="label">
			<posx>60</posx>
			<posy>128</posy>
			<width>855</width>
			<height>45</height>
			<align>center</align>
			<aligny>center</aligny>
			<font>font-19</font>
			<label>31060</label>
			<textcolor>lightgrey</textcolor>
		</control>
		<control type="image">
			<posx>75</posx>
			<posy>180</posy>
			<width>38</width>
			<height>45</height>
			<texture>scroll-left-focus.png</texture>
			<visible>Container(450).HasPrevious</visible>
		</control>
		<control type="image">
			<posx>862</posx>
			<posy>180</posy>
			<width>38</width>
			<height>45</height>
			<texture>scroll-right-focus.png</texture>
			<visible>Container(450).HasNext</visible>
		</control>
		<control type="list" id="450">
			<posx>128</posx>
			<posy>180</posy>
			<width>720</width>
			<height>45</height>
			<onleft>450</onleft>
			<onright>450</onright>
			<onup>450</onup>
			<ondown>450</ondown>
			<orientation>horizontal</orientation>
			<viewtype label="535">list</viewtype>
			<scrolltime>200</scrolltime>
			<itemlayout width="60" height="45">
				<control type="image">
					<posx>0</posx>
					<posy>0</posy>
					<width>57</width>
					<height>45</height>
					<aspectratio>stretch</aspectratio>
					<texture>ProgressFront2.png</texture>
				</control>
			</itemlayout>
			<focusedlayout width="60" height="45">
				<control type="image">
					<posx>0</posx>
					<posy>0</posy>
					<width>57</width>
					<height>45</height>
					<aspectratio>stretch</aspectratio>
					<texture>ProgressFront.png</texture>
				</control>
			</focusedlayout>
		</control>
		<control type="label">
			<posx>60</posx>
			<posy>232</posy>
			<width>855</width>
			<height>33</height>
			<font>font-20</font>
			<align>center</align>
			<label>$INFO[Container(450).ListItem.Label]</label>
		</control>
	</controls>
</window>
