<?xml version="1.0" encoding="UTF-8"?>
<window>
	<defaultcontrol always="true">9</defaultcontrol>
	<controls>
		<control type="image">
			<posx>0</posx>
			<posy>0</posy>
			<width>1920</width>
			<height>1080</height>
			<texture>black.png</texture>
			<animation effect="fade" start="0" end="70" time="300">WindowOpen</animation>
			<animation effect="fade" start="70" end="0" time="300">WindowClose</animation>
		</control>
		<control type="image">
			<posx>300</posx>
			<posy>100</posy>
			<width>1320</width>
			<height>700</height>
		<texture background="true" colordiffuse="grey_50">dialogs/white.png</texture>
			<bordertexture colordiffuse="grey">dialogs/white.png</bordertexture>
			<bordersize>2</bordersize>
			</control>
		<control type="group">
			<include>dialogeffect4</include>
			<posy>100</posy>
			<control type="label">
				<description>Title value</description>
				<posx>60</posx>
				<posy>68</posy>
				<width>1800</width>
				<height>45</height>
				<align>center</align>
				<aligny>center</aligny>
				<textcolor>white</textcolor>
				<label>$LOCALIZE[19142]</label>
				<font>font-40</font>
			</control>
			<control type="image">
				<posx>60</posx>
				<posy>126</posy>
				<width>1800</width>
				<height>3</height>
				<texture>white.png</texture>
			</control>
			<control type="label">
				<description>Search string</description>
				<posx>1700</posx>
				<posy>165</posy>
				<width>300</width>
				<height>38</height>
				<align>right</align>
				<aligny>center</aligny>
				<font>font-23</font>
				<textcolor>white</textcolor>
				<label>$LOCALIZE[19133]:</label>
			</control>
			<control type="edit" id="9">
				<description>Search string</description>
				<posx>210</posx>
				<posy>210</posy>
				<width>1500</width>
				<height>45</height>
				<font>font-20</font>
				<textcolor>grey_b</textcolor>
				<focusedcolor>white</focusedcolor>
				<texturefocus colordiffuse="grey_a">white.png</texturefocus>
				<texturenofocus colordiffuse="grey_a">white.png</texturenofocus>
				<align>left</align>
				<onleft>25</onleft>
				<onright>26</onright>
				<onup>26</onup>
				<ondown>10</ondown>
			</control>
			<control type="textbox">
				<description>Search help</description>
				<posx>210</posx>
				<posy>278</posy>
				<width>1500</width>
				<height>150</height>
				<align>center</align>
				<font>font-19</font>
				<textcolor>lightgrey</textcolor>
				<label>$LOCALIZE[19001] $LOCALIZE[19002]</label>
			</control>
			<control type="group">
				<posy>22</posy>
				<control type="radiobutton" id="10">
					<description>Include Description</description>
					<posx>210</posx>
					<posy>360</posy>
					<height>45</height>
					<width>675</width>
					<font>font-20</font>
					<textcolor>white</textcolor>
					<focusedcolor>white</focusedcolor>
					<texturefocus colordiffuse="grey">white.png</texturefocus>
					<texturenofocus colordiffuse="grey">-</texturenofocus>
					<align>left</align>
					<aligny>center</aligny>
					<label>19134</label>
					<onleft>12</onleft>
					<onright>12</onright>
					<onup>9</onup>
					<ondown>11</ondown>
				</control>
				<control type="radiobutton" id="11">
					<description>No repeat</description>
					<posx>210</posx>
					<posy>405</posy>
					<height>45</height>
					<width>675</width>
					<font>font-20</font>
					<textcolor>white</textcolor>
					<focusedcolor>white</focusedcolor>
					<texturefocus colordiffuse="grey">white.png</texturefocus>
					<texturenofocus colordiffuse="grey">-</texturenofocus>
					<align>left</align>
					<aligny>center</aligny>
					<label>19135</label>
					<onleft>13</onleft>
					<onright>13</onright>
					<onup>10</onup>
					<ondown>14</ondown>
				</control>
				<control type="spincontrolex" id="12">
					<description>Min Duration</description>
					<posx>1035</posx>
					<posy>360</posy>
					<width>675</width>
					<height>45</height>
					<font>font-20</font>
					<texturefocus colordiffuse="grey">white.png</texturefocus>
					<texturenofocus colordiffuse="grey">-</texturenofocus>
					<label>19130</label>
					<onright>10</onright>
					<onleft>10</onleft>
					<onup>9</onup>
					<ondown>13</ondown>
				</control>
				<control type="spincontrolex" id="13">
					<description>Max Duration</description>
					<posx>1035</posx>
					<posy>405</posy>
					<width>675</width>
					<height>45</height>
					<font>font-20</font>
					<texturefocus colordiffuse="grey">white.png</texturefocus>
					<texturenofocus colordiffuse="grey">-</texturenofocus>
					<label>19131</label>
					<onright>11</onright>
					<onleft>11</onleft>
					<onup>12</onup>
					<ondown>16</ondown>
				</control>
				<control type="edit" id="14">
					<description>Start Date</description>
					<posx>210</posx>
					<posy>450</posy>
					<width>675</width>
					<height>45</height>
					<font>font-20</font>
					<textcolor>white</textcolor>
					<focusedcolor>white</focusedcolor>
					
					<texturefocus colordiffuse="grey">white.png</texturefocus>
					<texturenofocus colordiffuse="grey">-</texturenofocus>
					<label>19128</label>
					<onright>16</onright>
					<onleft>16</onleft>
					<onup>11</onup>
					<ondown>15</ondown>
				</control>
				<control type="edit" id="15">
					<description>Stop Date</description>
					<posx>210</posx>
					<posy>495</posy>
					<width>675</width>
					<height>45</height>
					<font>font-20</font>
					<textcolor>white</textcolor>
					<focusedcolor>white</focusedcolor>
					
					<texturefocus colordiffuse="grey">white.png</texturefocus>
					<texturenofocus colordiffuse="grey">-</texturenofocus>
					<label>19129</label>
					<onright>17</onright>
					<onleft>17</onleft>
					<onup>14</onup>
					<ondown>18</ondown>
				</control>
				<control type="edit" id="16">
					<description>Start time</description>
					<posx>1035</posx>
					<posy>450</posy>
					<width>675</width>
					<height>45</height>
					<font>font-20</font>
					<textcolor>white</textcolor>
					<focusedcolor>white</focusedcolor>
					
					<texturefocus colordiffuse="grey">white.png</texturefocus>
					<texturenofocus colordiffuse="grey">-</texturenofocus>
					<label>19126</label>
					<onright>14</onright>
					<onleft>14</onleft>
					<onup>13</onup>
					<ondown>17</ondown>
				</control>
				<control type="edit" id="17">
					<description>Stop time</description>
					<posx>1035</posx>
					<posy>495</posy>
					<width>675</width>
					<height>45</height>
					<font>font-20</font>
					<textcolor>white</textcolor>
					<focusedcolor>white</focusedcolor>
					
					<texturefocus colordiffuse="grey">white.png</texturefocus>
					<texturenofocus colordiffuse="grey">-</texturenofocus>
					<label>19127</label>
					<onright>15</onright>
					<onleft>15</onleft>
					<onup>16</onup>
					<ondown>19</ondown>
				</control>
				<control type="spincontrolex" id="18">
					<description>Genre</description>
					<posx>210</posx>
					<posy>540</posy>
					<width>675</width>
					<height>45</height>
					<font>font-20</font>
					<texturefocus colordiffuse="grey">white.png</texturefocus>
					<texturenofocus colordiffuse="grey">-</texturenofocus>
					<label>515</label>
					<onright>19</onright>
					<onleft>19</onleft>
					<onup>15</onup>
					<ondown>20</ondown>
				</control>
				<control type="radiobutton" id="19">
					<description>avoid repeats</description>
					<posx>1035</posx>
					<posy>540</posy>
					<width>675</width>
					<height>45</height>
					<font>font-20</font>
					<textcolor>white</textcolor>
					<focusedcolor>white</focusedcolor>
					
					<align>left</align>
					<aligny>center</aligny>
					<texturefocus colordiffuse="grey">white.png</texturefocus>
					<texturenofocus colordiffuse="grey">-</texturenofocus>
					<pulseonselect>no</pulseonselect>
					<label>19121</label>
					<onright>18</onright>
					<onleft>18</onleft>
					<onup>17</onup>
					<ondown>21</ondown>
				</control>
				<control type="radiobutton" id="20">
					<description>Include unknown Genres</description>
					<posx>210</posx>
					<posy>585</posy>
					<height>45</height>
					<width>675</width>
					<font>font-20</font>
					<textcolor>white</textcolor>
					<focusedcolor>white</focusedcolor>
					<align>left</align>
					<aligny>center</aligny>
					<texturefocus colordiffuse="grey">white.png</texturefocus>
					<texturenofocus colordiffuse="grey">-</texturenofocus>
					<pulseonselect>no</pulseonselect>
					<label>19132</label>
					<onleft>21</onleft>
					<onright>21</onright>
					<onup>18</onup>
					<ondown>22</ondown>
				</control>
				<control type="spincontrolex" id="21">
					<description>Groups</description>
					<posx>1035</posx>
					<posy>585</posy>
					<width>675</width>
					<height>45</height>
					<font>font-20</font>
					<texturefocus colordiffuse="grey">white.png</texturefocus>
					<texturenofocus colordiffuse="grey">-</texturenofocus>
					<label>19141</label>
					<onright>20</onright>
					<onleft>20</onleft>
					<onup>19</onup>
					<ondown>23</ondown>
				</control>
				<control type="radiobutton" id="22">
					<description>FTA only</description>
					<posx>210</posx>
					<posy>630</posy>
					<height>45</height>
					<width>675</width>
					<font>font-20</font>
					<textcolor>white</textcolor>
					<focusedcolor>white</focusedcolor>
					
					<align>left</align>
					<aligny>center</aligny>
					<texturefocus colordiffuse="grey">white.png</texturefocus>
					<texturenofocus colordiffuse="grey">-</texturenofocus>
					<pulseonselect>no</pulseonselect>
					<label>19123</label>
					<onleft>23</onleft>
					<onright>23</onright>
					<onup>20</onup>
					<ondown>24</ondown>
				</control>
				<control type="spincontrolex" id="23">
					<description>Channels</description>
					<posx>1035</posx>
					<posy>630</posy>
					<width>675</width>
					<height>45</height>
					<font>font-20</font>
					<texturefocus colordiffuse="grey">white.png</texturefocus>
					<texturenofocus colordiffuse="grey">-</texturenofocus>
					<label>19148</label>
					<onleft>22</onleft>
					<onright>22</onright>
					<onup>21</onup>
					<ondown>27</ondown>
				</control>
				<control type="radiobutton" id="24">
					<description>Ignore Timers</description>
					<posx>210</posx>
					<posy>675</posy>
					<height>45</height>
					<width>675</width>
					<font>font-20</font>
					<textcolor>white</textcolor>
					<focusedcolor>white</focusedcolor>
					<align>left</align>
					<aligny>center</aligny>
					<texturefocus colordiffuse="grey">white.png</texturefocus>
					<texturenofocus colordiffuse="grey">-</texturenofocus>
					<pulseonselect>no</pulseonselect>
					<label>19124</label>
					<onleft>27</onleft>
					<onright>27</onright>
					<onup>22</onup>
					<ondown>26</ondown>
				</control>
				<control type="radiobutton" id="27">
					<description>Ignore Recordings</description>
					<posx>1035</posx>
					<posy>675</posy>
					<height>45</height>
					<width>675</width>
					<font>font-20</font>
					<textcolor>white</textcolor>
					<focusedcolor>white</focusedcolor>	
					<align>left</align>
					<aligny>center</aligny>
					<texturefocus colordiffuse="grey">white.png</texturefocus>
					<texturenofocus colordiffuse="grey">-</texturenofocus>
					<pulseonselect>no</pulseonselect>
					<label>19125</label>
					<onleft>24</onleft>
					<onright>24</onright>
					<onup>23</onup>
					<ondown>26</ondown>
				</control>
			</control>
			<control type="image">
				<posx>60</posx>
				<posy>820</posy>
				<width>1800</width>
				<height>3</height>
				<texture>white.png</texture>
			</control>
			<control type="grouplist" id="9000">
				<posy>900</posy>
				<posx>510</posx>
				<width>1000</width>
				<height>80</height>
				<itemgap>20</itemgap>
				<orientation>horizontal</orientation>
				<onleft>9000</onleft>
					<onright>9000</onright>
					<onup>27</onup>
					<ondown>9</ondown>
				<control type="button" id="28">
					<description>Defaults button</description>
					<posx>510</posx>
					<posy>0</posy>
					<label>409</label>
					<include>button_dialogs</include>

				</control>
				<control type="button" id="25">
					<description>Cancel button</description>
					<posx>810</posx>
					<posy>0</posy>
					<label>222</label>
					<include>button_dialogs</include>

				</control>
				<control type="button" id="26">
					<description>Search button</description>

					<label>137</label>
					<include>button_dialogs</include>

				</control>
			</control>
		</control>
	</controls>
</window>
