<?xml version="1.0" encoding="UTF-8"?>
<window type="dialog">
	<zorder>1</zorder>
	<!-- <onload condition="Skin.HasSetting(TvTunes) + !SubString(Window(Videos).Property(CinemaExperienceRunning),True)">RunScript(script.tvtunes,backend=True)</onload>-->
	<defaultcontrol always="true">8</defaultcontrol>
	<allowoverlay>no</allowoverlay>
	
	<coordinates>
		<posx>0</posx>
		<posy>0</posy>
	</coordinates>
	<controls>
		
		<control type="image">
			<posx>0</posx>
			<posy>80</posy>
			<width>1388</width>
			<height>780</height>
			<texture colordiffuse="grey_50">dialogs/white.png</texture>
			<animation effect="fade" start="0" end="90" time="300">WindowOpen</animation>
			<animation effect="fade" start="70" end="0" time="300">WindowClose</animation>
			<!--<animation effect="fade" start="100" end="0" time="300" condition="StringCompare(Window.Property(script.metadata.actors.isactive),1)">Conditional</animation>-->
		</control>
		<control type="image">
			<posx>1388</posx>
			<posy>80</posy>
			<width>532</width>
			<height>1000</height>
			<texture>dialogs/black.png</texture>
			<animation effect="fade" start="0" end="80" time="400">WindowOpen</animation>
			<animation effect="fade" start="80" end="0" time="400">WindowClose</animation>
		</control>


		<control type="grouplist">
			<posy>100</posy>
			<posx>70</posx>
			<align>left</align>
			<width>1248</width>
			<height>80</height>
			<itemgap>40</itemgap>
			<orientation>horizontal</orientation>
			<animation effect="slide" start="0,-200" end="0,0" delay="300" tween="sine" easing="out" time="300">WindowOpen</animation>
			<animation effect="slide" start="0,0" end="0,-200" tween="sine" time="300">WindowClose</animation>
			<control type="label" id="212">
				<description>Title value</description>
				<height>80</height>
				<width>604</width>
				<textcolor>white</textcolor>
				<align>left</align>
				<label>$INFO[ListItem.OriginalTitle]</label>
				<font>font-32</font>
				<visible>!StringCompare(ListItem.OriginalTitle,ListItem.Title) + !IsEmpty(ListItem.OriginalTitle)</visible>
				<scroll>true</scroll>
				<scrollspeed>35</scrollspeed>
			</control>
			<control type="label">
				<description>Title value</description>
				<height>80</height>
				<include condition="!StringCompare(ListItem.OriginalTitle,ListItem.Title) + !IsEmpty(ListItem.OriginalTitle)">videoinfo_title_short</include>
				<include condition="StringCompare(ListItem.OriginalTitle,ListItem.Title) | IsEmpty(ListItem.OriginalTitle)">videoinfo_title_long</include>
				<textcolor>white</textcolor>
				<align>right</align>
				<label>$INFO[ListItem.Title]</label>
				<font>font-32</font>
				<scroll>true</scroll>
				<scrollspeed>30</scrollspeed>
			</control>
		</control>

		<control type="image">
			<posx>0</posx>
			<posy>165</posy>
			<width>1388</width>
			<height>2</height>
			<texture>dialogs/white.png</texture>
			<animation effect="slide" start="-1400,0" end="0,0" tween="sine" easing="out" time="300">WindowOpen</animation>
			<animation effect="slide" start="0,0" end="-1400,0" tween="sine" delay="200" time="300">WindowClose</animation>
		</control>

		<control type="textbox">
			<animation effect="slide" start="-1800,0" end="0,0" delay="200" tween="sine" time="300">WindowOpen</animation>
			<animation effect="slide" start="0,0" end="-1800,0" tween="sine" time="400">WindowClose</animation>
			<description>Plot Value for Movies</description>
			<posx>20</posx>
			<posy>170</posy><!--870-->
			<width>1100</width>
			<height>385</height>
			<font>font-22</font>
			<align>right</align>
			<textcolor>grey_b</textcolor>
			<label>$VAR[ViewFanartText]</label>
			<pagecontrol>61</pagecontrol>
			<autoscroll time="3000" delay="45000" repeat="15000">!Control.HasFocus(61) + Skin.HasSetting(AutoScroll)</autoscroll>
		</control>
		<control type="scrollbar" id="61">
			<animation effect="slide" start="-1800,0" end="0,0" delay="200" tween="sine" time="300">WindowOpen</animation>
			<animation effect="slide" start="0,0" end="-1800,0" tween="sine" time="400">WindowClose</animation>
			<description>scroll for plot button</description>
			<posx>1140</posx>
			<posy>180</posy>
			<width>10</width>
			<height>368</height>
			<include>scroll_bar</include>
			<onleft>9000</onleft>
			<onright>9000</onright>
			<ondown>50</ondown>
			<onup>50</onup>
			<showonepage>false</showonepage>
		</control>
		<control type="image">
			<posx>0</posx>
			<posy>560</posy>
			<width>1388</width>
			<height>2</height>
			<texture>dialogs/white.png</texture>
			<animation effect="slide" start="-1400,0" end="0,0" tween="sine" easing="out" time="300">WindowOpen</animation>
			<animation effect="slide" start="0,0" end="-1400,0" delay="200" tween="sine" time="300">WindowClose</animation>
		</control>


		<control type="grouplist">
			<animation effect="slide" start="-1800,0" end="0,0" delay="200" tween="sine" time="300">WindowOpen</animation>
			<animation effect="slide" start="0,0" end="-1800,0" tween="sine" time="400">WindowClose</animation>
			<posx>0</posx>
			<posy>560</posy>
			<usecontrolcoords>true</usecontrolcoords>
			<width>1120</width>
			<height>300</height>
			<itemgap>26</itemgap>
			<orientation>vertical</orientation>
			<control type="group">
				<visible>!IsEmpty(ListItem.Director)</visible>	
				<control type="label">
					<posx>1120</posx>
					<posy>0</posy>
					<height>40</height>
					<width>120</width>
					<textcolor>grey_b</textcolor>
					<align>right</align>
					<label>$LOCALIZE[20339]:</label>
					<font>font-20c</font>
				</control>
				<control type="label">
					<posx>1000</posx>
					<posy>4</posy>
					<height>40</height>
					<width>1000</width>
					<textcolor>grey_a</textcolor>
					<align>right</align>
					<label>$INFO[ListItem.Director]</label>
					<font>font-18</font>
				</control>
			</control>


			<control type="group">
				<visible>!IsEmpty(ListItem.Writer)</visible>	
				<control type="label">
					<posx>1120</posx>
					<posy>0</posy>
					<height>40</height>
					<width>120</width>
					<textcolor>grey_b</textcolor>
					<align>right</align>
					<label>$LOCALIZE[20417]:</label>
					<font>font-20c</font>
				</control>
				<control type="label">
					<posx>1000</posx>
					<posy>4</posy>
					<height>40</height>
					<width>1000</width>
					<textcolor>grey_a</textcolor>
					<align>right</align>
					<label>$INFO[ListItem.Writer]</label>
					<font>font-18</font>
				</control>
			</control>


			<control type="group">
				<visible>!IsEmpty(ListItem.Studio)</visible>	
				<control type="label">
					<posx>1120</posx>
					<posy>0</posy>
					<height>40</height>
					<width>120</width>
					<textcolor>grey_b</textcolor>
					<align>right</align>
					<label>$LOCALIZE[572]:</label>
					<font>font-20c</font>
				</control>
				<control type="label">
					<posx>1010</posx>
					<posy>4</posy>
					<height>40</height>
					<width>990</width>
					<textcolor>grey_a</textcolor>
					<align>right</align>
					<label>$INFO[ListItem.Studio]</label>
					<scroll>true</scroll>
					<scrollspeed>35</scrollspeed>
					<font>font-18</font>
				</control>
			</control>

			<control type="group">
				<visible>!IsEmpty(ListItem.Country)</visible>	
				<control type="label">
					<posx>1120</posx>
					<posy>0</posy>
					<height>40</height>
					<width>120</width>
					<textcolor>grey_b</textcolor>
					<align>right</align>
					<label>$LOCALIZE[574]:</label>
					<font>font-20c</font>
				</control>
				<control type="label">
					<posx>1010</posx>
					<posy>4</posy>
					<height>40</height>
					<width>990</width>
					<textcolor>grey_a</textcolor>
					<align>right</align>
					<label>$INFO[ListItem.Country]</label>
					<font>font-18</font>
				</control>
			</control>

			<control type="group">
				<visible>!IsEmpty(ListItem.RatingAndVotes)</visible>	
				<control type="label">
					<posx>1120</posx>
					<posy>0</posy>
					<height>40</height>
					<width>120</width>
					<textcolor>grey_b</textcolor>
					<align>right</align>
					<label>$LOCALIZE[563]:</label>
					<font>font-20c</font>
				</control>
				<control type="label">
					<posx>1010</posx>
					<posy>4</posy>
					<height>40</height>
					<width>990</width>
					<textcolor>grey_a</textcolor>
					<align>right</align>
					<label>$INFO[ListItem.RatingAndVotes]</label>
					<font>font-18</font>
				</control>
			</control>
			<control type="group">
				<visible>!IsEmpty(ListItem.PlayCount)</visible>	
				<control type="label">
					<posx>1120</posx>
					<posy>0</posy>
					<height>40</height>
					<width>260</width>
					<textcolor>grey_b</textcolor>
					<align>right</align>
					<label>$LOCALIZE[567]:</label>
					<font>font-20c</font>
				</control>
				<control type="label">
					<posx>880</posx>
					<posy>4</posy>
					<height>40</height>
					<width>860</width>
					<textcolor>grey_a</textcolor>
					<align>right</align>
					<label>$INFO[ListItem.PlayCount]$INFO[ListItem.LastPlayed, ($LOCALIZE[568]: ,)]</label>
					<font>font-18</font>
				</control>
			</control>
			<control type="group">
				<visible>!IsEmpty(ListItem.TagLine)</visible>	
				<control type="label">
					<posx>1120</posx>
					<posy>0</posy>
					<height>40</height>
					<width>260</width>
					<textcolor>grey_b</textcolor>
					<align>right</align>
					<label>$LOCALIZE[202]:</label>
					<font>font-20c</font>
				</control>
				<control type="label">
					<posx>1010</posx>
					<posy>4</posy>
					<height>40</height>
					<width>990</width>
					<textcolor>grey_a</textcolor>
					<align>right</align>
					<label>$INFO[ListItem.TagLine]</label>
					<font>font-18</font>
					<scroll>true</scroll>
					<scrollspeed>35</scrollspeed>
				</control>
			</control>
			
			<control type="group">
				<visible>!IsEmpty(ListItem.Premiered)</visible>	
				<control type="label">
					<posx>1120</posx>
					<posy>0</posy>
					<height>40</height>
					<width>260</width>
					<textcolor>grey_b</textcolor>
					<align>right</align>
					<label>$LOCALIZE[20416]:</label>
					<font>font-20c</font>
				</control>
				<control type="label">
					<posx>920</posx>
					<posy>4</posy>
					<height>40</height>
					<width>860</width>
					<textcolor>grey_a</textcolor>
					<align>right</align>
					<label>$INFO[ListItem.Premiered]</label>
					<font>font-18</font>
				</control>
			</control>
			<control type="group">
				<visible>!IsEmpty(ListItem.Date) + IsEmpty(ListItem.Premiered)</visible>	
				<control type="label">
					<posx>1120</posx>
					<posy>0</posy>
					<height>40</height>
					<width>260</width>
					<textcolor>grey_b</textcolor>
					<align>right</align>
					<label>$LOCALIZE[552]:</label>
					<font>font-20c</font>
				</control>
				<control type="label">
					<posx>920</posx>
					<posy>4</posy>
					<height>40</height>
					<width>860</width>
					<textcolor>grey_a</textcolor>
					<align>right</align>
					<label>$INFO[ListItem.Date]</label>
					<font>font-18</font>
				</control>
			</control>
			<control type="group">
				<visible>!IsEmpty(ListItem.NextDate)</visible>	
				<control type="label">
					<posx>1120</posx>
					<posy>0</posy>
					<height>40</height>
					<width>260</width>
					<textcolor>grey_b</textcolor>
					<align>right</align>
					<label>$LOCALIZE[15311]:</label>
					<font>font-20c</font>
				</control>
				<control type="label">
					<posx>920</posx>
					<posy>4</posy>
					<height>40</height>
					<width>860</width>
					<textcolor>grey_a</textcolor>
					<align>right</align>
					<label>$INFO[ListItem.NextDate]</label>
					<font>font-18</font>
				</control>
			</control>
			<control type="group">
				<visible>!IsEmpty(ListItem.PlotOutline)</visible>	
				<control type="label">
					<posx>1120</posx>
					<posy>0</posy>
					<height>40</height>
					<width>260</width>
					<textcolor>grey_b</textcolor>
					<align>right</align>
					<label>$LOCALIZE[203]:</label>
					<font>font-20c</font>
				</control>
				<control type="textbox">
					<posx>20</posx>
					<posy>8</posy>
					<height>40</height>
					<width>920</width>
					<textcolor>grey_a</textcolor>
					<align>right</align>
					<label>$INFO[ListItem.PlotOutline]</label>
					<font>font-18</font>
					<autoscroll time="3000" delay="8000" repeat="5000">true</autoscroll>
				</control>
			</control>
			
			<control type="group">
				<visible>!IsEmpty(ListItem.Artist)</visible>	
				<control type="label">
					<posx>1120</posx>
					<posy>0</posy>
					<height>40</height>
					<width>260</width>
					<textcolor>grey_b</textcolor>
					<align>right</align>
					<label>$LOCALIZE[557]:</label>
					<font>font-20c</font>
				</control>
				<control type="label">
					<posx>1010</posx>
					<posy>4</posy>
					<height>40</height>
					<width>990</width>
					<textcolor>grey_a</textcolor>
					<align>right</align>
					<label>$INFO[ListItem.Artist]</label>
					<font>font-18</font>
				</control>
			</control>
			
			<control type="group">
				<visible>!IsEmpty(ListItem.Album)</visible>	
				<control type="label">
					<posx>1120</posx>
					<posy>0</posy>
					<height>40</height>
					<width>260</width>
					<textcolor>grey_b</textcolor>
					<align>right</align>
					<label>$LOCALIZE[558]:</label>
					<font>font-20c</font>
				</control>
				<control type="label">
					<posx>1010</posx>
					<posy>4</posy>
					<height>40</height>
					<width>990</width>
					<textcolor>grey_a</textcolor>
					<align>right</align>
					<label>$INFO[ListItem.Album]</label>
					<font>font-18</font>
				</control>
			</control>		
		</control>
	
		<control type="label">
			<animation effect="slide" start="-1800,0" end="0,0" delay="200" tween="sine" time="300">WindowOpen</animation>
			<animation effect="slide" start="0,0" end="-1800,0" tween="sine" time="400">WindowClose</animation>
			<posy>770</posy>
			<posx>15</posx>
			<height>30</height>
			<width>1120</width>
			<textcolor>grey_a</textcolor>
			<align>left</align>
			<aligny>center</aligny>
			<label>$INFO[ListItem.FileNameAndPath]</label>
			<!-- <label>TVSHOWID: $INFO[Window(home).Property(TVShowID)] VAR: $VAR[season_number] S: $INFO[ListItem.Season] S2: $INFO[Window(home).Property(SeasonNumber)] E: $INFO[ListItem.Episode] T: $INFO[ListItem.TVShowTitle] Ttl-s: $INFO[ListItem.Property(TotalSeasons)] id: $INFO[ListItem.Property(id)] dbid: $INFO[ListItem.DBID] dbid-type: $INFO[ListItem.DBTYPE]</label> -->
			<wrapmultiline>false</wrapmultiline>
			<scroll>true</scroll>
			<scrollspeed>35</scrollspeed>
			<font>font-16</font>
		</control>


		<!-- עלילה לסרטים -->

		<control type="grouplist" id="9000">		
			<posx>1160</posx>
			<posy>570</posy>
			<align>left</align>
			<width>213</width>
			<height>300</height>
			<itemgap>10</itemgap>
			<orientation>vertical</orientation>
			<onup>50</onup>
			<ondown>50</ondown>
			<onleft>61</onleft>
			<onright>9000</onright>
			<animation effect="slide" start="0,600" end="0,0" tween="sine" easing="out" time="300">WindowOpen</animation>
			<animation effect="slide" start="0,0" end="0,600" tween="sine" time="400">WindowClose</animation>
			<control type="togglebutton" id="8">
				<description>Play/browse to Show</description>
				<width>213</width>
				<height>35</height>
				<font>font-20</font>
				<align>center</align>
				<aligny>center</aligny>
				<label>208</label>
				<altlabel>1024</altlabel>
				<textcolor>grey_b</textcolor>
				<focusedcolor>darkgrey</focusedcolor>
				<usealttexture>Container.Content(TVShows)</usealttexture>
				<texturefocus colordiffuse="grey_b">dialogs/white.png</texturefocus>
				<texturenofocus>-</texturenofocus>
				<alttexturefocus colordiffuse="grey_b">dialogs/white.png</alttexturefocus>
				<alttexturenofocus>-</alttexturenofocus>

			</control>
			<control type="button" id="11">
				<width>213</width>
				<height>35</height>
				<label>20410</label>
				<visible>Container.Content(Movies) + !IsEmpty(Listitem.trailer)</visible>
			</control>
			<control type="button" id="6">
				<description>Refresh</description>
				<width>213</width>
				<height>35</height>
				<label>184</label>
			</control>
			<control type="button" id="1113">
				<description>Extras</description>
				<width>213</width>
				<height>35</height>
				<label>31216</label>
				<onclick condition="Container.Content(TVShows)">SetProperty(TVShowPath,$INFO[ListItem.FilenameAndPath],Home)</onclick>
				<onclick condition="[Container.Content(Movies) | Container.Content(TVShows) | Container.Content(Episodes)] + Control.IsVisible(50) + System.HasAddon(script.metadata.actors)">SetProperty(ActorName,$INFO[Container(50).Listitem.Label],Home)</onclick>
				<onclick condition="[Container.Content(Movies) | Container.Content(Episodes) | Container.Content(MusicVideos)] + System.HasAddon(script.metadata.actors)">SetProperty(DirectorName,$INFO[ListItem.Director],Home)</onclick>
				<onclick condition="[Container.Content(Movies) | Container.Content(Episodes)] + System.HasAddon(script.metadata.actors)">SetProperty(WriterName,$INFO[ListItem.Writer],Home)</onclick>
				<onclick>ActivateWindow(1115)</onclick>
			</control>
			<control type="button" id="195"> 
				<description>ExtendedInfo for Movies </description>
				<width>213</width>
				<height>35</height>
				<label>More Info</label>
				<label>184</label>
				<onclick>Dialog.Close(MovieInformation)</onclick>
				<onclick>RunScript(script.extendedinfo,info=extendedinfo,dbid=$INFO[ListItem.DBID],name=$INFO[ListItem.Title])</onclick>
				<visible>Container.Content(Movies) + IsEmpty(ListItem.Season) + IsEmpty(ListItem.TVShowTitle) + !Container.Content(Episodes)</visible>
			</control>
			<control type="button" id="196"> 
				<description>ExtendedInfo for TVShows </description>
				<width>213</width>
				<height>35</height>
				<label>TV Info</label>
				<label>184</label>
				<onclick>Dialog.Close(MovieInformation)</onclick>
				<onclick>RunScript(script.extendedinfo,info=extendedtvinfo,dbid=$INFO[ListItem.DBID],name=$INFO[ListItem.TVShowTitle])</onclick>
				<visible>Container.Content(TVShows) | !IsEmpty(ListItem.TVShowTitle)</visible>
				<visible>System.HasAddon(script.extendedinfo)</visible>
			</control>
			<control type="button" id="197"> 
				<description>ExtendedInfo for Seasons </description>
				<width>213</width>
				<height>35</height>
				<label>Season Info</label>
				<label>184</label>
				<onclick>Dialog.Close(MovieInformation)</onclick>
				<onclick>RunScript(script.extendedinfo,info=seasoninfo,tvshow=$INFO[ListItem.TVShowTitle],season=$VAR[season_number])</onclick>
				<visible>Container.Content(Seasons) | [[!IsEmpty(ListItem.Season) | !IsEmpty(Window(home).Property(SeasonNumber))]+ !IsEmpty(ListItem.TVShowTitle)]</visible>
				<visible>System.HasAddon(script.extendedinfo)</visible>
			</control>
		</control>

		<control type="list" id="50">
			<animation effect="slide" start="0,200" end="0,0" delay="300" tween="sine" easing="out" time="300">WindowOpen</animation>
			<animation effect="slide" start="0,0" end="0,200" tween="sine" time="300">WindowClose</animation>
			<animation effect="fade" start="100" end="80" time="0" condition="!Control.HasFocus(50)">Conditional</animation>
			<animation effect="slide" start="0,0" end="100,0" tween="sine" easing="out" time="300" condition="Container.Content(Episodes)">Conditional</animation>
			<posx>260</posx>
			<posy>855</posy><!--550-->
			<width>890</width>
			<height>250</height>
			<onleft>50</onleft>
			<onright>50</onright>
			<onup>9000</onup>
			<ondown>9000</ondown>
			<viewtype label="">list</viewtype>
			<!--<pagecontrol>61</pagecontrol>-->
			<scrolltime>200</scrolltime>
			<orientation>horizontal</orientation>
			<itemlayout width="180" height="236">
				<control type="image">
					<posx>5</posx>
					<posy>17</posy>
					<width>156</width>
					<height>200</height>
					<aspectratio>strech</aspectratio>
					<texture>$INFO[ListItem.Icon]</texture>
					<bordertexture colordiffuse="grey_a">dialogs/white.png</bordertexture>
					<bordersize>3</bordersize>
					<animation effect="fade" start="0" end="40" time="200" condition="true">Conditional</animation>
				</control>
				<control type="image">
					<posx>8</posx>
					<posy>175</posy>
					<width>150</width>
					<height>40</height>
					<texture>main/widget_title.png</texture>
				</control>	
				<control type="label">
					<posx>8</posx>
					<posy>172</posy>
					<description>Actor Name No-Focus</description>
					<height>40</height>
					<width>150</width>
					<textcolor>grey_a</textcolor>
					<align>center</align>
					<label>$INFO[ListItem.Label]</label>
					<font>font-20</font>
				</control>
			</itemlayout>
			<focusedlayout width="180" height="236">
				<control type="image">
					<posx>5</posx>
					<posy>17</posy>
					<width>156</width>
					<height>200</height>
					<aspectratio scalediffuse="false">strech</aspectratio>
					<texture>$INFO[ListItem.Icon]</texture>
					<bordertexture colordiffuse="$VAR[main_color]">dialogs/white.png</bordertexture>
					<bordersize>3</bordersize>
					<animation effect="fade" start="0" end="80" time="200" condition="true">Conditional</animation>
				</control>
				<control type="image">
					<posx>8</posx>
					<posy>175</posy>
					<width>150</width>
					<height>40</height>
					<texture>main/widget_title.png</texture>
				</control>	
				<control type="label">
					<posx>8</posx>
					<posy>172</posy>
					<description>Actor Name Focus</description>
					<height>40</height>
					<width>150</width>
					<textcolor>$VAR[main_color]</textcolor>
					<align>center</align>
					<scroll>true</scroll>
					<scrollspeed>50</scrollspeed>
					<label>$INFO[ListItem.Label]</label>
					<font>font-20</font>
				</control>
			</focusedlayout>
		</control>

		<include>flags_movies</include>
		<include>cdart_image_info</include>
		<control type="image">
			<description>Poster</description>
			<posx>1160</posx>
			<posy>180</posy>
			<width>213</width>
			<height>315</height>
			<aspectratio>scale</aspectratio>
			<texture background="true">$INFO[ListItem.Icon]</texture>
			<fadetime>300</fadetime>
			<visible>!StringCompare(ListItem.Label,..) + !Container.Content(Episodes)</visible>
			<animation effect="slide" start="0,584" end="0,0" tween="sine" easing="out" time="300">WindowOpen</animation>
			<animation effect="slide" start="0,0" end="0,584" tween="sine" time="400">WindowClose</animation>
		</control>
		<control type="image">
		<description>Thumb For Episodes</description>
			<posx>1060</posx>
				<posy>884</posy>
				<width>309</width>
				<height>174</height>
				<texture background="true">$INFO[ListItem.Icon]</texture>
				<bordertexture colordiffuse="grey_a">dialogs/white.png</bordertexture>
				<bordersize>1,1,1,1</bordersize>
				<fadetime>300</fadetime>
			<visible>!StringCompare(ListItem.Label,..) + Container.Content(Episodes)</visible>
			<animation effect="slide" start="0,0" end="-1050,0" tween="sine" easing="out" time="300">WindowOpen</animation>
			<animation effect="slide" start="-1050,0" end="0,0" tween="sine" time="400">WindowClose</animation>
		</control>
	</controls>
</window>
