<?xml version="1.0" encoding="UTF-8"?>
<window>
	<defaultcontrol always="true">9000</defaultcontrol>
	<controls>
	
		<control type="image">
			<posx>0</posx>
			<posy>0</posy>
			<width>1920</width>
			<height>1080</height>
			<texture>black.png</texture>
			<animation effect="fade" start="0" end="70" time="300">WindowOpen</animation>
			<animation effect="fade" start="70" end="0" time="300" delay="400">WindowClose</animation>
		</control>
		<control type="group">
		<visible>!Window.IsVisible(addonsettings)</visible>
			<posx>310</posx>
			<posy>100</posy>
			<animation effect="zoom" start="0" end="100" center="900,480" time="400" delay="300">WindowOpen</animation>
	<animation effect="zoom" start="100" end="0" center="900,480" time="400">WindowClose</animation>
			<control type="image">
				<description>background image</description>
				<posx>0</posx>
				<posy>0</posy>
				<width>1300</width>
				<height>660</height>
				<texture background="true" colordiffuse="grey_50">dialogs/white.png</texture>
				<bordertexture colordiffuse="grey">dialogs/white.png</bordertexture>	
				<bordersize>2</bordersize>
			</control>

			<control type="image">
				<posx>1060</posx>
				<posy>85</posy>
				<width>200</width>
				<height>200</height>
				<aspectratio scalediffuse="false">scale</aspectratio>
				<texture background="true">$INFO[Listitem.Icon]</texture>
				<bordertexture colordiffuse="grey_b">dialogs/white.png</bordertexture>
				<bordersize>2</bordersize>
				<fadetime>IconCrossfadeTime</fadetime>
				<visible>!stringcompare(ListItem.Label,..)</visible>
			</control>

			<control type="group">
				<control type="label">
					<description>Item Title value</description>
					<posx>50</posx>
					<posy>10</posy>
					<width>1200</width>
					<height>45</height>
					<align>center</align>
					<aligny>center</aligny>
					<textcolor>white</textcolor>
					<label>$INFO[Listitem.Label]</label>
					<font>font-32</font>
				</control>
				<control type="image">
					<posx>40</posx>
					<posy>70</posy>
					<width>1220</width>
					<height>2</height>
					<texture>white.png</texture>
				</control>
				<control type="image">
					<posx>40</posx>
					<posy>324</posy>
					<width>1220</width>
					<height>2</height>
					<texture colordiffuse="grey">white.png</texture>
				</control>
				<control type="grouplist" id="9000">		
					<posx>1045</posx>
					<posy>340</posy>
					<align>left</align>
					<width>213</width>
					<height>320</height>
					<itemgap>10</itemgap>
					<orientation>vertical</orientation>
					<onup>9000</onup>
					<ondown>9000</ondown>
					<onleft>61</onleft>
					<onright>61</onright>
					<control type="button" id="6">
						<description>Enable</description>
						<width>213</width>
						<height>35</height>
						<label>24022</label>
					</control>
					<control type="button" id="7">
						<description>Disable</description>
						<width>213</width>
						<height>35</height>
						<label>24021</label>

					</control>
					<control type="button" id="8">
						<description>Update</description>
						<width>213</width>
						<height>35</height>
						<label>24069</label>

					</control>
					<control type="button" id="11">
						<description>Rollback</description>
						<width>213</width>
						<height>35</height>
						<label>24048</label>

					</control>
					<control type="button" id="9">
						<description>Settings</description>
						<width>213</width>
						<height>35</height>
						<label>5</label>

					</control>
					<control type="button" id="10">
						<description>Changelog</description>
						<width>213</width>
						<height>35</height>
						<label>24054</label>

					</control>
					<control type="button" id="12">
						<description>Run</description>
						<width>213</width>
						<height>35</height>
						<label>518</label>
					</control>
				</control>

				<control type="grouplist" id="49">
					<posx>5</posx>
					<posy>70</posy>
					<usecontrolcoords>true</usecontrolcoords>
					<width>960</width>
					<height>300</height>
					<itemgap>27</itemgap>
					<orientation>vertical</orientation>
					<control type="group">
						<visible>!IsEmpty(ListItem.Property(Addon.Creator))</visible>	
						<control type="label">
							<posx>960</posx>
							<posy>0</posy>
							<height>40</height>
							<width>120</width>
							<textcolor>grey_b</textcolor>
							<align>right</align>
							<label>$LOCALIZE[21863]:</label>
							<font>font-20c</font>
						</control>
						<control type="label">
							<posx>820</posx>
							<posy>4</posy>
							<height>40</height>
							<width>810</width>
							<textcolor>grey_a</textcolor>
							<align>right</align>
							<label>$INFO[ListItem.Property(Addon.Creator)]</label>
							<font>font-18</font>
						</control>
					</control>
					<control type="group">
						<visible>!IsEmpty(ListItem.Property(Addon.Version))</visible>	
						<control type="label">
							<posx>960</posx>
							<posy>0</posy>
							<height>40</height>
							<width>120</width>
							<textcolor>grey_b</textcolor>
							<align>right</align>
							<label>$LOCALIZE[24051]</label>
							<font>font-20c</font>
						</control>
						<control type="label">
							<posx>820</posx>
							<posy>4</posy>
							<height>40</height>
							<width>810</width>
							<textcolor>grey_a</textcolor>
							<align>right</align>
							<label>$INFO[ListItem.Property(Addon.Version)]</label>
							<font>font-18</font>
						</control>
					</control>
					<control type="group">
						<visible>!IsEmpty(ListItem.Property(Addon.Summary))</visible>	
						<control type="label">
							<posx>960</posx>
							<posy>0</posy>
							<height>40</height>
							<width>140</width>
							<textcolor>grey_b</textcolor>
							<align>right</align>
							<label>$LOCALIZE[20037]:</label>
							<font>font-20c</font>
						</control>
						<control type="label">
							<posx>820</posx>
							<posy>4</posy>
							<height>40</height>
							<width>810</width>
							<textcolor>grey_a</textcolor>
							<align>right</align>
							<label>$INFO[ListItem.Property(Addon.Summary)]</label>
							<scroll>true</scroll>
							<scrollspeed>35</scrollspeed>
							<font>font-18</font>
						</control>
					</control>
					<control type="group">
						<visible>!IsEmpty(ListItem.Property(Addon.Type))</visible>	
						<control type="label">
							<posx>960</posx>
							<posy>0</posy>
							<height>40</height>
							<width>120</width>
							<textcolor>grey_b</textcolor>
							<align>right</align>
							<label>$LOCALIZE[564]:</label>
							<font>font-20c</font>
						</control>
						<control type="label">
							<posx>820</posx>
							<posy>4</posy>
							<height>40</height>
							<width>810</width>
							<textcolor>grey_a</textcolor>
							<align>right</align>
							<label>$INFO[ListItem.Property(Addon.Type)]</label>
							<font>font-18</font>
						</control>
					</control>
					<control type="group">
						<visible>!IsEmpty(ListItem.Property(Addon.Status))</visible>	
						<control type="label">
							<posx>960</posx>
							<posy>0</posy>
							<height>40</height>
							<width>120</width>
							<textcolor>grey_b</textcolor>
							<align>right</align>
							<label>$LOCALIZE[126]:</label>
							<font>font-20c</font>
						</control>
						<control type="label">
							<posx>820</posx>
							<posy>4</posy>
							<height>40</height>
							<width>810</width>
							<textcolor>grey_a</textcolor>
							<align>right</align>
							<label>$INFO[ListItem.Property(Addon.Status)]</label>
							<font>font-18</font>
						</control>
					</control>
					<control type="group">
						<visible>!IsEmpty(Container.Property(RepoName))</visible>	
						<control type="label">
							<posx>960</posx>
							<posy>0</posy>
							<height>40</height>
							<width>260</width>
							<textcolor>grey_b</textcolor>
							<align>right</align>
							<label>$LOCALIZE[24011]:</label>
							<font>font-20c</font>
						</control>
						<control type="label">
							<posx>710</posx>
							<posy>4</posy>
							<height>40</height>
							<width>710</width>
							<textcolor>grey_a</textcolor>
							<align>right</align>
							<label>$INFO[Container.Property(RepoName)]</label>
							<font>font-18</font>
						</control>
					</control>
					<control type="group">
						<visible>!IsEmpty(ListItem.Property(Addon.Disclaimer))</visible>	
						<control type="label">
							<posx>960</posx>
							<posy>0</posy>
							<height>40</height>
							<width>260</width>
							<textcolor>grey_b</textcolor>
							<align>right</align>
							<label>$LOCALIZE[24052]:</label>
							<font>font-20c</font>
						</control>
						<control type="label">
							<posx>800</posx>
							<posy>4</posy>
							<height>40</height>
							<width>790</width>
							<textcolor>grey_a</textcolor>
							<align>right</align>
							<label>$INFO[ListItem.Property(Addon.Disclaimer)]</label>
							<font>font-18</font>
							<scroll>true</scroll>
							<scrollspeed>35</scrollspeed>
						</control>
					</control>
					<control type="group">
						<visible>!IsEmpty(ListItem.Property(Addon.ID))</visible>	
						<control type="label">
							<posx>960</posx>
							<posy>0</posy>
							<height>40</height>
							<width>160</width>
							<textcolor>grey_b</textcolor>
							<align>right</align>
							<label>$LOCALIZE[560]:</label>
							<font>font-20c</font>
						</control>
						<control type="label">
							<posx>860</posx>
							<posy>4</posy>
							<height>40</height>
							<width>860</width>
							<textcolor>grey_a</textcolor>
							<align>right</align>
							<label>$INFO[ListItem.Property(Addon.ID)]</label>
							<font>font-18</font>
						</control>
					</control>
					<control type="group">
						<visible>!IsEmpty(ListItem.Property(Addon.Path))</visible>	
						<control type="label">
							<posx>960</posx>
							<posy>0</posy>
							<height>40</height>
							<width>160</width>
							<textcolor>grey_b</textcolor>
							<align>right</align>
							<label>$LOCALIZE[573]:</label>
							<font>font-20c</font>
						</control>
						<control type="label">
							<posx>860</posx>
							<posy>4</posy>
							<height>40</height>
							<width>850</width>
							<textcolor>grey_a</textcolor>
							<align>right</align>
							<label>$INFO[ListItem.Property(Addon.Path)]</label>
							<font>font-18</font>
						</control>
					</control>
				</control>

				<control type="textbox">
					<posx>10</posx>
					<posy>330</posy>
					<width>950</width>
					<height>315</height>
					<font>font-22</font>
					<align>right</align>
					<textcolor>grey_b</textcolor>
					<label>$INFO[ListItem.Property(Addon.Description)]</label>
					<pagecontrol>61</pagecontrol>
					<autoscroll time="3000" delay="45000" repeat="15000">!Control.HasFocus(61) + Skin.HasSetting(AutoScroll)</autoscroll>
				</control>
				<control type="scrollbar" id="61">
					<description>scroll for plot button</description>
					<posx>1000</posx>
					<posy>330</posy>
					<width>10</width>
					<height>318</height>
					<include>scroll_bar</include>
					<onleft>9000</onleft>
					<onright>9000</onright>
					<ondown>61</ondown>
					<onup>61</onup>
					<showonepage>true</showonepage>
				</control>




			</control>
		</control>
	</controls>
</window>
