<?xml version="1.0" encoding="UTF-8"?>
<window>
	<include>dialogeffect</include>
	<coordinates>
		<posx>660</posx>
		<posy>0</posy>
	</coordinates>
	<controls>
		<control type="group">
			<visible>![Window.IsVisible(InfoDialog) | Window.IsVisible(BusyDialog) | Window.IsVisible(SliderDialog) | Window.IsVisible(VolumeBar)]</visible>
			<control type="image">
				<posx>0</posx>
				<posy>0</posy>
				<width>600</width>
				<height>52</height>
				<texture border="16,0,16,0">popup-small.png</texture>
			</control>
			<control type="label">
				<description>heading label</description>
				<posx>30</posx>
				<posy>0</posy>
				<width>570</width>
				<height>24</height>
				<label>22039</label>
				<align>center</align>
				<aligny>center</aligny>
				<font>font-15b</font>
			</control>
			<control type="grouplist">
				<posx>30</posx>
				<posy>22</posy>
				<width>570</width>
				<height>24</height>
				<align>center</align>
				<orientation>horizontal</orientation>
				<itemgap>15</itemgap>
				<control type="label" id="401">
					<description>Song Number Label</description>
					<width min="15" max="570">auto</width>
					<height>24</height>
					<aligny>center</aligny>
					<font>font-15b</font>
					<textcolor>blue</textcolor>
				</control>
				<control type="label" id="402">
					<description>Song Name Label</description>
					<width min="15" max="570">auto</width>
					<height>24</height>
					<aligny>center</aligny>
					<font>font-15b</font>
					<textcolor>blue</textcolor>
				</control>
			</control>
		</control>
	</controls>
</window>
