<?xml version="1.0" encoding="UTF-8"?>
<window>
	<include>dialogeffect</include>
	<coordinates>
		<posx>660</posx>
		<posy>0</posy>
	</coordinates>
	<controls>
		<control type="group">
			<posy>0</posy>
			<visible>![Window.IsVisible(KaraokeSelector) | Window.IsVisible(KaraokeLargeSelector) | Window.IsVisible(InfoDialog) | Window.IsVisible(BusyDialog) | Window.IsVisible(SliderDialog) | Window.IsVisible(VolumeBar) | Window.IsVisible(Seekbar) | Window.IsVisible(FullscreenVideo)]</visible>
			<control type="image">
				<posx>0</posx>
				<posy>3</posy>
				<width>530</width>
				<height>74</height>
				<texture background="true" border="10,10,10,10">baloon3.png</texture>
			</control>
			<control type="progress" id="32">
				<description>progress control</description>
				<posx>10</posx>
				<posy>62</posy>
				<width>510</width>
				<height>15</height>
			</control>
			<control type="label" id="30">
				<description>heading label</description>
				<posx>5</posx>
				<posy>1</posy>
				<width>520</width>
				<height>24</height>
				<align>center</align>
				<font>font-18</font>
				<textcolor>orange_1</textcolor>
			</control>
			<control type="label" id="31">
				<description>Current Title Label</description>
				<posx>5</posx>
				<posy>32</posy>
				<width>520</width>
				<height>24</height>
				<align>center</align>
				<font>font-18</font>
				<scroll>true</scroll>
				<textcolor>grey</textcolor>
			</control>
		</control>
	</controls>
</window>
