<?xml version="1.0" encoding="UTF-8"?>
<window>
	<defaultcontrol>1000</defaultcontrol>
	<animation effect="fade" time="400">WindowOpen</animation>
	<animation effect="fade" time="100">WindowClose</animation>
	<coordinates>
		<system>1</system>
		<left>0</left>
		<top>0</top>
<!-- 		<origin x="1305" y="200" /> -->
	</coordinates>
	<controls>
		<control type="image" id="999">
			<description>background image</description>
			<posx>0</posx>
			<posy>0</posy>
			<width>400</width>
			<height>1080</height>
			<texture background="true" colordiffuse="grey_50">dialogs/white.png</texture>
			<bordertexture colordiffuse="grey">dialogs/white.png</bordertexture>	
			<bordersize>2</bordersize>
		</control>

		<control type="label">
			<description>header label</description>
			<posx>10</posx>
			<posy>20</posy>
			<width>400</width>
			<height>45</height>
			<font>menu</font>
			<label>[B]$LOCALIZE[33061][/B]</label>
			<align>center</align>
			<aligny>center</aligny>
			<textcolor>white</textcolor>
		</control>
		<control type="image">
			<posx>2</posx>
			<posy>85</posy>
			<width>398</width>
			<height>2</height>
			<texture border="30,0,30,0">dialogs/white.png</texture>
		</control>
		<control type="grouplist" id="996">
			<description>grouplist for context buttons</description>
			<posx>0</posx>
			<posy>98</posy>
			<width>390</width>
			<height min="15" max="892">auto</height>
			<itemgap>0</itemgap>
			<control type="button" id="1245">
				<posx>0</posx>
				<posy>0</posy>
				<width>390</width>
				<height>52</height>
				<label>$VAR[ContextMenu]</label>
				<font>menu-30</font>
				<align>center</align>
				<textcolor>white</textcolor>
				<focusedcolor>lightblue</focusedcolor>
				<texturefocus border="7">list-focus.png</texturefocus>
				<texturenofocus border="7">list-nofocus.png</texturenofocus>
				<onclick>RunScript(script.metadata.actors,$INFO[ListItem.Label])</onclick>
				<visible>System.HasAddon(script.metadata.actors) + [SubString(Container.FolderPath,videodb://movies/actors/) | SubString(Container.FolderPath,videodb://movies/directors/) | SubString(Container.FolderPath,videodb://tvshows/actors/)]</visible>
			</control>
		</control>
		<control type="button" id="1000">
			<description>button template</description>
			<posx>0</posx>
			<posy>0</posy>
			<width>390</width>
			<height>52</height>
			<font>menu-30</font>
			<align>center</align>
			<include>shutdown_buttons</include>
		</control>
	</controls>
</window>
