<?xml version="1.0" encoding="UTF-8"?>
<window>
	<defaultcontrol always="true">300</defaultcontrol>
	<animation effect="zoom" start="960,0,1,1080" end="0,0,1920,1080" time="300">WindowOpen</animation>
	<animation effect="zoom" start="0,0,1920,1080" end="960,0,1,1080" time="300">WindowClose</animation>
	<coordinates>
		<posx>416</posx>
		<posy>290</posy>
	</coordinates>
	<controls>

		<control type="group">
			<visible>!Window.IsVisible(numericinput)</visible>
			<control type="image">
				<left>0</left>
				<top>0</top>
				<width>974</width>
				<height>501</height>
				<texture border="10,10,10,10">keyboard.png</texture>
				<!--<animation effect="fade" end="85" time="0" condition="true">Conditional</animation> -->
			</control>
			<!-- התיבת טקסט -->
			<control type="image">
				<left>12</left>
				<top>60</top>
				<width>948</width>
				<height>60</height>
				<aspectratio>stretch</aspectratio>
				<texture colordiffuse="FFf5f5f5">dialogs/white.png</texture>
			</control>
			<control type="edit" id="312">
				<description>Edit Text</description>
				<left>22</left>
				<top>50</top>
				<width>904</width>
				<height>75</height>
				<font>font-30</font>
				<align>center</align>
				<aligny>center</aligny>
				<textcolor>darkgrey</textcolor>
				<texturefocus>-</texturefocus>
				<texturenofocus>-</texturenofocus>
			</control>

			<control type="label" id="311">
				<description>header label</description>
				<left>0</left>
				<top>10</top>
				<width>948</width>
				<height>45</height>
				<font>font-23b</font>
				<textcolor>white</textcolor>
				<align>center</align>
				<aligny>center</aligny>
			</control>

			<control type="group">
				<left>18</left>
				<top>135</top>
				<!-- 1st row -->
				<control type="grouplist">
					<itemgap>4</itemgap>
					<orientation>horizontal</orientation>
					<control type="button" id="309">
						<description>Layout button</description>
						<width>304</width>
						<height>50</height>
						<label>-</label><!--20177-->
						<onup>300</onup>
						<ondown>8</ondown>
						<align>center</align>
						<aligny>center</aligny>
						<font>font-22b</font>
						<focusedcolor>grey_b</focusedcolor>
						<include>KeyboardButton</include>

					</control>
					<control type="button" id="100">
						<description>(0,0) key button</description>
						<onup>160</onup>
						<ondown>120</ondown>
						<include>KeyboardButton</include>
					</control>
					<control type="button" id="101">
						<description>(0,1) key button</description>
						<onup>161</onup>
						<ondown>121</ondown>
						<include>KeyboardButton</include>
					</control>
					<control type="button" id="102">
						<description>(0,2) key button</description>
						<onup>162</onup>
						<ondown>122</ondown>
						<include>KeyboardButton</include>
					</control>
					<control type="button" id="103">
						<description>(0,3) key button</description>
						<onup>163</onup>
						<ondown>123</ondown>
						<include>KeyboardButton</include>
					</control>
					<control type="button" id="104">
						<description>(0,4) key button</description>
						<onup>164</onup>
						<ondown>124</ondown>
						<include>KeyboardButton</include>
					</control>
					<control type="button" id="105">
						<description>(0,5) key button</description>
						<onup>165</onup>
						<ondown>125</ondown>
						<include>KeyboardButton</include>
					</control>
					<control type="button" id="106">
						<description>(0,6) key button</description>
						<onup>166</onup>
						<ondown>126</ondown>
						<include>KeyboardButton</include>
					</control>
					<control type="button" id="107">
						<description>(0,7) key button</description>
						<onup>167</onup>
						<ondown>127</ondown>
						<include>KeyboardButton</include>
					</control>
					<control type="button" id="108">
						<description>(0,8) key button</description>
						<onup>168</onup>
						<ondown>128</ondown>
						<include>KeyboardButton</include>
					</control>
					<control type="button" id="109">
						<description>(0,9) key button</description>
						<onup>169</onup>
						<ondown>129</ondown>
						<include>KeyboardButton</include>
					</control>
					<control type="button" id="110">
						<description>(0,10) key button</description>
						<onup>170</onup>
						<ondown>130</ondown>
						<include>KeyboardButton</include>
					</control>
					<control type="button" id="111">
						<description>(0,11) key button</description>
						<onup>171</onup>
						<ondown>131</ondown>
						<include>KeyboardButton</include>
					</control>
				</control>
				<!-- 2nd row -->
				<control type="grouplist">
					<orientation>horizontal</orientation>
					<top>65</top>
					<left>0</left>
					<itemgap>4</itemgap>
					<control type="button" id="8">
						<description>BACKSPACE button</description>
						<width>300</width>
						<height>50</height>
						<label>117</label>
						<onup>309</onup>
						<ondown>303</ondown>
						<include>KeyboardButton</include>
					</control>
					<control type="button" id="120">
						<description>(1,0) key button</description>
						<onup>100</onup>
						<ondown>140</ondown>
						<include>KeyboardButton</include>
					</control>
					<control type="button" id="121">
						<description>(1,1) key button</description>
						<onup>101</onup>
						<ondown>141</ondown>
						<include>KeyboardButton</include>
					</control>
					<control type="button" id="122">
						<description>(1,2) key button</description>
						<onup>102</onup>
						<ondown>142</ondown>
						<include>KeyboardButton</include>
					</control>
					<control type="button" id="123">
						<description>(1,3) key button</description>
						<onup>103</onup>
						<ondown>143</ondown>
						<include>KeyboardButton</include>
					</control>
					<control type="button" id="124">
						<description>(1,4) key button</description>
						<onup>104</onup>
						<ondown>144</ondown>
						<include>KeyboardButton</include>
					</control>
					<control type="button" id="125">
						<description>(1,5) key button</description>
						<onup>105</onup>
						<ondown>145</ondown>
						<include>KeyboardButton</include>
					</control>
					<control type="button" id="126">
						<description>(1,6) key button</description>
						<onup>106</onup>
						<ondown>146</ondown>
						<include>KeyboardButton</include>
					</control>
					<control type="button" id="127">
						<description>(1,7) key button</description>
						<onup>107</onup>
						<ondown>147</ondown>
						<include>KeyboardButton</include>
					</control>
					<control type="button" id="128">
						<description>(1,8) key button</description>
						<onup>108</onup>
						<ondown>148</ondown>
						<include>KeyboardButton</include>
					</control>
					<control type="button" id="129">
						<description>(1,9) key button</description>
						<onup>109</onup>
						<ondown>149</ondown>
						<include>KeyboardButton</include>
					</control>
					<control type="button" id="130">
						<description>(1,10) key button</description>
						<onup>110</onup>
						<ondown>150</ondown>
						<include>KeyboardButton</include>
					</control>
					<control type="button" id="131">
						<description>(1,11) key button</description>
						<onup>111</onup>
						<ondown>151</ondown>
						<include>KeyboardButton</include>
					</control>
				</control>
				<!-- 3rd row -->
				<control type="grouplist">
					<top>130</top>
					<left>0</left>
					<orientation>horizontal</orientation>
					<itemgap>4</itemgap>

					<control type="radiobutton" id="303">
						<description>CAPS LOCK button</description>
						<width>300</width>
						<height>50</height>
						<label>20179</label>
						<onup>8</onup>
						<ondown>304</ondown>
						<textcolor>darkgrey</textcolor>
						<focusedcolor>grey_b</focusedcolor>
						<texturefocus border="10,0,10,0" colordiffuse="darkgrey">button_white.png</texturefocus>
						<texturenofocus border="10,0,10,0">button_white2.png</texturenofocus>
						<radioposy>12</radioposy>
						<radioposx>260</radioposx>
						<textoffsetx>5</textoffsetx>
						<radiowidth>30</radiowidth>
						<radioheight>30</radioheight>
						<align>center</align>
						<aligny>center</aligny>
						<font>font-22b</font>
					</control>
					<control type="button" id="140">
						<description>(2,0) key button</description>
						<onup>120</onup>
						<ondown>160</ondown>
						<include>KeyboardButton</include>
					</control>
					<control type="button" id="141">
						<description>(2,1) key button</description>
						<onup>121</onup>
						<ondown>161</ondown>
						<include>KeyboardButton</include>
					</control>
					<control type="button" id="142">
						<description>(2,2) key button</description>
						<onup>122</onup>
						<ondown>162</ondown>
						<include>KeyboardButton</include>
					</control>
					<control type="button" id="143">
						<description>(2,3) key button</description>
						<onup>123</onup>
						<ondown>163</ondown>
						<include>KeyboardButton</include>
					</control>
					<control type="button" id="144">
						<description>(2,4) key button</description>
						<onup>124</onup>
						<ondown>164</ondown>
						<include>KeyboardButton</include>
					</control>
					<control type="button" id="145">
						<description>(2,5) key button</description>
						<onup>125</onup>
						<ondown>165</ondown>
						<include>KeyboardButton</include>
					</control>
					<control type="button" id="146">
						<description>(2,6) key button</description>
						<onup>126</onup>
						<ondown>166</ondown>
						<include>KeyboardButton</include>
					</control>
					<control type="button" id="147">
						<description>(2,7) key button</description>
						<onup>127</onup>
						<ondown>167</ondown>
						<include>KeyboardButton</include>
					</control>
					<control type="button" id="148">
						<description>(2,8) key button</description>
						<onup>128</onup>
						<ondown>168</ondown>
						<include>KeyboardButton</include>
					</control>
					<control type="button" id="149">
						<description>(2,9) key button</description>
						<onup>129</onup>
						<ondown>169</ondown>
						<include>KeyboardButton</include>
					</control>
					<control type="button" id="150">
						<description>(2,10) key button</description>
						<onup>130</onup>
						<ondown>170</ondown>
						<include>KeyboardButton</include>
					</control>
					<control type="button" id="151">
						<description>(2,11) key button</description>
						<onup>131</onup>
						<ondown>171</ondown>
						<include>KeyboardButton</include>
					</control>
				</control>
				<!-- 4th row -->
				<control type="grouplist">
					<top>195</top>
					<itemgap>4</itemgap>
					<orientation>horizontal</orientation>



					<control type="radiobutton" id="304">
						<description>Symbols button</description>
						<width>300</width>
						<height>50</height>
						<label>!@#$%</label>
						<onup>303</onup>
						<ondown>300</ondown>
						<textcolor>darkgrey</textcolor>
						<focusedcolor>grey_b</focusedcolor>
						<texturefocus border="10,0,10,0" colordiffuse="darkgrey">button_white.png</texturefocus>
						<texturenofocus border="10,0,10,0">button_white2.png</texturenofocus>
						<radioposy>12</radioposy>
						<radioposx>260</radioposx>
						<textoffsetx>5</textoffsetx>
						<radiowidth>30</radiowidth>
						<radioheight>30</radioheight>
						<align>center</align>
						<aligny>center</aligny>
						<font>font-22b</font>
					</control>
					<control type="button" id="160">
						<description>(3,0) key button</description>
						<onup>140</onup>
						<ondown>32</ondown>
						<include>KeyboardButton</include>
					</control>
					<control type="button" id="161">
						<description>(3,1) key button</description>
						<onup>141</onup>
						<ondown>32</ondown>
						<include>KeyboardButton</include>
					</control>
					<control type="button" id="162">
						<description>(3,2) key button</description>
						<onup>142</onup>
						<ondown>32</ondown>
						<include>KeyboardButton</include>
					</control>
					<control type="button" id="163">
						<description>(3,3) key button</description>
						<onup>143</onup>
						<ondown>32</ondown>
						<include>KeyboardButton</include>
					</control>
					<control type="button" id="164">
						<description>(3,4) key button</description>
						<onup>144</onup>
						<ondown>32</ondown>
						<include>KeyboardButton</include>
					</control>
					<control type="button" id="165">
						<description>(3,5) key button</description>
						<onup>145</onup>
						<ondown>32</ondown>
						<include>KeyboardButton</include>
					</control>
					<control type="button" id="166">
						<description>(3,6) key button</description>
						<onup>146</onup>
						<ondown>32</ondown>
						<include>KeyboardButton</include>
					</control>
					<control type="button" id="167">
						<description>(3,7) key button</description>
						<onup>147</onup>
						<ondown>32</ondown>
						<include>KeyboardButton</include>
					</control>
					<control type="button" id="168">
						<description>(3,8) key button</description>
						<onup>148</onup>
						<ondown>305</ondown>
						<include>KeyboardButton</include>
					</control>
					<control type="button" id="169">
						<description>(3,9) key button</description>
						<onup>149</onup>
						<ondown>306</ondown>
						<include>KeyboardButton</include>
					</control>
					<control type="button" id="170">
						<description>(3,10) key button</description>
						<onup>150</onup>
						<ondown>306</ondown>
						<include>KeyboardButton</include>
					</control>
					<control type="button" id="171">
						<description>(3,11) key button</description>
						<onup>151</onup>
						<ondown>306</ondown>
						<include>KeyboardButton</include>
					</control>
				</control>
				<!-- 5th row -->
				<control type="grouplist">
					<top>260</top>
					<itemgap>4</itemgap>
					<orientation>horizontal</orientation>
					<control type="button" id="300">
						<description>DONE button</description>
						<width>300</width>
						<height>50</height>
						<label>20177</label>
						<include>KeyboardButton</include>
						<onup>304</onup>
						<ondown>309</ondown>
					</control>

					<control type="button" id="32">
						<description>SPACE button</description>
						<width>390</width>
						<height>50</height>
						<label>20182</label>
						<include>KeyboardButton</include>
						<onup>160</onup>
						<ondown>309</ondown>
					</control>
					<control type="button" id="305">
						<description>previous button</description>
						<width>70</width>
						<height>50</height>
						<label>&lt;</label>
						<include>KeyboardButton</include>
						<onup>166</onup>
						<ondown>309</ondown>
					</control>
					<control type="button" id="306">
						<description>next button</description>
						<width>70</width>
						<height>50</height>
						<label>&gt;</label>
						<include>KeyboardButton</include>
						<onup>166</onup>
						<ondown>309</ondown>
					</control>

				</control>
			</control>
		</control>
	</controls>
</window>
