<?xml version="1.0" encoding="UTF-8"?>
<window>
	<allowoverlay>no</allowoverlay>
	<defaultcontrol always="true">9000</defaultcontrol>
	<onload>RunScript(script.skinshortcuts,type=buildxml&amp;mainmenuID=9000&amp;levels=0)</onload>
	<onunload>ClearProperty(AddonInfo.ImageFilter,home)</onunload>
	<controls>

		<control type="multiimage">
			<posx>0</posx>
			<posy>0</posy>
			<imagepath background="true">$VAR[varBackground]</imagepath>
			<aspectratio aligny="top">scale</aspectratio>
			<timeperimage>5000</timeperimage>
			<randomize>true</randomize>
			<fadetime>650</fadetime>
			<visible>!Player.HasVideo + !Player.HasAudio + !Control.HasFocus(9001)</visible>
		</control>
		<control type="multiimage">
			<posx>0</posx>
			<posy>0</posy>
			<imagepath background="true">$VAR[varBackground2]</imagepath>
			<aspectratio aligny="top">scale</aspectratio>
			<timeperimage>5000</timeperimage>
			<randomize>true</randomize>
			<fadetime>650</fadetime>
			<visible>!Player.HasVideo + !Player.HasAudio + Control.HasFocus(9001)</visible>
		</control>
		<control type="list" id="30">			
			<description>hidden container for playlist background</description>
			<posx>-20</posx>
			<posy>-20</posy>
			<width>1</width>
			<height>1</height>
			<visible>true</visible>
			<onup>50</onup>
			<ondown>50</ondown>
			<onleft>50</onleft>
			<onright>50</onright>
			<autoscroll>true</autoscroll>
			<scrolltime tween="sine" easing="inout">6000</scrolltime>
			<fadetime>500</fadetime>
			<itemlayout width="1" height="1">
			</itemlayout>
			<focusedlayout height="1" width="1">
			</focusedlayout>
			<content>$INFO[Container(9000).ListItem.Property(backgroundPlaylist)]</content>
		</control>
		<!-- image control for fade should be here-->
		<include condition="!Skin.HasSetting(HideHomeVideoBackground)">home-videowindow</include>
		<include condition="[!Skin.HasSetting(Menu_Videos) | !Skin.HasSetting(Menu_Movies)] + Skin.HasSetting(Home_Movies_Fanart_Background)">Home_Movies_Fanart</include>
		<include condition="!Skin.HasSetting(HideHomeVizBackground) + !Skin.HasSetting(Vis-Visualization)">home-visualisation1</include>
		<include condition="!Skin.HasSetting(HideHomeVizBackground) + Skin.HasSetting(Vis-ArtistSlide)">home-artistslideshow</include>
		<include condition="Skin.HasSetting(Vis-Slideshow) + !Skin.HasSetting(HideHomeVizBackground) + !Skin.HasSetting(SafeMode)">fanartslideshow-musicvisualisation</include>
		<include condition="!Skin.HasSetting(HideHomeVizBackground) + [!Skin.HasSetting(Vis-Fanart) | Skin.HasSetting(Vis-Slideshow)]">home-fanart-fallback</include>
		<include condition="!Skin.HasSetting(HideHomeVizBackground) + [!Skin.HasSetting(Vis-Fanart) | Skin.HasSetting(Vis-Slideshow)]">home-musicplayer-fanart</include>
		<include condition="Skin.HasSetting(Vis-CDWall) + !Skin.HasSetting(HideHomeVizBackground) + !Skin.HasSetting(SafeMode)">cdwall-musicvisualisation</include>
		<include condition="!Skin.HasSetting(HideHomeVizBackground) + !Skin.HasSetting(Vis-Visualization)">home-visualisation2</include>
		<include condition="Window.Previous(Startup)">Splash</include>
		<control type="group">
			<include>new_mainmenu</include>
			<include>top_bar</include>
			<include condition="system.getbool(lookandfeel.enablerssfeeds)">RSS</include>
		</control>
		<include condition="Skin.HasSetting(Qlock)">QlockHome</include>
		<include condition="Skin.HasSetting(TouchScreenMode)">TouchScreenControlsHome</include>
	</controls>
</window>
