<?xml version="1.0" encoding="UTF-8"?>
<includes>
	<include name="FullScreenMusicMediaFlags">
		<control type="group">
			<posx>531</posx>
			<posy>234</posy>
			<width>198</width>
			<height>72</height>
			<animation effect="fade" start="0" end="100" time="100" delay="200">Visible</animation>
			<visible>!Window.IsVisible(MusicOSD) + Player.HasMedia</visible>
			<!-- Audio Codec -->
			<control type="image">
				<posx>0</posx>
				<posy>0</posy>
				<width>96</width>
				<height>72</height>
				<texture fallback="mediaflag-audiocodec.png">flags/music/audiocodec/$INFO[MusicPlayer.Codec,,.png]</texture>
			</control>
			<!-- Record Label -->
			<control type="image">
				<posx>102</posx>
				<posy>0</posy>
				<width>96</width>
				<height>72</height>
				<texture>mediaflag.png</texture>
			</control>
			<control type="image">
				<posx>111</posx>
				<posy>9</posy>
				<width>78</width>
				<height>52</height>
				<texture fallback="mediaflag-recordlabel.png">flags/music/recordlabel/$INFO[MusicPlayer.Property(Album_Label),,.png]</texture>
			</control>
		</control>
	</include>
</includes>
