<?xml version="1.0" encoding="UTF-8"?>
<includes>
	<include name="VideoMediaFlags">
		<visible>!stringcompare(ListItem.Label,..) + !SubString(ListItem.Path,videodb://movies/sets/,left)</visible>
		<control type="image">
			<posx>0</posx>
			<posy>0</posy>
			<width>96</width>
			<height>72</height>
			<texture fallback="mediaflag-resolution.png">flags/movies/resolution/$INFO[ListItem.VideoResolution,,.png]</texture>
		</control>
		<control type="image">
			<posx>102</posx>
			<posy>0</posy>
			<width>96</width>
			<height>72</height>
			<texture fallback="mediaflag-aspectratio.png">flags/movies/aspectratio/$INFO[ListItem.VideoAspect,,.png]</texture>
		</control>
		<control type="image">
			<posx>204</posx>
			<posy>0</posy>
			<width>96</width>
			<height>72</height>
			<texture fallback="mediaflag-videocodec.png">flags/movies/videocodec/$INFO[ListItem.VideoCodec,,.png]</texture>
		</control>
		<control type="image">
			<posx>306</posx>
			<posy>0</posy>
			<width>96</width>
			<height>72</height>
			<texture fallback="mediaflag-audiocodec.png">$VAR[IncludesMediaFlagsVideoAudioCodec]</texture>
		</control>
		<control type="image">
			<posx>408</posx>
			<posy>0</posy>
			<width>96</width>
			<height>72</height>
			<texture fallback="mediaflag-source.png">$VAR[IncludesMediaFlagsVideoSource]</texture>
		</control>
		<control type="image">
			<posx>510</posx>
			<posy>0</posy>
			<width>96</width>
			<height>72</height>
			<texture>$VAR[IncludesMediaFlagsVideoSubtitles]</texture>
		</control>
		<control type="image">
			<posx>612</posx>
			<posy>0</posy>
			<width>96</width>
			<height>72</height>
			<texture fallback="mediaflag-rating.png">$VAR[IncludesMediaFlagsVideoRating]</texture>
		</control>
		<control type="image">
			<posx>714</posx>
			<posy>0</posy>
			<width>96</width>
			<height>72</height>
			<texture>mediaflag.png</texture>
			<visible>![Container.Content(Movies) + [Control.IsVisible(50) | Control.IsVisible(592)] + !Window.IsVisible(MovieInformation)] + !Control.IsVisible(57) + !Window.IsVisible(VideoPlaylist) + !stringcompare(ListItem.Label,..)</visible>
		</control>
		<control type="image">
			<posx>726</posx>
			<posy>9</posy>
			<width>78</width>
			<height>52</height>
			<texture fallback="mediaflag-studio.png">flags/movies/studio/$INFO[ListItem.Studio,,.png]</texture>
			<visible>[[Container.Content(Movies) + ![[Control.IsVisible(50) | Control.IsVisible(592)] + !Window.IsVisible(MovieInformation)] + !Control.IsVisible(57)] | [!Container.Content(Movies) + !Window.IsVisible(VideoPlaylist)]]  + !stringcompare(ListItem.Label,..)</visible>
		</control>
	</include>
	<include name="MovieStudioFlag">
		<visible>!stringcompare(ListItem.Label,..) + !SubString(ListItem.Path,videodb://movies/sets/,left)</visible>
		<control type="image">
			<posx>1126</posx>
			<posy>933</posy>
			<width>172</width>
			<height>128</height>
			<texture>mediaflag.png</texture>
			<animation effect="zoom" start="0" end="80" time="0" condition="Control.IsVisible(592)">Conditional</animation>
			<visible>!stringcompare(ListItem.Label,..)</visible>
		</control>
		<control type="image">
			<posx>1143</posx>
			<posy>950</posy>
			<width>140</width>
			<height>94</height>
			<texture fallback="mediaflag-studio.png">$VAR[IncludesMediaFlagsVideoStudio]</texture>
			<animation effect="zoom" start="0" end="80" time="0" condition="Control.IsVisible(592) | Control.IsVisible(598)">Conditional</animation>
			<animation effect="slide" start="0,0" end="1,1" time="0" condition="Control.IsVisible(592) | Control.IsVisible(598)">Conditional</animation>
		</control>
	</include>
</includes>
