<?xml version="1.0" encoding="UTF-8"?>
<window>
	<defaultcontrol always="true">903</defaultcontrol>
	<allowoverlay>no</allowoverlay>
	<animation effect="fade" time="400">WindowOpen</animation>
	<animation effect="fade" time="300">WindowClose</animation>
	<controls>
		<control type="group">
			<include>ContentFade</include>
			<animation effect="fade" start="100" end="0" time="300" condition="Window.Next(Home)">Conditional</animation>
			<posx>0</posx>
			<posy>0</posy>
			<visible>Player.HasAudio</visible>
			<control type="button">
				<posx>1887</posx>
				<posy>873</posy>
				<width>30</width>
				<height>30</height>
				<texturefocus>close-window-focus.png</texturefocus>
				<texturenofocus>close-window-nofocus.png</texturenofocus>
				<onclick>Dialog.Close(musicosd)</onclick>
				<visible>Skin.HasSetting(TouchScreenMode)</visible>
			</control>
			<control type="group">
				<posy>780</posy>
				<control type="progress">
					<description>Progressbar</description>
					<posx>662</posx>
					<posy>210</posy>
					<width>1095</width>
					<height>22</height>
					<info>Player.Progress</info>
				</control>
				<control type="slider" id="888">
					<description>Slider</description>
					<posx>662</posx>
					<posy>210</posy>
					<width>1095</width>
					<height>22</height>
					<action>seek</action>
				</control>
			</control>
			<control type="grouplist">
				<posx>532</posx>
				<posy>1017</posy>
				<itemgap>0</itemgap>
				<orientation>horizontal</orientation>
				<onleft>920</onleft>
				<onright>991</onright>
				<control type="button" id="901">
					<width>60</width>
					<height>60</height>
					<label>-</label>
					<font>-</font>
					<texturefocus>osdplayer-previous-focus.png</texturefocus>
					<texturenofocus>osdplayer-previous-nofocus.png</texturenofocus>
					<onclick>PlayerControl(Previous)</onclick>
				</control>
				<control type="button" id="902">
					<width>60</width>
					<height>60</height>
					<label>-</label>
					<font>-</font>
					<texturefocus>osdplayer-rewind-focus.png</texturefocus>
					<texturenofocus>osdplayer-rewind-nofocus.png</texturenofocus>
					<onclick>PlayerControl(Rewind)</onclick>
				</control>
				<control type="togglebutton" id="903">
					<width>60</width>
					<height>60</height>
					<label>-</label>
					<font>-</font>
					<texturefocus>osdplayer-pause-focus.png</texturefocus>
					<texturenofocus>osdplayer-pause-nofocus.png</texturenofocus>
					<usealttexture>Player.Paused | Player.Forwarding | Player.Rewinding</usealttexture>
					<alttexturefocus>osdplayer-play-focus.png</alttexturefocus>
					<alttexturenofocus>osdplayer-play-nofocus.png</alttexturenofocus>
					<onclick>PlayerControl(Play)</onclick>
				</control>
				<control type="button" id="904">
					<width>60</width>
					<height>60</height>
					<label>-</label>
					<font>-</font>
					<texturefocus>osdplayer-forward-focus.png</texturefocus>
					<texturenofocus>osdplayer-forward-nofocus.png</texturenofocus>
					<onclick>PlayerControl(Forward)</onclick>
				</control>
				<control type="button" id="905">
					<width>60</width>
					<height>60</height>
					<label>-</label>
					<font>-</font>
					<texturefocus>osdplayer-next-focus.png</texturefocus>
					<texturenofocus>osdplayer-next-nofocus.png</texturenofocus>
					<onclick>PlayerControl(Next)</onclick>
				</control>
				<control type="button" id="906">
					<width>60</width>
					<height>60</height>
					<label>-</label>
					<font>-</font>
					<texturefocus>osdplayer-stop-focus.png</texturefocus>
					<texturenofocus>osdplayer-stop-nofocus.png</texturenofocus>
					<onclick>PlayerControl(Stop)</onclick>
				</control>
				<control type="group" id="999">
					<width>60</width>
					<height>60</height>
					<control type="button" id="907">
						<posx>0</posx>
						<posy>0</posy>
						<width>60</width>
						<height>60</height>
						<label>-</label>
						<font>-</font>
						<texturefocus>-</texturefocus>
						<texturenofocus>-</texturenofocus>
						<onleft>906</onleft>
						<onright>908</onright>
						<onclick>PlayerControl(Repeat)</onclick>
					</control>
					<control type="image">
						<posx>0</posx>
						<posy>0</posy>
						<width>60</width>
						<height>60</height>
						<texture>osdplayer-repeat-nofocus.png</texture>
						<visible>!Playlist.IsRepeat + !Playlist.IsRepeatOne + !Control.HasFocus(907)</visible>
					</control>
					<control type="image">
						<posx>0</posx>
						<posy>0</posy>
						<width>60</width>
						<height>60</height>
						<texture>osdplayer-repeat-focus.png</texture>
						<visible>!Playlist.IsRepeat + !Playlist.IsRepeatOne + Control.HasFocus(907)</visible>
					</control>
					<control type="image">
						<posx>0</posx>
						<posy>0</posy>
						<width>60</width>
						<height>60</height>
						<texture>osdplayer-repeatone-nofocus.png</texture>
						<visible>Playlist.IsRepeatOne + !Control.HasFocus(907)</visible>
					</control>
					<control type="image">
						<posx>0</posx>
						<posy>0</posy>
						<width>60</width>
						<height>60</height>
						<texture>osdplayer-repeatone-focus.png</texture>
						<visible>Playlist.IsRepeatOne + Control.HasFocus(907)</visible>
					</control>
					<control type="image">
						<posx>0</posx>
						<posy>0</posy>
						<width>60</width>
						<height>60</height>
						<texture>osdplayer-repeatall-nofocus.png</texture>
						<visible>Playlist.IsRepeat + !Control.HasFocus(907)</visible>
					</control>
					<control type="image">
						<posx>0</posx>
						<posy>0</posy>
						<width>60</width>
						<height>60</height>
						<texture>osdplayer-repeatall-focus.png</texture>
						<visible>Playlist.IsRepeat + Control.HasFocus(907)</visible>
					</control>
				</control>
				<control type="togglebutton" id="908">
					<width>60</width>
					<height>60</height>
					<label>-</label>
					<font>-</font>
					<texturefocus>osdplayer-random-focus.png</texturefocus>
					<texturenofocus>osdplayer-random-nofocus.png</texturenofocus>
					<usealttexture>Playlist.IsRandom</usealttexture>
					<alttexturefocus>osdplayer-randomselected-focus.png</alttexturefocus>
					<alttexturenofocus>osdplayer-randomselected-nofocus.png</alttexturenofocus>
					<onclick>PlayerControl(Random)</onclick>
				</control>
				<control type="button" id="909">
					<width>60</width>
					<height>60</height>
					<label>-</label>
					<font>-</font>
					<texturefocus>osdplayer-record-focus.png</texturefocus>
					<texturenofocus>osdplayer-record-nofocus.png</texturenofocus>
					<onclick>PlayerControl(record)</onclick>
					<visible>Player.CanRecord + !Player.Recording</visible>
				</control>
				<control type="button" id="910">
					<width>60</width>
					<height>60</height>
					<label>-</label>
					<font>-</font>
					<texturefocus>osdplayer-recordrecording-focus.png</texturefocus>
					<texturenofocus>osdplayer-recordrecording-nofocus.png</texturenofocus>
					<onclick>PlayerControl(record)</onclick>
					<visible>Player.CanRecord + Player.Recording</visible>
				</control>
			</control>
			<control type="grouplist">
				<posx>1353</posx>
				<posy>1017</posy>
				<width>540</width>
				<itemgap>0</itemgap>
				<orientation>horizontal</orientation>
				<align>right</align>
				<onleft>910</onleft>
				<onright>901</onright>
				<control type="button" id="991">
					<description>Background Settings</description>
					<width>60</width>
					<height>60</height>
					<label>-</label>
					<font>-</font>
					<texturenofocus>osd-background-nofocus.png</texturenofocus>
					<texturefocus>osd-background-focus.png</texturefocus>
					<onclick>ActivateWindow(1112)</onclick>
					<visible>!Skin.HasSetting(KioskMode)</visible>
				</control>
				<control type="button" id="915">
					<description>Info Button</description>
					<posx>60</posx>
					<posy>0</posy>
					<width>60</width>
					<height>60</height>
					<label>-</label>
					<font>-</font>
					<texturenofocus>osd-info-nofocus.png</texturenofocus>
					<texturefocus>osd-info-focus.png</texturefocus>
					<onclick>Skin.ToggleSetting(Music_OSD_Info)</onclick>
				</control>
				<control type="button" id="500">
					<description>Visualization Menu</description>
					<width>60</width>
					<height>60</height>
					<label>-</label>
					<font>-</font>
					<texturenofocus>osd-vis-nofocus.png</texturenofocus>
					<texturefocus>osd-vis-focus.png</texturefocus>
					<visible>!Skin.HasSetting(KioskMode)</visible>
				</control>
				<control type="button" id="912">
					<description>Visualization Settings</description>
					<width>60</width>
					<height>60</height>
					<label>-</label>
					<font>-</font>
					<texturenofocus>osd-preset-nofocus.png</texturenofocus>
					<texturefocus>osd-preset-focus.png</texturefocus>
					<onclick>Addon.Default.OpenSettings(xbmc.player.musicviz)</onclick>
					<visible>!Skin.HasSetting(KioskMode)</visible>
				</control>
				<control type="button" id="913">
					<description>Visualization Presets</description>
					<width>60</width>
					<height>60</height>
					<label>-</label>
					<font>-</font>
					<texturenofocus>osd-bookmark-nofocus.png</texturenofocus>
					<texturefocus>osd-bookmark-focus.png</texturefocus>
					<onclick>ActivateWindow(VisualisationPresetList)</onclick>
					<visible>!Skin.HasSetting(KioskMode)</visible>
				</control>
				<control type="button" id="914">
					<description>Audio Menu</description>
					<width>60</width>
					<height>60</height>
					<label>-</label>
					<font>-</font>
					<texturenofocus>osd-audio-nofocus.png</texturenofocus>
					<texturefocus>osd-audio-focus.png</texturefocus>
					<onclick>ActivateWindow(1114)</onclick>
				</control>
				<control type="button" id="918">
					<description>Lyrics Script</description>
					<width>60</width>
					<height>60</height>
					<label>-</label>
					<font>-</font>
					<texturenofocus>osd-subs-nofocus.png</texturenofocus>
					<texturefocus>osd-subs-focus.png</texturefocus>
					<onclick>RunScript(script.cu.lrclyrics)</onclick>
					<onclick>Dialog.Close(musicosd)</onclick>
					<visible>System.HasAddon(script.cu.lrclyrics)</visible>
				</control>
				<control type="button" id="919">
					<description>Last.fm love</description>
					<width>60</width>
					<height>60</height>
					<label>-</label>
					<font>-</font>
					<texturenofocus>osd-love-nofocus.png</texturenofocus>
					<texturefocus>osd-love-focus.png</texturefocus>
					<onclick>RunScript(service.scrobbler.lastfm,action=LastFM.Love)</onclick>
					<visible>!IsEmpty(Window(Home).Property(LastFM.CanLove))</visible>
				</control>
				<control type="button" id="920">
					<description>Last.fm ban</description>
					<width>60</width>
					<height>60</height>
					<label>-</label>
					<font>-</font>
					<texturenofocus>osd-ban-nofocus.png</texturenofocus>
					<texturefocus>osd-ban-focus.png</texturefocus>
					<onclick>RunScript(service.scrobbler.lastfm,action=LastFM.Ban)</onclick>
					<visible>!IsEmpty(Window(Home).Property(LastFM.CanBan))</visible>
				</control>
			</control>
		</control>
	</controls>
</window>
