<?xml version="1.0" encoding="UTF-8"?>
<window>
	<allowoverlay>no</allowoverlay>
	<controls>
		<control type="visualisation" id="2">
			<description>visualisation</description>
			<posx>0</posx>
			<posy>0</posy>
			<width>1920</width>
			<height>1080</height>
			<visible>Player.HasAudio + !Skin.HasSetting(Vis-Visualization) + ![StringCompare(Visualisation.Name,waveform) | StringCompare(Visualisation.Name,opengl spectrum) | StringCompare(Visualisation.Name,directx spectrum)]</visible>
		</control>
		<control type="multiimage">
			<posx>0</posx>
			<posy>0</posy>
			<width>1920</width>
			<height>1080</height>
			<imagepath fallback="special://skin/backgrounds/background-music.jpg" background="true">$VAR[ArtistSlide]</imagepath>
			<aspectratio>keep</aspectratio>
			<timeperimage>5000</timeperimage>
			<fadetime>2000</fadetime>
			<randomize>true</randomize>
			<animation effect="fade" start="100" end="20" time="0" condition="![StringCompare(Visualisation.Name,waveform) | StringCompare(Visualisation.Name,opengl spectrum) | StringCompare(Visualisation.Name,directx spectrum)] + !Skin.HasSetting(Vis-Visualization)">Conditional</animation>
			<animation effect="fade" start="0" end="100" time="1000">Visible</animation>
			<animation effect="fade" start="100" end="0" time="1000">Hidden</animation>
			<include condition="Skin.HasSetting(Vis-Animation)">backgroundanimation2</include>
			<visible>Player.HasAudio + Skin.HasSetting(Vis-ArtistSlide)</visible>
		</control>
		<include condition="!Skin.HasSetting(SafeMode)">fanartslideshow-musicvisualisation</include>
		<control type="multiimage">
			<description>fallback texture if no fanart is available</description>
			<posx>0</posx>
			<posy>0</posy>
			<width>1920</width>
			<height>1080</height>
			<timeperimage>5000</timeperimage>
			<randomize>true</randomize>
			<fadetime>2000</fadetime>
			<imagepath fallback="special://skin/backgrounds/background-music.jpg" background="true">$INFO[Skin.String(Custom_Back_Music_Folder)]</imagepath>
			<aspectratio>scale</aspectratio>
			<include condition="Skin.HasSetting(Vis-Animation)">backgroundanimation2</include>
			<animation effect="fade" start="100" end="20" time="0" condition="![StringCompare(Visualisation.Name,waveform) | StringCompare(Visualisation.Name,opengl spectrum) | StringCompare(Visualisation.Name,directx spectrum)] + !Skin.HasSetting(Vis-Visualization)">Conditional</animation>
			<visible>Player.HasAudio + [!Skin.HasSetting(Vis-Fanart) | [Skin.HasSetting(Vis-Slideshow) + IsEmpty(Control.GetLabel(6101))]] + IsEmpty(MusicPlayer.Property(Fanart_Image))</visible>
		</control>
		<control type="image">
			<posx>0</posx>
			<posy>0</posy>
			<width>1920</width>
			<height>1080</height>
			<texture background="true">$INFO[MusicPlayer.Property(Fanart_Image)]</texture>
			<aspectratio>scale</aspectratio>
			<fadetime>FanartCrossfadeTime</fadetime>
			<include>VisibleFadeEffect</include>
			<include condition="Skin.HasSetting(Vis-Animation)">backgroundanimation2</include>
			<animation effect="fade" start="100" end="20" time="0" condition="![StringCompare(Visualisation.Name,waveform) | StringCompare(Visualisation.Name,opengl spectrum) | StringCompare(Visualisation.Name,directx spectrum)] + !Skin.HasSetting(Vis-Visualization)">Conditional</animation>
			<visible>Player.HasAudio + [!Skin.HasSetting(Vis-Fanart) | [Skin.HasSetting(Vis-Slideshow) + IsEmpty(Control.GetLabel(6101))]]</visible>
		</control>
		<include condition="!Skin.HasSetting(SafeMode)">cdwall-musicvisualisation</include>
		<include condition="Skin.HasSetting(ArtistLogo) + !Skin.HasSetting(SafeMode)">logo-artists-visualisation</include>
		<control type="visualisation" id="2">
			<description>visualisation</description>
			<posx>0</posx>
			<posy>0</posy>
			<width>1920</width>
			<height>1080</height>
			<visible>Player.HasAudio + !Skin.HasSetting(Vis-Visualization) + [StringCompare(Visualisation.Name,waveform) | StringCompare(Visualisation.Name,opengl spectrum) | StringCompare(Visualisation.Name,directx spectrum)]</visible>
		</control>
		<control type="group">
			<visible>Skin.HasSetting(Vis-ScrollTitles)</visible>
			<control type="group">
				<control type="label">
					<posx>30</posx>
					<posy>660</posy>
					<width>900</width>
					<height>120</height>
					<label>$INFO[MusicPlayer.Time]</label>
					<textcolor>99FFFFFF</textcolor>
					<font>font-160</font>
					<angle>90</angle>
					<include>VisibleFadeEffect</include>
				</control>
				<animation effect="fade" time="1500">Visible</animation>
				<animation effect="fade" time="1500">Hidden</animation>
				<visible>!IntegerGreaterThan(System.Time(ss),21)</visible>
				<control type="group">
					<posx>0</posx>
					<posy>0</posy>
					<width>1920</width>
					<height>1080</height>
					<control type="label">
						<posx>0</posx>
						<posy>750</posy>
						<width>2025</width>
						<height>120</height>
						<include>MusicPlayerTitle</include>
						<scrollspeed>60</scrollspeed>
					</control>
					<control type="label">
						<posx>0</posx>
						<posy>900</posy>
						<width>2025</width>
						<height>52</height>
						<include>MusicPlayerArtist</include>
						<scrollspeed>100</scrollspeed>
					</control>
					<control type="label">
						<posx>0</posx>
						<posy>900</posy>
						<width>2025</width>
						<height>48</height>
						<include>MusicPlayerAlbum</include>
						<scrollspeed>80</scrollspeed>
					</control>
				</control>
			</control>
			<control type="group">
				<control type="label">
					<posx>450</posx>
					<posy>0</posy>
					<width>900</width>
					<height>120</height>
					<label>$INFO[MusicPlayer.Time]</label>
					<textcolor>99FFFFFF</textcolor>
					<font>font-160</font>
					<angle>300</angle>
					<include>VisibleFadeEffect</include>
				</control>
				<animation effect="fade" time="1500">Visible</animation>
				<animation effect="fade" time="1500">Hidden</animation>
				<visible>IntegerGreaterThan(System.Time(ss),19) + !IntegerGreaterThan(System.Time(ss),41)</visible>
				<control type="group">
					<posx>0</posx>
					<posy>0</posy>
					<width>1920</width>
					<height>1080</height>
					<animation effect="rotate" start="0" end="30" center="960,540" time="0" condition="true">Conditional</animation>
					<control type="label">
						<posx>-300</posx>
						<posy>420</posy>
						<width>2520</width>
						<height>120</height>
						<include>MusicPlayerTitle</include>
						<scrollspeed>80</scrollspeed>
					</control>
					<control type="label">
						<posx>0</posx>
						<posy>600</posy>
						<width>2025</width>
						<height>52</height>
						<include>MusicPlayerArtist</include>
						<scrollspeed>60</scrollspeed>
					</control>
					<control type="label">
						<posx>0</posx>
						<posy>675</posy>
						<width>2025</width>
						<height>48</height>
						<include>MusicPlayerAlbum</include>
						<scrollspeed>100</scrollspeed>
					</control>
				</control>
			</control>
			<control type="group">
				<control type="label">
					<posx>840</posx>
					<posy>30</posy>
					<width>900</width>
					<height>120</height>
					<label>$INFO[MusicPlayer.Time]</label>
					<textcolor>99FFFFFF</textcolor>
					<font>font-160</font>
					<include>VisibleFadeEffect</include>
				</control>
				<animation effect="fade" time="1500">Visible</animation>
				<animation effect="fade" time="1500">Hidden</animation>
				<visible>IntegerGreaterThan(System.Time(ss),39) | !IntegerGreaterThan(System.Time(ss),01)</visible>
				<control type="group">
					<posx>0</posx>
					<posy>0</posy>
					<width>1920</width>
					<height>1080</height>
					<animation effect="rotate" start="0" end="90" center="960,540" time="0" condition="true">Conditional</animation>
					<control type="label">
						<posx>0</posx>
						<posy>1035</posy>
						<width>2025</width>
						<height>120</height>
						<include>MusicPlayerTitle</include>
						<scrollspeed>100</scrollspeed>
					</control>
					<control type="label">
						<posx>0</posx>
						<posy>1200</posy>
						<width>2025</width>
						<height>52</height>
						<include>MusicPlayerArtist</include>
						<scrollspeed>80</scrollspeed>
					</control>
					<control type="label">
						<posx>0</posx>
						<posy>1050</posy>
						<width>2025</width>
						<height>48</height>
						<include>MusicPlayerAlbum</include>
						<scrollspeed>60</scrollspeed>
					</control>
				</control>
			</control>
			<control type="group">
				<include>ContentFade</include>
				<control type="group">
					<visible>Player.ShowCodec + !Window.IsVisible(script-XBMC_Lyrics-main.xml)</visible>
					<include>VisibleFadeEffect</include>
					<include condition="Skin.HasSetting(HateTransparency)">T-Underlay42</include>
					<control type="image">
						<description>media info background image</description>
						<posx>0</posx>
						<posy>8</posy>
						<width>1920</width>
						<height>165</height>
						<texture border="0,11,0,11">underlay4.png</texture>
					</control>
					<control type="label">
						<description>row 1 label</description>
						<posx>75</posx>
						<posy>38</posy>
						<label>-</label>
						<align>left</align>
						<label>$LOCALIZE[445] | $INFO[musicplayer.Codec,Codec: ,]$INFO[musicplayer.Bitrate, - Bitrate: ,kbps]$INFO[musicplayer.bitspersample, - Bits: ,bit]$INFO[musicplayer.Samplerate, - Freq.: ,kHz]$INFO[musicplayer.Channels, - Channels: ]</label>
						<font>font-19</font>
					</control>
					<control type="label">
						<description>Unlocked row 2 label</description>
						<posx>75</posx>
						<posy>75</posy>
						<label>-</label>
						<align>left</align>
						<label>$LOCALIZE[131] | fps: $INFO[System.FPS] - $LOCALIZE[250] - $INFO[Visualisation.Name]</label>
						<font>font-19</font>
					</control>
					<control type="label">
						<description>row 3 label</description>
						<posx>75</posx>
						<posy>112</posy>
						<label>-</label>
						<align>left</align>
						<label>$LOCALIZE[13388] | $INFO[Visualisation.Preset]</label>
						<font>font-19</font>
					</control>
				</control>
			</control>
		</control>
		<control type="group">
			<include>ContentFade</include>
			<control type="group">
				<visible>Player.ShowCodec + !Window.IsVisible(script-XBMC_Lyrics-main.xml)</visible>
				<include>VisibleFadeEffect</include>
				<include condition="Skin.HasSetting(HateTransparency)">T-Underlay42</include>
				<control type="image">
					<description>media info background image</description>
					<posx>0</posx>
					<posy>8</posy>
					<width>1920</width>
					<height>165</height>
					<texture border="0,11,0,11">underlay4.png</texture>
				</control>
				<control type="label">
					<description>row 1 label</description>
					<posx>75</posx>
					<posy>38</posy>
					<label>-</label>
					<align>left</align>
					<label>$LOCALIZE[445] | $INFO[musicplayer.Codec,Codec: ,]$INFO[musicplayer.Bitrate, - Bitrate: ,kbps]$INFO[musicplayer.bitspersample, - Bits: ,bit]$INFO[musicplayer.Samplerate, - Freq.: ,kHz]$INFO[musicplayer.Channels, - Channels: ]</label>
					<font>font-19</font>
				</control>
				<control type="label">
					<description>Unlocked row 2 label</description>
					<posx>75</posx>
					<posy>75</posy>
					<label>-</label>
					<align>left</align>
					<label>$LOCALIZE[131] | fps: $INFO[System.FPS] - $LOCALIZE[250] - $INFO[Visualisation.Name]</label>
					<font>font-19</font>
				</control>
				<control type="label">
					<description>row 3 label</description>
					<posx>75</posx>
					<posy>112</posy>
					<label>-</label>
					<align>left</align>
					<label>$LOCALIZE[13388] | $INFO[Visualisation.Preset]</label>
					<font>font-19</font>
				</control>
			</control>
			<control type="textbox">
				<description>textarea</description>
				<posx>150</posx>
				<posy>-234</posy>
				<width>1620</width>
				<height>1080</height>
				<font>font-80</font>
				<align>center</align>
				<textcolor>AFFFFFFF</textcolor>
				<shadowcolor>A0000000</shadowcolor>
				<autoscroll time="2000" delay="0" repeat="7500">true</autoscroll>
				<label>$VAR[MusicVisualisation]</label>
				<animation effect="fade" start="100" end="0" time="400">Hidden</animation>
				<animation effect="fade" start="100" end="0" time="1500">WindowClose</animation>
				<animation effect="slide" start="0,0" end="0,234" time="300" condition="!Player.ShowInfo + !Window.IsVisible(MusicOSD)">Conditional</animation>
				<visible>Skin.HasSetting(Music_OSD_Info)</visible>
			</control>
			<control type="group">
				<posx>0</posx>
				<posy>780</posy>
				<visible>Player.ShowInfo | Window.IsVisible(MusicOSD)</visible>
				<animation effect="slide" start="-480,0" end="0,0" time="300">Visible</animation>
				<animation effect="slide" start="0,0" end="-480,0" time="300">Hidden</animation>
				<animation effect="slide" start="-480,0" end="0,0" time="300">WindowOpen</animation>
				<animation effect="slide" start="0,0" end="-480,0" time="300" delay="1200">WindowClose</animation>
				<control type="image">
					<description>default cd image</description>
					<posx>52</posx>
					<posy>-3</posy>
					<width>296</width>
					<height>296</height>
					<texture fallback="defaultdvdfull.png" background="true">$INFO[Player.FolderPath,,cdart.png]</texture>
					<aspectratio>keep</aspectratio>
					<include>cdartspin</include>
					<visible>!Skin.HasSetting(SafeMode)</visible>
				</control>
				<control type="image">
					<description>cover image</description>
					<posx>48</posx>
					<posy>-6</posy>
					<width>300</width>
					<height>300</height>
					<texture>$INFO[MusicPlayer.Cover]</texture>
					<animation effect="fade" start="100" end="0" time="8000">Hidden</animation>
					<visible>Player.HasAudio</visible>
				</control>
				<control type="image">
					<posx>15</posx>
					<posy>-10</posy>
					<width>344</width>
					<height>310</height>
					<texture>cdcase.png</texture>
					<visible>!Skin.HasSetting(HideMusicCase)</visible>
				</control>
			</control>
			<control type="group">
				<posx>0</posx>
				<posy>780</posy>
				<animation effect="slide" start="0,270" end="0,0" time="300">Visible</animation>
				<animation effect="slide" start="0,0" end="0,270" time="300">Hidden</animation>
				<animation effect="slide" start="0,270" end="0,0" time="300">WindowOpen</animation>
				<animation effect="slide" start="0,0" end="0,270" time="300" delay="1200">WindowClose</animation>
				<visible>Player.ShowInfo | Window.IsVisible(MusicOSD)</visible>
				<control type="image">
					<description>media info background image</description>
					<posx>480</posx>
					<posy>34</posy>
					<width>1653</width>
					<height>330</height>
					<texture border="42">panel-shadow-reverse.png</texture>
				</control>
				<include condition="Skin.HasSetting(HateTransparency)">T-Panel5</include>
				<control type="image">
					<description>media info background image</description>
					<posx>510</posx>
					<posy>64</posy>
					<width>1605</width>
					<height>300</height>
					<texture border="30">panel.png</texture>
				</control>
				<control type="button">
					<posx>1887</posx>
					<posy>93</posy>
					<width>30</width>
					<height>30</height>
					<texturefocus>close-window-focus.png</texturefocus>
					<texturenofocus>close-window-nofocus.png</texturenofocus>
					<onclick>FullScreen</onclick>
					<visible>Skin.HasSetting(TouchScreenMode) + !Window.IsVisible(MusicOSD)</visible>
				</control>
				<control type="label">
					<posx>540</posx>
					<posy>87</posy>
					<width>998</width>
					<height>38</height>
					<label>$INFO[MusicPlayer.Artist]</label>
					<align>left</align>
					<aligny>center</aligny>
					<font>font-23</font>
					<textcolor>blue</textcolor>
				</control>
				<control type="label">
					<posx>540</posx>
					<posy>126</posy>
					<width>1088</width>
					<height>38</height>
					<label>$INFO[MusicPlayer.Title]</label>
					<align>left</align>
					<aligny>center</aligny>
					<font>font-32</font>
					<textcolor>grey_b</textcolor>
				</control>
				<control type="label">
					<posx>540</posx>
					<posy>165</posy>
					<width>1162</width>
					<height>38</height>
					<label>$INFO[MusicPlayer.Album]</label>
					<align>left</align>
					<aligny>center</aligny>
					<font>font-20</font>
				</control>
				<control type="label">
					<description>System Time Label</description>
					<posx>1882</posx>
					<posy>87</posy>
					<width>300</width>
					<height>38</height>
					<textcolor>blue</textcolor>
					<label>$INFO[System.Time]</label>
					<align>right</align>
					<aligny>center</aligny>
					<font>font-23</font>
				</control>
				<control type="image">
					<description>Rating image</description>
					<posx>1530</posx>
					<posy>82</posy>
					<width>188</width>
					<height>38</height>
					<texture>$INFO[Player.StarRating]</texture>
					<aspectratio align="right">keep</aspectratio>
				</control>
				<control type="label">
					<posx>1822</posx>
					<posy>123</posy>
					<width>120</width>
					<height>22</height>
					<label>[B]$INFO[MusicPlayer.samplerate][/B]</label>
					<align>right</align>
					<aligny>center</aligny>
					<font>font-15</font>
					<textcolor>white</textcolor>
				</control>
				<control type="label">
					<posx>1822</posx>
					<posy>144</posy>
					<width>120</width>
					<height>22</height>
					<label>[B]$INFO[MusicPlayer.bitrate][/B]</label>
					<align>right</align>
					<aligny>center</aligny>
					<font>font-15</font>
					<textcolor>white</textcolor>
				</control>
				<control type="label">
					<posx>1882</posx>
					<posy>123</posy>
					<width>75</width>
					<height>22</height>
					<label>[B]kHz[/B]</label>
					<align>right</align>
					<aligny>center</aligny>
					<font>font-15</font>
					<textcolor>grey_b</textcolor>
					<visible>!IsEmpty(MusicPlayer.samplerate)</visible>
				</control>
				<control type="label">
					<posx>1882</posx>
					<posy>144</posy>
					<width>75</width>
					<height>22</height>
					<label>[B]kbps[/B]</label>
					<align>right</align>
					<aligny>center</aligny>
					<font>font-15</font>
					<textcolor>grey_b</textcolor>
					<visible>!IsEmpty(MusicPlayer.bitrate)</visible>
				</control>
				<control type="label">
					<description>Playlist Pos No</description>
					<posx>1882</posx>
					<posy>165</posy>
					<width>750</width>
					<height>38</height>
					<textcolor>white</textcolor>
					<label>$INFO[musicplayer.Playlistposition,$LOCALIZE[554]: ]$INFO[musicplayer.Playlistlength, / ]</label>
					<align>right</align>
					<aligny>center</aligny>
					<font>font-20</font>
					<visible>!MusicPartyMode.Enabled</visible>
				</control>
				<control type="label">
					<description>Party Mode Label</description>
					<posx>1882</posx>
					<posy>165</posy>
					<width>750</width>
					<height>38</height>
					<textcolor>white</textcolor>
					<label>589</label>
					<align>right</align>
					<font>font-20</font>
					<visible>MusicPartyMode.Enabled</visible>
				</control>
				<control type="label">
					<description>time label</description>
					<posx>540</posx>
					<posy>201</posy>
					<width>420</width>
					<height>38</height>
					<label>$INFO[MusicPlayer.Time]</label>
					<align>left</align>
					<aligny>center</aligny>
					<font>font-20</font>
					<textcolor>grey_b</textcolor>
				</control>
				<control type="progress">
					<description>Progressbar</description>
					<posx>662</posx>
					<posy>210</posy>
					<width>1095</width>
					<height>22</height>
					<info>Player.Progress</info>
				</control>
				<control type="slider" id="888">
					<description>Slider</description>
					<posx>662</posx>
					<posy>210</posy>
					<width>1095</width>
					<height>22</height>
					<action>seek</action>
				</control>
				<control type="label">
					<description>time label</description>
					<posx>1882</posx>
					<posy>201</posy>
					<width>420</width>
					<height>38</height>
					<label>$INFO[Player.Duration]</label>
					<align>right</align>
					<aligny>center</aligny>
					<font>font-20</font>
					<textcolor>grey_b</textcolor>
				</control>
				<include condition="!Skin.HasSetting(Enable_Music_Media_Flags)">FullScreenMusicMediaFlags</include>
				<control type="label">
					<posx>1882</posx>
					<posy>246</posy>
					<width>1050</width>
					<height>38</height>
					<label>$LOCALIZE[19031] : $INFO[MusicPlayer.offset(1).Artist,, - ]$INFO[MusicPlayer.offset(1).Title]</label>
					<align>right</align>
					<aligny>center</aligny>
					<font>font-20</font>
					<textcolor>lightgrey</textcolor>
					<animation effect="fade" start="0" end="100" time="100" delay="200">Visible</animation>
					<visible>MusicPlayer.HasNext + !Window.IsVisible(MusicOSD)</visible>
				</control>
			</control>
		</control>
		<include condition="Skin.HasSetting(DebugMode)">debuginfomusicplayer</include>
	</controls>
</window>
