<?xml version="1.0" encoding="UTF-8"?>
<window>
	<defaultcontrol always="true">50</defaultcontrol>
	<allowoverlay>no</allowoverlay>
	<views>50,51,52,53,55,59,599</views>
	<controls>
		<include condition="Skin.HasSetting(VideoBackgrounds)">CommonVideoPlayingBackground</include>
		<control type="multiimage">
			<posx>0</posx>
			<posy>0</posy>
			<width>1920</width>
			<height>1080</height>
			<timeperimage>5000</timeperimage>
			<randomize>true</randomize>
			<fadetime>2000</fadetime>
			<imagepath fallback="special://skin/backgrounds/background-music.jpg" background="true">$INFO[Skin.String(Custom_Back_Music_Folder)]</imagepath>
			<aspectratio>scale</aspectratio>
			<include condition="Skin.HasSetting(AnimateBackgrounds)">backgroundanimation</include>
			<include>VisibleFadeEffect</include>
			<visible>![Player.HasVideo + Skin.HasSetting(VideoBackgrounds)]</visible>
		</control>
		<include condition="!Skin.HasSetting(SafeMode)">fanart-mymusicsongs</include>
		<control type="image">
			<description>artist level fanart</description>
			<posx>0</posx>
			<posy>0</posy>
			<width>1920</width>
			<height>1080</height>
			<texture background="true">$INFO[ListItem.Property(Fanart_Image)]</texture>
			<aspectratio>scale</aspectratio>
			<fadetime>FanartCrossfadeTime</fadetime>
			<include>VisibleFadeEffect</include>
			<include condition="Skin.HasSetting(AnimateFanart)">backgroundanimation</include>
			<visible>!IsEmpty(ListItem.Property(Fanart_Image)) + ![Player.HasVideo + Skin.HasSetting(VideoBackgrounds)]</visible>
		</control>
		<include condition="Skin.HasSetting(MusicExtraFanart) + !Skin.HasSetting(SafeMode)">fanart-extra-music-files</include>
		<include condition="Skin.HasSetting(ArtistLogo) + !Skin.HasSetting(SafeMode)">logo-artists-files</include>
		<include condition="Skin.HasSetting(VizBackgrounds)">CommonVisualizationBackground</include>
		<control type="group">
			<include>ContentFade</include>
			<include condition="!Skin.HasSetting(Hide-Music-CoverFlow)">CoverFlow-Music</include>
			<!-- view id=55 -->
		</control>
		<control type="group">
			<include>Window_OpenClose_Right_Panel_Animation</include>
			<include>ContentFade</include>
			<control type="group">
				<animation effect="slide" start="0,0" end="1658,0" time="300" tween="quadratic" easing="out" condition="Control.IsVisible(55)">Conditional</animation>
				<animation effect="slide" start="0,0" end="1050,166" time="300" tween="quadratic" easing="out" condition="Control.IsVisible(50) + !Skin.HasSetting(FanartShort) + !Skin.HasSetting(FanartLong)">Conditional</animation>
				<animation effect="slide" start="0,0" end="1050,386" time="300" tween="quadratic" easing="out" condition="Control.IsVisible(50) + Skin.HasSetting(FanartShort)">Conditional</animation>
				<animation effect="slide" start="0,0" end="1050,-183" time="300" tween="quadratic" easing="out" condition="Control.IsVisible(50) + Skin.HasSetting(FanartLong)">Conditional</animation>
				<animation effect="slide" start="0,0" end="112,0" time="200" delay="200" tween="quadratic" easing="out" condition="Skin.HasSetting(WideSideMenuButtons) + ControlGroup(9000).HasFocus + ![Control.IsVisible(50) | Control.IsVisible(55)]">Conditional</animation>
				<include>ContentPanel</include>
				<include condition="!Skin.HasSetting(Hide-Music-FullList)">FullList-Music</include>
				<!-- view id=52 -->
				<include condition="!Skin.HasSetting(Hide-Music-List)">List-Music</include>
				<!-- view id=51 -->
				<include condition="!Skin.HasSetting(Hide-Music-Thumbnail)">Thumbnail</include>
				<!-- view id=53 -->
				<include>Fanart-Music</include>
				<!-- view id=50 -->
				<include condition="!Skin.HasSetting(Hide-Music-MediaInfo)">MediaInfo-Music</include>
				<!-- view id=59 -->
				<include condition="!Skin.HasSetting(Hide-Music-MediaInfo)">MediaInfo-AddOns</include>
				<!-- view id=599 -->
				<include>AllViewCommonPageControls</include>
				<include>ScrollOffsetLabel</include>
			</control>
		</control>
		<control type="group">
			<include>ContentFade2</include>
			<include>Fanart-AlbumsSongs_Extras</include>
		</control>
		<control type="group">
			<posy>34</posy>
			<include>ContentFade</include>
			<include>Window_OpenClose_Left_Panel_Animation</include>
			<include>CommonNowPlaying</include>
			<visible>![Skin.HasSetting(KioskMode) + !Player.HasMedia]</visible>
			<control type="group" id="9000">
				<include condition="!Skin.HasSetting(WideSideMenuButtons)">Window_OpenClose_Left_Panel_Position_Normal</include>
				<include condition="Skin.HasSetting(WideSideMenuButtons)">Window_OpenClose_Left_Panel_Position_Wide</include>
				<include>SideMenuAnim</include>
				<control type="image">
					<posx>0</posx>
					<posy>-24</posy>
					<height>24</height>
					<texture border="0,0,10,0">shadow-top2.png</texture>
					<include condition="!Skin.HasSetting(WideSideMenuButtons)">ButtonCommonValuesNormal</include>
					<include condition="Skin.HasSetting(WideSideMenuButtons)">ButtonCommonValuesWide</include>
				</control>
				<control type="button" id="2">
					<description>View As button</description>
					<posx>0</posx>
					<posy>0</posy>
					<include>ButtonCommonValues</include>
					<label>-</label>
					<onleft>50</onleft>
					<onright>50</onright>
					<onup>22</onup>
					<ondown>3</ondown>
					<visible>!Skin.HasSetting(KioskMode)</visible>
				</control>
				<control type="button" id="3">
					<description>Sort by button</description>
					<posx>0</posx>
					<posy>68</posy>
					<include>ButtonCommonValues</include>
					<label>103</label>
					<onleft>50</onleft>
					<onright>4</onright>
					<onup>2</onup>
					<ondown>5</ondown>
					<visible>!Skin.HasSetting(KioskMode)</visible>
				</control>
				<control type="togglebutton" id="4">
					<description>Sort asc</description>
					<posy>94</posy>
					<width>22</width>
					<height>22</height>
					<label>-</label>
					<onleft>3</onleft>
					<onright>50</onright>
					<onup>2</onup>
					<ondown>5</ondown>
					<include condition="!Skin.HasSetting(WideSideMenuButtons)">ToggleButtonNormal</include>
					<include condition="Skin.HasSetting(WideSideMenuButtons)">ToggleButtonWide</include>
					<visible>!Skin.HasSetting(KioskMode)</visible>
				</control>
				<control type="radiobutton" id="5">
					<description>Library button</description>
					<posx>0</posx>
					<posy>135</posy>
					<label>$LOCALIZE[29800]</label>
					<onclick>ReplaceWindow(MusicLibrary)</onclick>
					<selected>Window.IsVisible(MusicLibrary)</selected>
					<include>ButtonCommonValues</include>
					<onleft>50</onleft>
					<onright>50</onright>
					<onup>3</onup>
					<ondown>19</ondown>
					<enable>Library.HasContent(Music)</enable>
					<visible>!Skin.HasSetting(KioskMode)</visible>
				</control>
				<control type="edit" id="19">
					<description>Filter</description>
					<posx>0</posx>
					<posy>202</posy>
					<include>ButtonCommonValues</include>
					<label>587</label>
					<onleft>50</onleft>
					<onright>50</onright>
					<onup>5</onup>
					<ondown>610</ondown>
					<visible>!Skin.HasSetting(KioskMode)</visible>
				</control>
				<control type="button" id="610">
					<description>PlayerControls</description>
					<posx>0</posx>
					<posy>270</posy>
					<include>ButtonCommonValues</include>
					<label>16003</label>
					<onleft>50</onleft>
					<onright>50</onright>
					<onup>19</onup>
					<ondown>22</ondown>
					<onclick>ActivateWindow(playercontrols)</onclick>
					<animation effect="slide" end="0,-202" time="0" condition="Skin.HasSetting(KioskMode)">Conditional</animation>
					<visible>Player.HasAudio | Player.HasVideo</visible>
				</control>
				<control type="button" id="22">
					<description>now playing</description>
					<posx>0</posx>
					<posy>338</posy>
					<include>ButtonCommonValues</include>
					<label>13350</label>
					<onleft>50</onleft>
					<onright>50</onright>
					<onup>610</onup>
					<ondown>2</ondown>
					<onclick>ActivateWindow(musicplaylist)</onclick>
					<animation effect="slide" end="0,-202" time="0" condition="Skin.HasSetting(KioskMode)">Conditional</animation>
					<animation effect="slide" start="0,0" end="0,-68" time="0" condition="![Player.HasAudio | Player.HasVideo]">conditional</animation>
					<visible>!StringCompare(Playlist.Length(music),0)</visible>
				</control>
				<control type="image">
					<posx>0</posx>
					<posy>273</posy>
					<height>24</height>
					<texture border="0,0,10,0">shadow-bottom2.png</texture>
					<animation effect="slide" end="0,68" time="0" condition="!StringCompare(Playlist.Length(music),0)">Conditional</animation>
					<animation effect="slide" end="0,68" time="0" condition="Player.HasAudio | Player.HasVideo">Conditional</animation>
					<include condition="!Skin.HasSetting(WideSideMenuButtons)">ButtonCommonValuesNormal</include>
					<include condition="Skin.HasSetting(WideSideMenuButtons)">ButtonCommonValuesWide</include>
					<animation effect="slide" end="0,-270" time="0" condition="Skin.HasSetting(KioskMode)">Conditional</animation>
				</control>
			</control>
		</control>
		<control type="group">
			<include>ContentFade</include>
			<include>Window_OpenClose_Header_Animation</include>
			<animation effect="slide" start="0,0" end="0,-112" time="300" tween="quadratic" easing="out" condition="Control.IsVisible(50) | Control.IsVisible(55)">Conditional</animation>
			<include condition="Skin.HasSetting(HateTransparency)">T-Header1</include>
			<control type="image">
				<posx>0</posx>
				<posy>0</posy>
				<width>1920</width>
				<height>111</height>
				<texture>Header.png</texture>
			</control>
			
			<control type="grouplist">
				<include>Breadcrumbs</include>
				<include>Breadcrumbs-Music-Files</include>
			</control>
		</control>
		<include condition="Skin.HasSetting(TouchScreenMode)">TouchScreenControls</include>
		<include condition="Skin.HasSetting(DebugMode)">debuginfo</include>
	</controls>
</window>
