<?xml version="1.0" encoding="UTF-8"?>
<window>
	<defaultcontrol always="true">50</defaultcontrol>
	<allowoverlay>no</allowoverlay>
	<views>50,51,52,53,594,597,599</views>
	<controls>
		<include condition="Skin.HasSetting(VideoBackgrounds)">CommonVideoPlayingBackground</include>
		<control type="multiimage">
			<posx>0</posx>
			<posy>0</posy>
			<width>1920</width>
			<height>1080</height>
			<imagepath fallback="special://skin/backgrounds/background-pictures.jpg" background="true">$INFO[Skin.String(Custom_Back_Pictures_Folder)]</imagepath>
			<aspectratio>scale</aspectratio>
			<timeperimage>5000</timeperimage>
			<randomize>true</randomize>
			<fadetime>2000</fadetime>
			<include condition="Skin.HasSetting(AnimateBackgrounds)">backgroundanimation</include>
			<include>VisibleFadeEffect</include>
			<visible>[IsEmpty(ListItem.Property(Fanart_Image)) + IsEmpty(Container(597).ListItem(0).Thumb)] + ![Player.HasVideo + Skin.HasSetting(VideoBackgrounds)]</visible>
		</control>
		<control type="image">
			<posx>0</posx>
			<posy>0</posy>
			<width>1920</width>
			<height>1080</height>
			<texture background="true">$INFO[ListItem.Property(Fanart_Image)]</texture>
			<aspectratio>scale</aspectratio>
			<fadetime>FanartCrossfadeTime</fadetime>
			<include>VisibleFadeEffect</include>
			<include condition="Skin.HasSetting(AnimateFanart)">backgroundanimation</include>
			<visible>!IsEmpty(ListItem.Property(Fanart_Image)) + ![Player.HasVideo + Skin.HasSetting(VideoBackgrounds)]</visible>
		</control>
		<include condition="!Skin.HasSetting(SafeMode)">fanart-Programs_Pictures</include>
		<control type="image">
			<posx>0</posx>
			<posy>0</posy>
			<width>1920</width>
			<height>1080</height>
			<texture background="true">$INFO[Container(597).Listitem(0).Icon]</texture>
			<aspectratio>scale</aspectratio>
			<fadetime>1000</fadetime>
			<include condition="Skin.HasSetting(AnimateBackgrounds)">backgroundanimation</include>
			<include>VisibleFadeEffect</include>
			<visible>Control.IsVisible(597) + !IsEmpty(Container(597).ListItem(0).Thumb)</visible>
		</control>
		<control type="image">
			<posx>0</posx>
			<posy>0</posy>
			<width>1920</width>
			<height>1080</height>
			<texture>black.png</texture>
			<include>VisibleFadeEffect</include>
			<colordiffuse>A2000000</colordiffuse>
			<animation effect="fade" start="100" end="0" time="300" condition="Window.IsActive(PictureInfo)" reversible="true">conditional</animation>
			<visible>Control.IsVisible(597)</visible>
		</control>
		<control type="image">
			<posx>-21</posx>
			<posy>-21</posy>
			<width>1962</width>
			<height>1122</height>
			<texture background="true">$INFO[ListItem.FilenameAndPath]</texture>
			<fadetime>FanartCrossfadeTime</fadetime>
			<aspectratio>keep</aspectratio>
			<bordertexture border="17">poster-shadow.png</bordertexture>
			<bordersize>14</bordersize>
			<include>VisibleFadeEffect</include>
			<visible>[Control.IsVisible(594) | Control.IsVisible(50)] + !Skin.HasSetting(Picture_Fullscreen)</visible>
		</control>
		<control type="image">
			<posx>0</posx>
			<posy>0</posy>
			<width>1920</width>
			<height>1080</height>
			<texture background="true">$INFO[ListItem.FilenameAndPath]</texture>
			<fadetime>FanartCrossfadeTime</fadetime>
			<aspectratio>scale</aspectratio>
			<include>VisibleFadeEffect</include>
			<visible>[Control.IsVisible(594) | Control.IsVisible(50)] + Skin.HasSetting(Picture_Fullscreen)</visible>
		</control>
		<include condition="Skin.HasSetting(VizBackgrounds)">CommonVisualizationBackground</include>
		<control type="group">
			<include>ContentFade</include>
			<include condition="!Skin.HasSetting(Hide-Pictures-Polaroid)">Polaroid</include>
			<include condition="!Skin.HasSetting(Hide-Pictures-PicThumb)">PicThumb</include>
		</control>
		<control type="group">
			<include>ContentFade</include>
			<include>Window_OpenClose_Right_Panel_Animation</include>
			<include>ContentPanel</include>
			<include condition="!Skin.HasSetting(Hide-Pictures-FullList)">FullList</include>
			<include condition="!Skin.HasSetting(Hide-Pictures-List)">List</include>
			<include condition="!Skin.HasSetting(Hide-Pictures-Thumbnail)">Thumbnail</include>
			<include condition="!Skin.HasSetting(Hide-Pictures-MediaInfo)">MediaInfo-AddOns</include>
			<include>Fanart-ProgramsPicturesAddons</include>
			<include>AllViewCommonPageControls</include>
			<include>ScrollOffsetLabel</include>
			<animation effect="slide" start="0,0" end="1050,166" time="300" tween="quadratic" easing="out" condition="Control.IsVisible(50) + !Skin.HasSetting(FanartShort) + !Skin.HasSetting(FanartLong)">Conditional</animation>
			<animation effect="slide" start="0,0" end="1050,386" time="300" tween="quadratic" easing="out" condition="Control.IsVisible(50) + Skin.HasSetting(FanartShort)">Conditional</animation>
			<animation effect="slide" start="0,0" end="1050,-183" time="300" tween="quadratic" easing="out" condition="Control.IsVisible(50) + Skin.HasSetting(FanartLong)">Conditional</animation>
			<animation effect="slide" start="0,0" end="1658,0" time="300" tween="quadratic" easing="out" condition="[Control.IsVisible(594) | Control.IsVisible(597)]">Conditional</animation>
			<animation effect="slide" start="0,0" end="112,0" time="200" delay="200" tween="quadratic" easing="out" condition="Skin.HasSetting(WideSideMenuButtons) + ControlGroup(9000).HasFocus + ![Control.IsVisible(57) | Control.IsVisible(597) | Control.IsVisible(50)]">Conditional</animation>
		</control>
		<control type="group">
			<include>ContentFade2</include>
			<include>Fanart-Pictures-Extras</include>
		</control>
		<control type="group">
			<posy>34</posy>
			<include>ContentFade</include>
			<include>Window_OpenClose_Left_Panel_Animation</include>
			<include>CommonNowPlaying</include>
			<control type="group" id="9000">
				<include condition="!Skin.HasSetting(WideSideMenuButtons)">Window_OpenClose_Left_Panel_Position_Normal</include>
				<include condition="Skin.HasSetting(WideSideMenuButtons)">Window_OpenClose_Left_Panel_Position_Wide</include>
				<include>SideMenuAnim</include>
				<control type="image">
					<posx>0</posx>
					<posy>-24</posy>
					<height>24</height>
					<texture border="0,0,10,0">shadow-top2.png</texture>
					<include condition="!Skin.HasSetting(WideSideMenuButtons)">ButtonCommonValuesNormal</include>
					<include condition="Skin.HasSetting(WideSideMenuButtons)">ButtonCommonValuesWide</include>
				</control>
				<control type="button" id="2">
					<description>View As button</description>
					<posx>0</posx>
					<posy>0</posy>
					<include>ButtonCommonValues</include>
					<label>-</label>
					<onleft>50</onleft>
					<onright>50</onright>
					<onup>610</onup>
					<ondown>3</ondown>
					<visible>!Skin.HasSetting(KioskMode)</visible>
				</control>
				<control type="button" id="3">
					<description>Sort by button</description>
					<posx>0</posx>
					<posy>68</posy>
					<include>ButtonCommonValues</include>
					<label>103</label>
					<onleft>50</onleft>
					<onright>4</onright>
					<onup>2</onup>
					<ondown>19</ondown>
					<visible>!Skin.HasSetting(KioskMode)</visible>
				</control>
				<control type="togglebutton" id="4">
					<description>Sort asc</description>
					<posy>94</posy>
					<width>22</width>
					<height>22</height>
					<label>-</label>
					<onleft>3</onleft>
					<onright>50</onright>
					<onup>2</onup>
					<ondown>19</ondown>
					<include condition="!Skin.HasSetting(WideSideMenuButtons)">ToggleButtonNormal</include>
					<include condition="Skin.HasSetting(WideSideMenuButtons)">ToggleButtonWide</include>
					<visible>!Skin.HasSetting(KioskMode)</visible>
				</control>
				<control type="edit" id="19">
					<description>Filter</description>
					<posx>0</posx>
					<posy>135</posy>
					<include>ButtonCommonValues</include>
					<label>587</label>
					<onleft>50</onleft>
					<onright>50</onright>
					<onup>3</onup>
					<ondown>6</ondown>
					<visible>!Skin.HasSetting(KioskMode)</visible>
				</control>
				<control type="button" id="6">
					<description>Slideshow</description>
					<posx>0</posx>
					<posy>202</posy>
					<include>ButtonCommonValues</include>
					<label>108</label>
					<onleft>50</onleft>
					<onright>50</onright>
					<onup>19</onup>
					<ondown>7</ondown>
					<animation effect="slide" end="0,-202" time="0" condition="Skin.HasSetting(KioskMode)">Conditional</animation>
				</control>
				<control type="button" id="7">
					<description>Recursive Slideshow</description>
					<posx>0</posx>
					<posy>270</posy>
					<include>ButtonCommonValues</include>
					<label>361</label>
					<onleft>50</onleft>
					<onright>50</onright>
					<onup>6</onup>
					<ondown>9</ondown>
					<animation effect="slide" end="0,-202" time="0" condition="Skin.HasSetting(KioskMode)">Conditional</animation>
				</control>
				<control type="radiobutton" id="9">
					<description>Randomize Toggle</description>
					<posx>0</posx>
					<posy>338</posy>
					<include>ButtonCommonValues</include>
					<label>13319</label>
					<onleft>50</onleft>
					<onright>50</onright>
					<onup>7</onup>
					<ondown>610</ondown>
					<animation effect="slide" end="0,-202" time="0" condition="Skin.HasSetting(KioskMode)">Conditional</animation>
					<visible>!Control.IsVisible(597)</visible>
				</control>
				<control type="button" id="610">
					<description>PlayerControls</description>
					<posx>0</posx>
					<posy>405</posy>
					<include>ButtonCommonValues</include>
					<label>16003</label>
					<onleft>50</onleft>
					<onright>50</onright>
					<onup>9</onup>
					<ondown>2</ondown>
					<onclick>ActivateWindow(playercontrols)</onclick>
					<animation effect="slide" end="0,-68" time="0" condition="Control.IsVisible(597)">Conditional</animation>
					<animation effect="slide" end="0,-202" time="0" condition="Skin.HasSetting(KioskMode)">Conditional</animation>
					<visible>Player.HasAudio | Player.HasVideo</visible>
				</control>
				<control type="image">
					<posx>0</posx>
					<posy>408</posy>
					<height>24</height>
					<texture border="0,0,10,0">shadow-bottom2.png</texture>
					<animation effect="slide" end="0,-68" time="0" condition="Control.IsVisible(597)">Conditional</animation>
					<animation effect="slide" end="0,-202" time="0" condition="Skin.HasSetting(KioskMode)">Conditional</animation>
					<animation effect="slide" end="0,68" time="0" condition="[Player.HasAudio | Player.HasVideo]">Conditional</animation>
					<include condition="!Skin.HasSetting(WideSideMenuButtons)">ButtonCommonValuesNormal</include>
					<include condition="Skin.HasSetting(WideSideMenuButtons)">ButtonCommonValuesWide</include>
				</control>
			</control>
		</control>
		<control type="group">
			<include>ContentFade</include>
			<include>Window_OpenClose_Header_Animation</include>
			<animation effect="slide" start="0,0" end="0,-112" time="300" tween="quadratic" easing="out" condition="Control.IsVisible(594) | Control.IsVisible(50)">Conditional</animation>
			<include condition="Skin.HasSetting(HateTransparency)">T-Header1</include>
			<control type="image">
				<posx>0</posx>
				<posy>0</posy>
				<width>1920</width>
				<height>111</height>
				<texture>Header.png</texture>
			</control>
			
			<control type="grouplist">
				<include>Breadcrumbs</include>
				<include>Breadcrumbs-Pictures</include>
			</control>
		</control>
		<include condition="Skin.HasSetting(TouchScreenMode)">TouchScreenControls</include>
		<include condition="Skin.HasSetting(DebugMode)">debuginfo</include>
	</controls>
</window>
