<?xml version="1.0" encoding="UTF-8"?>
<window>
	<defaultcontrol always="true">50</defaultcontrol>
	<views>50</views>
	<controls>
		<include>FS_Video</include>
		<control type="group">
			<control type="group">
			<!-- view id=50 -->
				<include>Fanart-Videos</include>
			</control>
		</control>
		<control type="group">
			<posy>80</posy>		
			<visible>![Skin.HasSetting(KioskMode) + !Player.HasMedia]</visible>
			<control type="group">
				<animation effect="slide" end="270" tween="linear" easing="out" time="400" condition="ControlGroup(9100).HasFocus">Conditional</animation>
			<!--<animation effect="slide" start="270" end="0" tween="linear" time="400">UnFocus</animation> -->
				<control type="image">
					<posx>-270</posx>
					<posy>0</posy>
					<width>270</width>
					<height>780</height>
					<texture>main/main_focus.png</texture>
				</control>
				<control type="label">
					<posx>-270</posx>
					<posy>0</posy>
					<height>40</height>
					<width>270</width>
					<textcolor>grey_b</textcolor>
					<align>center</align>
					<label>5</label>
					<font>font-28</font>
				</control>
				<control type="image">
					<posx>-270</posx>
					<posy>54</posy>
					<width>270</width>
					<height>2</height>
					<texture colordiffuse="grey_b">dialogs/white.png</texture>
				</control>

				<control type="grouplist" id="9100">
					<posx>-270</posx>
					<posy>60</posy>
					<align>left</align>
					<width>270</width>
					<height>700</height>
					<onleft>50</onleft>
					<onright>50</onright>
					<onup>9100</onup>
					<ondown>9100</ondown>
					<onback>50</onback>
					<itemgap>2</itemgap>
					<usecontrolcoords>true</usecontrolcoords>
					<orientation>vertical</orientation>
					<visible>!Skin.HasSetting(KioskMode)</visible>
					<control type="button" id="2">
						<description>View As button</description>
						<width>270</width>
						<label>-</label>
					</control>
					<control type="button" id="3">
						<description>Sort by button</description>
						<posx>40</posx>
						<width>230</width>
						<label>103</label>
					</control>
					<control type="togglebutton" id="4">
						<description>Sort asc</description>
						<posx>0</posx>
						<posy>-45</posy>
						<width>45</width>
						<align>left</align>
						<label>-</label>
						<altlabel>-</altlabel>
					</control>
					<control type="edit" id="19">
						<description>Filter</description>
						<posx>0</posx>
						<posy>0</posy>
						<width>270</width>
						<height>45</height>
						<label>587</label>
						<textcolor>grey_b</textcolor>
						<focusedcolor>darkgrey</focusedcolor>
						<visible>Container.CanFilter + !Container.CanFilterAdvanced</visible>
					</control>
					<control type="radiobutton" id="23">
						<description>Advanced Filter</description>
						<posx>0</posx>
						<posy>0</posy>
						<width>270</width>
						<height>45</height>
						<align>center</align>
						<textcolor>grey_b</textcolor>
						<focusedcolor>darkgrey</focusedcolor>
						<label>587</label>
						<onclick>right</onclick>
						<onclick>Filter</onclick>
						<selected>Container.Filtered</selected>
						<visible>Container.CanFilterAdvanced</visible>
					</control>

				<control type="button" id="611">
					<description>FullScreen</description>
					<width>270</width>
					<label>244</label>
					<onclick>FullScreen</onclick>
					<visible>Player.HasAudio | Player.HasVideo</visible>
				</control>
				</control>
	
			</control>
		</control>
		
		<include condition="Skin.HasSetting(DebugMode)">debuginfo</include>
	</controls>
</window>
