<?xml version="1.0" encoding="UTF-8"?>
<window>
	<defaultcontrol>52</defaultcontrol>
	<allowoverlay>no</allowoverlay>
	<views>52</views>
	<controls>
		<include condition="Skin.HasSetting(VideoBackgrounds)">CommonVideoPlayingBackground</include>
		<control type="multiimage">
			<posx>0</posx>
			<posy>0</posy>
			<width>1920</width>
			<height>1080</height>
			<imagepath fallback="special://skin/backgrounds/background-tv.jpg" background="true">$INFO[Skin.String(Custom_Back_TV_Folder)]</imagepath>
			<aspectratio>scale</aspectratio>
			<timeperimage>5000</timeperimage>
			<randomize>true</randomize>
			<fadetime>2000</fadetime>
			<include condition="Skin.HasSetting(AnimateBackgrounds)">backgroundanimation</include>
			<visible>![Player.HasVideo + Skin.HasSetting(VideoBackgrounds)]</visible>
		</control>
		<include condition="Skin.HasSetting(VizBackgrounds)">CommonVisualizationBackground</include>
		<control type="group">
			<include>ContentFade</include>
			<include>Window_OpenClose_Right_Panel_Animation</include>
			<control type="group">
				<animation effect="slide" start="0,0" end="112,0" time="200" delay="200" tween="quadratic" easing="out" condition="Skin.HasSetting(WideSideMenuButtons) + ControlGroup(9000).HasFocus">Conditional</animation>
				<include>ContentPanel</include>
				<include>FullList-PVRTimers</include>
				<include>ScrollOffsetLabel</include>
				<include>AllViewCommonPageControls</include>
			</control>
		</control>
		<control type="group">
			<include>ContentFade2</include>
			<include>FullList-PVRTimers_Extras</include>
		</control>
		<control type="group">
			<posy>34</posy>
			<include>ContentFade</include>
			<include>Window_OpenClose_Left_Panel_Animation</include>
			<control type="group" id="9000">
				<include condition="!Skin.HasSetting(WideSideMenuButtons)">Window_OpenClose_Left_Panel_Position_Normal</include>
				<include condition="Skin.HasSetting(WideSideMenuButtons)">Window_OpenClose_Left_Panel_Position_Wide</include>
				<include>SideMenuAnim2</include>
				<control type="image">
					<posx>0</posx>
					<posy>-24</posy>
					<height>24</height>
					<texture border="0,0,10,0">shadow-top2.png</texture>
					<include condition="!Skin.HasSetting(WideSideMenuButtons)">ButtonCommonValuesNormal</include>
					<include condition="Skin.HasSetting(WideSideMenuButtons)">ButtonCommonValuesWide</include>
				</control>
				<control type="button" id="2">
					<description>View As button</description>
					<posx>0</posx>
					<posy>0</posy>
					<include>ButtonCommonValues</include>
					<label>-</label>
					<onleft>52</onleft>
					<onright>52</onright>
					<onup>905</onup>
					<ondown>3</ondown>
					<visible>!Skin.HasSetting(KioskMode)</visible>
				</control>
				<control type="button" id="3">
					<description>Sort by button</description>
					<posx>0</posx>
					<posy>68</posy>
					<include>ButtonCommonValues</include>
					<label>103</label>
					<onleft>52</onleft>
					<onright>4</onright>
					<onup>2</onup>
					<ondown>901</ondown>
					<visible>!Skin.HasSetting(KioskMode)</visible>
				</control>
				<control type="togglebutton" id="4">
					<description>Sort asc</description>
					<posy>94</posy>
					<width>22</width>
					<height>22</height>
					<label>-</label>
					<onleft>3</onleft>
					<onright>52</onright>
					<onup>2</onup>
					<ondown>901</ondown>
					<include condition="!Skin.HasSetting(WideSideMenuButtons)">ToggleButtonNormal</include>
					<include condition="Skin.HasSetting(WideSideMenuButtons)">ToggleButtonWide</include>
					<visible>!Skin.HasSetting(KioskMode)</visible>
				</control>
				<include>PVR-Menu</include>
				<control type="image">
					<posx>0</posx>
					<posy>476</posy>
					<height>24</height>
					<texture border="0,0,10,0">shadow-bottom2.png</texture>
					<animation effect="slide" end="0,-135" time="0" condition="Skin.HasSetting(KioskMode)">Conditional</animation>
					<include condition="!Skin.HasSetting(WideSideMenuButtons)">ButtonCommonValuesNormal</include>
					<include condition="Skin.HasSetting(WideSideMenuButtons)">ButtonCommonValuesWide</include>
				</control>
			</control>
		</control>
		<control type="group">
			<include>ContentFade</include>
			<include>Window_OpenClose_Header_Animation</include>
			<include condition="Skin.HasSetting(HateTransparency)">T-Header1</include>
			<control type="image">
				<posx>0</posx>
				<posy>0</posy>
				<width>1920</width>
				<height>111</height>
				<texture>Header.png</texture>
			</control>
			<control type="group">
				
			</control>
			<control type="grouplist">
				<include>Breadcrumbs</include>
				<include>Breadcrumbs-TV</include>
			</control>
		</control>
		<include condition="Skin.HasSetting(TouchScreenMode)">TouchScreenControls</include>
		<include condition="Skin.HasSetting(DebugMode)">debuginfo</include>
	</controls>
</window>
