<?xml version="1.0" encoding="UTF-8"?>
<window>
	<defaultcontrol>52</defaultcontrol>
	<allowoverlay>no</allowoverlay>
	<views>52</views>
	<controls>
		<control type="group">
			<include>PVR-BG</include>
			<include>PVR-Search</include>
		</control>
		<control type="scrollbar" id="61">
			<posx>1640</posx>
			<posy>140</posy>
			<height>710</height>
			<width>20</width>
			<onleft>11</onleft>
			<include>scroll_bar</include>
			<orientation>vertical</orientation>
			<showonepage>false</showonepage>
			<visible>Control.IsVisible(52)</visible>
			<animation effect="slide" end="270" tween="linear" easing="out" time="400" condition="ControlGroup(9100).HasFocus">Conditional</animation>
		</control>
		<control type="group">
			<posy>80</posy>
			<animation effect="slide" end="270" tween="linear" easing="out" time="400" condition="ControlGroup(9100).HasFocus">Conditional</animation>
			<control type="image">
				<posx>-270</posx>
				<posy>0</posy>
				<width>270</width>
				<height>780</height>
				<texture>main/main_focus.png</texture>
			</control>
			<control type="label">
				<posx>-270</posx>
				<posy>0</posy>
				<height>40</height>
				<width>270</width>
				<textcolor>grey_b</textcolor>
				<align>center</align>
				<label>5</label>
				<font>font-28</font>
			</control>
			<control type="image">
				<posx>-270</posx>
				<posy>54</posy>
				<width>270</width>
				<height>2</height>
				<texture colordiffuse="grey_b">dialogs/white.png</texture>
			</control>
			<control type="grouplist" id="9100">
				<posx>-270</posx>
				<posy>60</posy>
				<align>left</align>
				<width>270</width>
				<height>1000</height>
				<onleft>52</onleft>
				<onright>52</onright>
				<onup>9100</onup>
				<ondown>9100</ondown>
				<onback>52</onback>
				<itemgap>2</itemgap>
				<usecontrolcoords>true</usecontrolcoords>
				<orientation>vertical</orientation>
				<visible>!Skin.HasSetting(KioskMode)</visible>

				<control type="button" id="3">
					<description>Sort by button</description>
					<posx>40</posx>
					<width>230</width>
					<label>103</label>
				</control>
				<control type="togglebutton" id="4">
					<description>Sort asc</description>
					<posx>0</posx>
					<posy>-45</posy>
					<width>45</width>
					<align>left</align>
					<label>-</label>
					<altlabel>-</altlabel>
				</control>

				<control type="button" id="901">
					<description>Channels</description>
					<width>270</width>
					<label>$LOCALIZE[19019]</label>
					<onclick condition="IsEmpty(Window.Property(IsRadio))">ActivateWindow(TVChannels)</onclick>
					<onclick condition="!IsEmpty(Window.Property(IsRadio))">ActivateWindow(RadioChannels)</onclick>
				</control>
				<control type="button" id="902">
					<description>Guide</description>
					<width>270</width>
					<label>$LOCALIZE[22020]</label>
					<onclick condition="IsEmpty(Window.Property(IsRadio))">ActivateWindow(TVGuide)</onclick>
					<onclick condition="!IsEmpty(Window.Property(IsRadio))">ActivateWindow(RadioGuide)</onclick>
				</control>
				<control type="button" id="903">
					<description>Recordings</description>
					<width>270</width>
					<label>$LOCALIZE[19163]</label>
					<onclick condition="IsEmpty(Window.Property(IsRadio))">ActivateWindow(TVRecordings)</onclick>
					<onclick condition="!IsEmpty(Window.Property(IsRadio))">ActivateWindow(RadioRecordings)</onclick>
				</control>
				<control type="button" id="904">
					<description>Search</description>
					<width>270</width>
					<label>$LOCALIZE[137]</label>
					<onclick condition="IsEmpty(Window.Property(IsRadio))">ActivateWindow(TVSearch)</onclick>
					<onclick condition="!IsEmpty(Window.Property(IsRadio))">ActivateWindow(RadioSearch)</onclick>
				</control>
				<control type="button" id="905">
					<description>Timers</description>
					<width>270</width>
					<label>$LOCALIZE[31048]</label>
					<onclick condition="IsEmpty(Window.Property(IsRadio))">ActivateWindow(TVTimers)</onclick>
					<onclick condition="!IsEmpty(Window.Property(IsRadio))">ActivateWindow(RadioTimers)</onclick>
				</control>
			</control>
		</control>

		<include>top_bar</include>
		<include condition="Skin.HasSetting(DebugMode)">debuginfo</include>
	</controls>
</window>
