<?xml version="1.0" encoding="UTF-8"?>
<window>
	<defaultcontrol always="true">50</defaultcontrol>
	<allowoverlay>no</allowoverlay>
	<views>50,51,52,58</views>
	<controls>
		<include condition="Skin.HasSetting(VideoBackgrounds)">FS_Video</include>
		<!--<control type="image">
			<posx>0</posx>
			<posy>0</posy>
			<width>1920</width>
			<height>1080</height>
			<texture background="true">$INFO[ListItem.Property(Fanart_Image)]</texture>
			<aspectratio>scale</aspectratio>
			<fadetime>FanartCrossfadeTime</fadetime>
			<include>VisibleFadeEffect</include>
			<include condition="Skin.HasSetting(AnimateFanart)">backgroundanimation</include>
			<visible>!IsEmpty(ListItem.Property(Fanart_Image)) + ![Player.HasVideo + Skin.HasSetting(VideoBackgrounds)]</visible>
		</control>
		<control type="multiimage">
			<posx>0</posx>
			<posy>0</posy>
			<width>1920</width>
			<height>1080</height>
			<timeperimage>5000</timeperimage>
			<randomize>true</randomize>
			<fadetime>2000</fadetime>
			<imagepath fallback="special://skin/backgrounds/background-videos.jpg" background="true">$INFO[Skin.String(Custom_Back_Videos_Folder)]</imagepath>
			<aspectratio>scale</aspectratio>
			<include>VisibleFadeEffect</include>
			<include condition="Skin.HasSetting(AnimateBackgrounds)">backgroundanimation</include>
			<visible>IsEmpty(ListItem.Property(Fanart_Image)) + IsEmpty(Fanart.Image) + ![Player.HasVideo + Skin.HasSetting(VideoBackgrounds)]</visible>
		</control>
		<include condition="Skin.HasSetting(VizBackgrounds)">CommonVisualizationBackground</include>
		-->
		<control type="group">
			<include>Fanart-Videos</include>
			<include condition="!Skin.HasSetting(Hide-Videos-FullList)">FullList-Videos</include>
			<include condition="!Skin.HasSetting(Hide-Videos-List)">List-Videos</include>
			<include condition="!Skin.HasSetting(Hide-Videos-MediaInfo)">MediaInfo-Movies</include>
		</control>

		<control type="group">
			<include>ContentFade2</include>
			<include>Fanart-Videos_Extras</include>
		</control>
		<control type="group">
			<posy>80</posy>
			<visible>!Skin.HasSetting(KioskMode)</visible>
			
			<control type="group">
<animation effect="slide" end="270" tween="linear" easing="out" time="400" condition="ControlGroup(9100).HasFocus">Conditional</animation>
				<control type="image">
					<posx>-270</posx>
					<posy>0</posy>
					<width>270</width>
					<height>780</height>
					<texture>main/main_focus.png</texture>
				</control>
				<control type="label">
					<posx>-270</posx>
					<posy>0</posy>
					<height>40</height>
					<width>270</width>
					<textcolor>grey_b</textcolor>
					<align>center</align>
					<label>559</label>
					<font>font-28</font>
				</control>
				<control type="image">
					<posx>-270</posx>
					<posy>54</posy>
					<width>270</width>
					<height>2</height>
					<texture colordiffuse="grey_b">dialogs/white.png</texture>
				</control>
			
			<control type="grouplist" id="9100">
				<posx>-270</posx>
				<posy>60</posy>
				<align>left</align>
				<width>270</width>
				<height>700</height>
				<onleft>50</onleft>
				<onright>50</onright>
				<onup>9100</onup>
				<ondown>9100</ondown>
				<onback>50</onback>
				<itemgap>2</itemgap>
				<usecontrolcoords>true</usecontrolcoords>
				<orientation>vertical</orientation>
				<visible>!Skin.HasSetting(KioskMode)</visible>
				<control type="button" id="2">
					<description>View As button</description>
					<width>270</width>
					<label>-</label>
				</control>
				<control type="radiobutton" id="20">
					<description>Shuffle button</description>
					<posx>0</posx>
					<posy>0</posy>
					<width>270</width>
					<height>45</height>
					<align>center</align>
					<textcolor>grey_b</textcolor>
					<focusedcolor>darkgrey</focusedcolor>
					<label>191</label>

				</control>
				<control type="button" id="26">
					<description>Repeat button</description>
					<width>270</width>
					<label>-</label>

				</control>
				<control type="button" id="21">
					<description>Save button</description>
					<width>270</width>
					<label>190</label>

				</control>
				<control type="button" id="22">
					<description>Clear button</description>
					<width>270</width>
					<label>192</label>
					<onclick>ReplaceWindow(Video)</onclick>
				</control>
				<control type="button" id="611">
					<description>FullScreen</description>
					<width>270</width>
					<label>244</label>
					<onclick>FullScreen</onclick>
					<visible>Player.HasAudio | Player.HasVideo</visible>
				</control>
			</control>
			</control>
		</control>

		<include condition="Skin.HasSetting(DebugMode)">debuginfo</include>
	</controls>
</window>
