<?xml version="1.0" encoding="UTF-8"?>
<window>
	<!-- systeminfo -->
	<backgroundcolor>ffdadad7</backgroundcolor>
	<defaultcontrol always="true">95</defaultcontrol>
	<onunload>RunScript(script.skinshortcuts,type=buildxml&amp;mainmenuID=9000&amp;levels=0)</onunload>
	<controls>
		<control type="image">
			<posx>1630</posx>
			<posy>80</posy>
			<width>290</width>
			<height>1000</height>
			<texture background="true">main/main_menu.png</texture>
			<animation effect="fade" end="100" time="0" condition="true">Conditional</animation>
		</control>
		<control type="group">
			<!-- Dummy list -->
			<control type="grouplist" id="9000">
				<posx>1631</posx>
				<posy>118</posy>
				<width>290</width>
				<height>880</height>
				<itemgap>0</itemgap>
				<orientation>vertical</orientation>

				<!-- Appearance -->
				<control type="button">
					<width>300</width>
					<height>57</height>
					<label>480</label>
					<font>menu</font>
					<textcolor>$VAR[main_color]</textcolor>
					<texturenofocus>main/main_focus.png</texturenofocus>
					<include>button_settings</include>
					<visible>Window.IsActive(appearancesettings) + IsEmpty(Window(settings).Property(ChangeSettingsLevel))</visible>
				</control>
				<control type="button">
					<width>300</width>
					<height>57</height>
					<label>480</label>
					<font>menu</font>
					<include>button_settings</include>
					<onclick>ActivateWindow(appearancesettings)</onclick>
					<visible>!Window.IsActive(appearancesettings) | !IsEmpty(Window(settings).Property(ChangeSettingsLevel))</visible>
				</control>
				<!-- Videos -->
				<control type="button">
					<width>300</width>
					<height>57</height>
					<label>3</label>
					<font>menu</font>
					<textcolor>$VAR[main_color]</textcolor>
					<texturenofocus>main/main_focus.png</texturenofocus>
					<include>button_settings</include>
					<visible>Window.IsActive(videossettings)</visible>
				</control>
				<control type="button">
					<width>300</width>
					<height>57</height>
					<label>3</label>
					<font>menu</font>
					<include>button_settings</include>
					<onclick>ActivateWindow(videossettings)</onclick>
					<visible>!Window.IsActive(videossettings)</visible>
				</control>
				<!-- Music -->
				<control type="button">
					<width>300</width>
					<height>57</height>
					<label>2</label>
					<font>menu</font>
					<textcolor>$VAR[main_color]</textcolor>
					<texturenofocus>main/main_focus.png</texturenofocus>
					<include>button_settings</include>
					<visible>Window.IsActive(musicsettings)</visible>
				</control>
				<control type="button">
					<width>300</width>
					<height>57</height>
					<label>2</label>
					<font>menu</font>
					<include>button_settings</include>
					<onclick>ActivateWindow(musicsettings)</onclick>
					<visible>!Window.IsActive(musicsettings)</visible>
				</control>
				<!-- Pictures -->
				<control type="button">
					<width>300</width>
					<height>57</height>
					<label>1</label>
					<font>menu</font>
					<textcolor>$VAR[main_color]</textcolor>
					<texturenofocus>main/main_focus.png</texturenofocus>
					<include>button_settings</include>
					<visible>Window.IsActive(picturessettings)</visible>
				</control>
				<control type="button">
					<width>300</width>
					<height>57</height>
					<label>1</label>
					<font>menu</font>
					<include>button_settings</include>
					<onclick>ActivateWindow(picturessettings)</onclick>
					<visible>!Window.IsActive(picturessettings)</visible>
				</control>
				<!-- Weather -->
				<control type="button">
					<width>300</width>
					<height>57</height>
					<label>8</label>
					<font>menu</font>
					<textcolor>$VAR[main_color]</textcolor>
					<texturenofocus>main/main_focus.png</texturenofocus>
					<include>button_settings</include>
					<visible>Window.IsActive(weathersettings)</visible>
				</control>
				<control type="button">
					<width>300</width>
					<height>57</height>
					<label>8</label>
					<font>menu</font>
					<include>button_settings</include>
					<onclick>ActivateWindow(weathersettings)</onclick>
					<visible>!Window.IsActive(weathersettings)</visible>
				</control>
				<!-- System -->
				<control type="button">
					<width>300</width>
					<height>57</height>
					<label>13000</label>
					<font>menu</font>
					<textcolor>$VAR[main_color]</textcolor>
					<texturenofocus>main/main_focus.png</texturenofocus>
					<include>button_settings</include>
					<visible>Window.IsActive(systemsettings)</visible>
				</control>
				<control type="button">
					<width>300</width>
					<height>57</height>
					<label>13000</label>
					<font>menu</font>
					<include>button_settings</include>
					<onclick>ActivateWindow(systemsettings)</onclick>
					<visible>!Window.IsActive(systemsettings)</visible>
				</control>
				<!-- Service -->
				<control type="button">
					<width>300</width>
					<height>57</height>
					<label>14036</label>
					<font>menu</font>
					<textcolor>$VAR[main_color]</textcolor>
					<texturenofocus>main/main_focus.png</texturenofocus>
					<include>button_settings</include>
					<visible>Window.IsActive(servicesettings)</visible>
				</control>
				<control type="button">
					<width>300</width>
					<height>57</height>
					<label>14036</label>
					<font>menu</font>
					<include>button_settings</include>
					<onclick>ActivateWindow(servicesettings)</onclick>
					<visible>!Window.IsActive(servicesettings)</visible>
				</control>
				<!-- PVR -->
				<control type="button">
					<width>300</width>
					<height>57</height>
					<label>19191</label>
					<font>menu</font>
					<textcolor>$VAR[main_color]</textcolor>
					<texturenofocus>main/main_focus.png</texturenofocus>
					<include>button_settings</include>
					<visible>Window.IsActive(pvrsettings)</visible>
				</control>
				<control type="button">
					<width>300</width>
					<height>57</height>
					<label>19191</label>
					<font>menu</font>
					<include>button_settings</include>
					<onclick>ActivateWindow(pvrsettings)</onclick>
					<visible>!Window.IsActive(pvrsettings)</visible>
				</control>
				<!-- Seperator -->
				<control type="image">
					<width>290</width>
					<height>2</height>
					<texture background="true">dialogs/white.png</texture>
					<animation effect="fade" end="95" time="0" condition="true">Conditional</animation>
				</control>
				<!-- System info -->
				<control type="button">
					<width>300</width>
					<height>57</height>
					<label>130</label>
					<font>menu</font>
					<textcolor>$VAR[main_color]</textcolor>
					<texturenofocus>main/main_focus.png</texturenofocus>
					<include>button_settings</include>
					<visible>Window.IsActive(systeminfo)</visible>
				</control>

				<!-- System Info -->
				<control type="button">
					<width>300</width>
					<height>57</height>
					<label>130</label>
					<font>menu</font>
					<include>button_settings</include>
					<onclick>ActivateWindow(systeminfo)</onclick>
					<visible>!Window.IsActive(systeminfo)</visible>
				</control>

				<!-- Addons -->
				<control type="button">
					<width>300</width>
					<height>57</height>
					<label>24001</label>
					<font>menu</font>
					<include>button_settings</include>
					<onclick>ActivateWindow(addonbrowser)</onclick>
				</control>
				<!-- Profiles -->
				<control type="button">
					<width>300</width>
					<height>57</height>
					<label>13200</label>
					<font>menu</font>
					<include>button_settings</include>
					<onclick>ActivateWindow(profiles)</onclick>
				</control>
				<!-- File Manager -->
				<control type="button">
					<width>300</width>
					<height>57</height>
					<label>7</label>
					<font>menu</font>
					<include>button_settings</include>
					<onclick>ActivateWindow(filemanager)</onclick>
				</control>
				<!-- Level of settings -->
				<control type="button">
					<width>300</width>
					<height>57</height>
					<label>LeveL</label>
					<font>menu</font>
					<include>button_settings</include>
					<onclick>SetProperty(ChangeSettingsLevel,true)</onclick>
					<onclick>ActivateWindow(appearancesettings)</onclick>

				</control>
				<!-- Seperator -->
				<control type="image">
					<width>290</width>
					<height>2</height>
					<texture background="true">dialogs/white.png</texture>
					<animation effect="fade" end="95" time="0" condition="true">Conditional</animation>
				</control>
				<!-- Phenomenal Skin -->
				<control type="button">
					<width>300</width>
					<height>57</height>
					<label>Phenomenal</label>
					<font>menu</font>
					<textcolor>white</textcolor>
					<include>button_settings</include>
					<onclick>ActivateWindow(skinsettings)</onclick>
					<animation effect="fade" start="100" end="70" time="0" condition="!ControlGroup(9000).HasFocus">Conditional</animation>
					<visible>!Window.IsActive(skinsettings)</visible>
				</control>
				<control type="button">
					<width>300</width>
					<height>57</height>
					<label>Phenomenal</label>
					<font>menu</font>
					<textcolor>$VAR[main_color]</textcolor>
					<texturenofocus>main/main_focus.png</texturenofocus>
					<include>button_settings</include>
					<onclick>noop</onclick>
					<animation effect="fade" start="100" end="70" time="0" condition="!ControlGroup(9000).HasFocus">Conditional</animation>
					<visible>Window.IsActive(skinsettings)</visible>
				</control>
			</control>
			<control type="image">
				<posx>0</posx>
				<posy>945</posy>
				<width>1630</width>
				<height>135</height>
				<texture background="true">main/widget_title.png</texture>
			</control>
			<control type="image">
				<posx>1342</posx>
				<posy>80</posy>
				<texture background="true">main/main_menu.png</texture>
				<height>1000</height>
				<width>290</width>
				<animation effect="fade" end="100" time="0" condition="true">Conditional</animation>
				<animation effect="zoom" start="1632,80,1,1000" end="1632,80,290,1000" time="300">WindowOpen</animation>
				<animation effect="zoom" start="1632,80,290,1000" end="1632,80,1,1000" time="300">WindowClose</animation>
				<visible>True</visible>
			</control>
		</control>

		<!-- Main list -->
		<control type="grouplist" id="50">
			<posx>1342</posx>
			<top>118</top>
			<width>290</width>
			<height>726</height>
			<itemgap>0</itemgap>
			<onright>ReplaceWindow(settings)</onright>
			<onleft>noop</onleft>
			<onup>noop</onup>
			<ondown>noop</ondown>
			<orientation>vertical</orientation>

			<!-- Custom Home -->
			<control type="button" id="94">
				<height>57</height>
				<width>290</width>
				<label>513</label>
				<font>menu</font>
				<include>button_settings</include>
				<onleft>RunScript(script.skinshortcuts,type=manage&amp;group=mainmenu)</onleft>
				<onclick>RunScript(script.skinshortcuts,type=manage&amp;group=mainmenu)</onclick>
			</control>
			<!-- More Options... -->
			<control type="button" id="95">
				<height>57</height>
				<font>menu</font>
				<label>22082</label>
				<textcolor>$VAR[settings_color_95]</textcolor>
				<include>button_settings</include>
				<onleft>10</onleft>
				<onclick>10</onclick>
			</control>
		</control>

		<!-- Settings -->
		<control type="grouplist" id="10">
			<posx>40</posx>
			<posy>117</posy>
			<width>1250</width>
			<height>830</height>
			<itemgap>0</itemgap>
			<onright>50</onright>
			<onup>10</onup>
			<ondown>10</ondown>
			<orientation>vertical</orientation>
			<visible>ControlGroup(50).HasFocus(95)</visible>
			<control type="label" id="11">
				<description>Top Bar Options</description>
				<label>אפשרויות תפריט עליון</label>
				<align>center</align>
				<width>1250</width>
				<height>40</height>
				<font>font-18</font>
				<textcolor>$VAR[main_color]</textcolor>
			</control>
			<control type="button" id="12">
				<description>Top Bar: Choose Color Of background</description>
				<label>צבע רקע</label>
				<label2>$INFO[Skin.String(top_bar_color)]</label2>
				<align>left</align>
				<width>1250</width>
				<include>button_settings_2</include>
				<onclick>SetProperty(Dialog.1.Label,Default - Orange)</onclick>
				<onclick>SetProperty(Dialog.1.BuiltIn,Skin.SetString(top_bar_color,orange_1))</onclick>
				<onclick>SetProperty(Dialog.2.Label,Gray)</onclick>
				<onclick>SetProperty(Dialog.2.BuiltIn,Skin.SetString(top_bar_color,grey_a))</onclick>
				<onclick>SetProperty(Dialog.3.Label,Input Name or FF+RGB CODE: yellow or #FFd2d2d2)</onclick>
				<onclick>SetProperty(Dialog.3.BuiltIn,Skin.SetString(top_bar_color))</onclick>
				<onclick>RunScript(script.toolbox,info=selectdialog,header=Choose Color)</onclick>
			</control>
			<control type="button" id="13">
				<description>Top Bar: Choose Color Of text</description>
				<label>צבע טקסט</label>
				<label2>$INFO[Skin.String(top_bar_text)]</label2>
				<align>left</align>
				<width>1250</width>
				<include>button_settings_2</include>
				<onclick>SetProperty(Dialog.1.Label,Default - White)</onclick>
				<onclick>SetProperty(Dialog.1.BuiltIn,Skin.SetString(top_bar_text,white))</onclick>
				<onclick>SetProperty(Dialog.2.Label,Orange)</onclick>
				<onclick>SetProperty(Dialog.2.BuiltIn,Skin.SetString(top_bar_text,orange_1))</onclick>
				<onclick>SetProperty(Dialog.3.Label,Input Name or FF+RGB CODE: yellow or #FFd2d2d2)</onclick>
				<onclick>SetProperty(Dialog.3.BuiltIn,Skin.SetString(top_bar_text))</onclick>
				<onclick>RunScript(script.toolbox,info=selectdialog,header=Choose Color)</onclick>
			</control>
			<control type="button" id="14">
				<description>Top Bar: rss header color</description>
				<label>RSS - צבע כותרת</label>
				<label2>$INFO[Skin.String(top_bar_rss1)]</label2>
				<align>left</align>
				<width>1250</width>
				<include>button_settings_2</include>
				<onclick>SetProperty(Dialog.1.Label,Default - White)</onclick>
				<onclick>SetProperty(Dialog.1.BuiltIn,Skin.SetString(top_bar_rss1,white))</onclick>
				<onclick>SetProperty(Dialog.2.Label,Orange)</onclick>
				<onclick>SetProperty(Dialog.2.BuiltIn,Skin.SetString(top_bar_rss1,orange_1))</onclick>
				<onclick>SetProperty(Dialog.3.Label,Input Name or FF+RGB CODE: yellow or #FFd2d2d2)</onclick>
				<onclick>SetProperty(Dialog.3.BuiltIn,Skin.SetString(top_bar_rss1))</onclick>
				<onclick>RunScript(script.toolbox,info=selectdialog,header=Choose Color)</onclick>
			</control>
			<control type="button" id="15">
				<description>Top Bar: rss text color</description>
				<label>RSS - צבע טקסט</label>
				<label2>$INFO[Skin.String(top_bar_rss2)]</label2>
				<align>left</align>
				<width>1250</width>
				<include>button_settings_2</include>
				<onclick>SetProperty(Dialog.1.Label,Default - White)</onclick>
				<onclick>SetProperty(Dialog.1.BuiltIn,Skin.SetString(top_bar_rss2,white))</onclick>
				<onclick>SetProperty(Dialog.2.Label,Orange)</onclick>
				<onclick>SetProperty(Dialog.2.BuiltIn,Skin.SetString(top_bar_rss2,orange_1))</onclick>
				<onclick>SetProperty(Dialog.3.Label,Input Name or FF+RGB CODE: yellow or #FFd2d2d2)</onclick>
				<onclick>SetProperty(Dialog.3.BuiltIn,Skin.SetString(top_bar_rss2))</onclick>
				<onclick>RunScript(script.toolbox,info=selectdialog,header=Choose Color)</onclick>
			</control>
			<control type="radiobutton" id="16">
				<label>הצג אייקון מזג אוויר</label>
				<onclick>Skin.ToggleSetting(Home_Weather_Icon)</onclick>
				<selected>!Skin.HasSetting(Home_Weather_Icon)</selected>
				<include>radio_button_settings</include>
			</control>
			<control type="button" id="17">
				<description>Top Bar: weather color</description>
				<label>צבע אייקון מזג-אוויר</label>
				<label2>$INFO[Skin.String(weather_color)]</label2>
				<align>left</align>
				<width>1250</width>
				<include>button_settings_2</include>
				<onclick>SetProperty(Dialog.1.Label,Default - White)</onclick>
				<onclick>SetProperty(Dialog.1.BuiltIn,Skin.SetString(weather_color,white))</onclick>
				<onclick>SetProperty(Dialog.2.Label,Orange)</onclick>
				<onclick>SetProperty(Dialog.2.BuiltIn,Skin.SetString(weather_color,orange_1))</onclick>
				<onclick>SetProperty(Dialog.3.Label,Input Name or FF+RGB CODE: yellow or #FFd2d2d2)</onclick>
				<onclick>SetProperty(Dialog.3.BuiltIn,Skin.SetString(weather_color))</onclick>
				<onclick>RunScript(script.toolbox,info=selectdialog,header=Choose Color)</onclick>
			</control>
		<control type="button" id="18">
				<description>Main-Color</description>
				<label>Main-Color</label>
				<label2>$INFO[Skin.String(main_color)]</label2>
				<align>left</align>
				<width>1250</width>
				<include>button_settings_2</include>
				<onclick>SetProperty(Dialog.1.Label,Default - Orange)</onclick>
				<onclick>SetProperty(Dialog.1.BuiltIn,Skin.SetString(main_color,orange_1))</onclick>
				<onclick>SetProperty(Dialog.2.Label,Light Blue)</onclick>
				<onclick>SetProperty(Dialog.2.BuiltIn,Skin.SetString(main_color,lightblue))</onclick>
				<onclick>SetProperty(Dialog.3.Label,Dark Red)</onclick>
				<onclick>SetProperty(Dialog.3.BuiltIn,Skin.SetString(main_color,FFc2233e))</onclick>
				<onclick>SetProperty(Dialog.4.Label,Input Name or FF+RGB CODE: yellow or #FFd2d2d2)</onclick>
				<onclick>SetProperty(Dialog.4.BuiltIn,Skin.SetString(main_color))</onclick>
				<onclick>RunScript(script.toolbox,info=selectdialog,header=Choose Color)</onclick>
			</control>
			<control type="radiobutton" id="19">
				<label>אפשר TVTunes</label>
				<onclick>Skin.ToggleSetting(TVTunes)</onclick>
				<selected>Skin.HasSetting(TVTunes)</selected>
				<include>radio_button_settings</include>
			</control>
			<control type="radiobutton" id="20">
				<label>אפשר NextAired</label>
				<onclick>Skin.ToggleSetting(NextAired)</onclick>
				<selected>!Skin.HasSetting(NextAired)</selected>
				<include>radio_button_settings</include>
			</control>
		</control>



		<include>top_bar</include>
	</controls>

</window>

