<?xml version="1.0" encoding="UTF-8"?>
<window>
	<defaultcontrol>-</defaultcontrol>
	<controls>
		<control type="button">
			<posx>1860</posx>
			<posy>30</posy>
			<width>30</width>
			<height>30</height>
			<texturefocus>close-window-focus.png</texturefocus>
			<texturenofocus>close-window-nofocus.png</texturenofocus>
			<onclick>PreviousMenu</onclick>
			<visible>Skin.HasSetting(TouchScreenMode)</visible>
		</control>
		<!-- media infos -->
		<control type="group">
			<posx>30</posx>
			<posy>945</posy>
			<visible>Player.ShowInfo + Player.HasMedia</visible>
			<include>VisibleFadeEffect</include>
			<include condition="Skin.HasSetting(HateTransparency)">T-Gradient4</include>
			<control type="image">
				<posx>-30</posx>
				<posy>0</posy>
				<width>750</width>
				<height>120</height>
				<texture border="2">gradient2.png</texture>
			</control>
			<control type="image">
				<posx>22</posx>
				<posy>12</posy>
				<width>94</width>
				<height>94</height>
				<texture>$INFO[MusicPlayer.Cover]</texture>
			</control>
			<control type="image">
				<posx>14</posx>
				<posy>10</posy>
				<width>106</width>
				<height>98</height>
				<texture>cdcase.png</texture>
				<visible>!Skin.HasSetting(HideMusicCase)</visible>
			</control>
			<control type="label">
				<posx>135</posx>
				<posy>14</posy>
				<width>600</width>
				<height>30</height>
				<label>$INFO[MusicPlayer.Title]</label>
				<align>left</align>
				<aligny>center</aligny>
				<font>font-19</font>
				<textcolor>white</textcolor>
				<shadowcolor>black</shadowcolor>
			</control>
			<control type="label">
				<posx>135</posx>
				<posy>45</posy>
				<width>600</width>
				<height>30</height>
				<label>$INFO[MusicPlayer.Artist]$INFO[MusicPlayer.Album, - ]</label>
				<align>left</align>
				<aligny>center</aligny>
				<font>font-19</font>
				<textcolor>white</textcolor>
				<shadowcolor>black</shadowcolor>
			</control>
			<control type="label">
				<posx>225</posx>
				<posy>76</posy>
				<width>105</width>
				<height>30</height>
				<label>$INFO[MusicPlayer.Time]</label>
				<align>right</align>
				<aligny>center</aligny>
				<font>font-19</font>
				<textcolor>grey</textcolor>
				<shadowcolor>black</shadowcolor>
			</control>
			<control type="progress">
				<description>progress control</description>
				<posx>228</posx>
				<posy>82</posy>
				<width>399</width>
				<height>22</height>
				<info>Player.progress</info>
			</control>
			<control type="slider" id="888">
				<description>Slider</description>
				<posx>228</posx>
				<posy>82</posy>
				<width>399</width>
				<height>22</height>
				<action>seek</action>
			</control>
			<control type="label">
				<posx>630</posx>
				<posy>76</posy>
				<width>105</width>
				<height>30</height>
				<label>$INFO[MusicPlayer.Duration]</label>
				<align>left</align>
				<aligny>center</aligny>
				<font>font-19</font>
				<textcolor>grey</textcolor>
				<shadowcolor>black</shadowcolor>
			</control>
		</control>
	</controls>
</window>
