<?xml version="1.0" encoding="UTF-8"?>
<window>
	<defaultcontrol>5</defaultcontrol>
	<coordinates>
		<posx>360</posx>
		<posy>97</posy>
	</coordinates>
	<include>dialogeffect</include>
	<controls>
		<control type="group">
			<animation effect="zoom" start="0" end="100" center="1700,798" time="400">WindowOpen</animation>
			<animation effect="zoom" start="100" end="0" center="1700,798" time="400">WindowClose</animation>
			<animation effect="fade" end="96" time="0" condition="true">Conditional</animation>
			<control type="image">
				<description>background image</description>
				<posx>0</posx>
				<posy>0</posy>
				<width>1200</width>
				<height>702</height>
				<texture colordiffuse="darkgrey">dialogs/white.png</texture>
			</control>
			<control type="label" >
				<description>heading label</description>
				<posx>60</posx>
				<posy>10</posy>
				<width>1080</width>
				<height>45</height>
				<align>center</align>
				<aligny>center</aligny>
				<font>font-32</font>
				<label>$LOCALIZE[5] - $LOCALIZE[292]</label><!--20333-->
				<visible>Window.IsVisible(124)</visible>
				<textcolor>white</textcolor>
			</control>
			<control type="label" >
				<description>heading label</description>
				<posx>60</posx>
				<posy>10</posy>
				<width>1080</width>
				<height>45</height>
				<align>center</align>
				<aligny>center</aligny>
				<font>font-32</font>
				<label>$LOCALIZE[5] - $LOCALIZE[3]</label><!--20333-->
				<visible>Window.IsVisible(123)</visible>
				<textcolor>white</textcolor>
			</control>
			<control type="image">
				<posx>60</posx>
				<posy>65</posy>
				<width>1080</width>
				<height>3</height>
				<texture>dialogs/white.png</texture>
			</control>
			<control type="grouplist" id="5">
				<description>control area</description>
				<posx>68</posx>
				<posy>85</posy>
				<width>1065</width>
				<height>580</height>
				<itemgap>0</itemgap>
				<pagecontrol>61</pagecontrol>
				<onleft>61</onleft>
				<onright>61</onright>
				<onup>5</onup>
				<ondown>5</ondown>
			</control>
		</control>
		<control type="sliderex" id="13">
			<description>Default Slider</description>
			<height>45</height>
			<texturesliderbar>osd/2.png</texturesliderbar>
			<textureslidernib>osd/3.png</textureslidernib>
			<textureslidernibfocus>osd/3.png</textureslidernibfocus>
			<font>font-20</font>
			<textcolor>white</textcolor>
			<focusedcolor>$VAR[main_color]</focusedcolor>
			<disabledcolor>grey</disabledcolor>
			<animation effect="fade" start="50" end="50" time="0" condition="Player.Passthrough">Conditional</animation>
		</control>
		<control type="button" id="7">
			<description>Default Button</description>
			<height>45</height>
			<font>font-20</font>
			<textcolor>white</textcolor>
			<focusedcolor>$VAR[main_color]</focusedcolor>
			<texturefocus border="7">-</texturefocus>
			<texturenofocus border="7">-</texturenofocus>
		</control>
		<control type="radiobutton" id="8">
			<description>Default RadioButton</description>
			<height>45</height>
			<font>font-20</font>
			<textcolor>white</textcolor>
			<focusedcolor>$VAR[main_color]</focusedcolor>
			<texturefocus border="7">-</texturefocus>
			<texturenofocus border="7">-</texturenofocus>
		</control>
		<control type="spincontrolex" id="9">
			<description>Default spincontrolex</description>
			<height>45</height>
			<texturefocus border="7">-</texturefocus>
			<texturenofocus border="7">-</texturenofocus>
			<font>font-20</font>
			<textcolor>white</textcolor>
			<focusedcolor>$VAR[main_color]</focusedcolor>
			<reverse>yes</reverse>
		</control>
		<control type="image" id="11">
			<description>Default Seperator</description>
			<height>3</height>
			<texture>dialogs/white.png</texture>
		</control>
	</controls>
</window>
