<?xml version="1.0" encoding="UTF-8"?>
<window>
	<defaultcontrol>-</defaultcontrol>
	<controls>
		<!-- codec infos -->
		<control type="image">
			<description>media info background image</description>
			<posx>0</posx>
			<posy>8</posy>
			<width>1920</width>
			<height>270</height>
			<texture border="0,11,0,11">underlay4.png</texture>
		</control>
		<control type="label" id="10">
			<description>row 1 label</description>
			<posx>75</posx>
			<posy>30</posy>
			<width>1845</width>
			<height>60</height>
			<label>-</label>
			<align>left</align>
			<font>font-19</font>
			<include>VisibleFadeEffect</include>
		</control>
		<control type="label" id="11">
			<description>row 2 label</description>
			<posx>75</posx>
			<posy>98</posy>
			<width>1845</width>
			<height>60</height>
			<label>-</label>
			<align>left</align>
			<font>font-19</font>
			<include>VisibleFadeEffect</include>
		</control>
		<control type="label" id="12">
			<description>row 3 label</description>
			<posx>75</posx>
			<posy>165</posy>
			<width>1845</width>
			<height>90</height>
			<label>-</label>
			<align>left</align>
			<font>font-19</font>
			<include>VisibleFadeEffect</include>
		</control>
		<control type="group">
			<posx>0</posx>
			<posy>240</posy>
			<visible>VideoPlayer.Content(LiveTV)</visible>
			<control type="image">
				<description>media info background image</description>
				<posx>0</posx>
				<posy>0</posy>
				<width>1470</width>
				<height>315</height>
				<texture border="0,11,0,11">underlay4.png</texture>
			</control>
			<control type="label">
				<description>Header</description>
				<posx>75</posx>
				<posy>18</posy>
				<width>1208</width>
				<height>38</height>
				<label>[B]$LOCALIZE[19005][/B]</label>
				<align>left</align>
				<aligny>center</aligny>
				<font>font-19</font>
				<textcolor>blue</textcolor>
			</control>
			<control type="label">
				<description>Backend</description>
				<posx>75</posx>
				<posy>48</posy>
				<width>278</width>
				<height>38</height>
				<label>$LOCALIZE[19012]:</label>
				<align>left</align>
				<aligny>center</aligny>
				<font>font-19</font>
				<textcolor>lightblue</textcolor>
			</control>
			<control type="label">
				<description>Backend value</description>
				<posx>352</posx>
				<posy>48</posy>
				<width>900</width>
				<height>38</height>
				<label>$INFO[PVR.ActStreamClient]</label>
				<align>left</align>
				<aligny>center</aligny>
				<font>font-19</font>
				<textcolor>white</textcolor>
			</control>
			<control type="label">
				<description>Device</description>
				<posx>75</posx>
				<posy>78</posy>
				<width>278</width>
				<height>38</height>
				<label>$LOCALIZE[19006]:</label>
				<align>left</align>
				<aligny>center</aligny>
				<font>font-19</font>
				<textcolor>lightblue</textcolor>
			</control>
			<control type="label">
				<description>Device value</description>
				<posx>352</posx>
				<posy>78</posy>
				<width>900</width>
				<height>38</height>
				<label>$INFO[PVR.ActStreamDevice]</label>
				<align>left</align>
				<aligny>center</aligny>
				<font>font-19</font>
				<textcolor>white</textcolor>
			</control>
			<control type="label">
				<description>Status</description>
				<posx>75</posx>
				<posy>108</posy>
				<width>278</width>
				<height>38</height>
				<label>$LOCALIZE[19007]:</label>
				<align>left</align>
				<aligny>center</aligny>
				<font>font-19</font>
				<textcolor>lightblue</textcolor>
			</control>
			<control type="label">
				<description>Status value</description>
				<posx>352</posx>
				<posy>108</posy>
				<width>900</width>
				<height>38</height>
				<label>$INFO[PVR.ActStreamStatus]</label>
				<align>left</align>
				<aligny>center</aligny>
				<font>font-19</font>
				<textcolor>white</textcolor>
			</control>
			<control type="label">
				<description>Signal</description>
				<posx>75</posx>
				<posy>138</posy>
				<width>278</width>
				<height>38</height>
				<label>$LOCALIZE[19008]:</label>
				<align>left</align>
				<aligny>center</aligny>
				<font>font-19</font>
				<textcolor>lightblue</textcolor>
			</control>
			<control type="progress">
				<description>Progressbar</description>
				<posx>346</posx>
				<posy>150</posy>
				<width>225</width>
				<height>22</height>
				<info>PVR.ActStreamProgrSignal</info>
			</control>
			<control type="label">
				<description>Signal value</description>
				<posx>592</posx>
				<posy>138</posy>
				<width>270</width>
				<height>38</height>
				<label>$INFO[PVR.ActStreamSignal]</label>
				<align>left</align>
				<aligny>center</aligny>
				<font>font-19</font>
				<textcolor>white</textcolor>
			</control>
			<control type="label">
				<description>SNR</description>
				<posx>75</posx>
				<posy>168</posy>
				<width>278</width>
				<height>38</height>
				<label>$LOCALIZE[19009]:</label>
				<align>left</align>
				<aligny>center</aligny>
				<font>font-19</font>
				<textcolor>lightblue</textcolor>
			</control>
			<control type="progress">
				<description>Progressbar</description>
				<posx>346</posx>
				<posy>180</posy>
				<width>225</width>
				<height>22</height>
				<overlaytexture>-</overlaytexture>
				<info>PVR.ActStreamProgrSNR</info>
			</control>
			<control type="label">
				<description>SNR value</description>
				<posx>592</posx>
				<posy>168</posy>
				<width>270</width>
				<height>38</height>
				<label>$INFO[PVR.ActStreamSNR]</label>
				<align>left</align>
				<aligny>center</aligny>
				<font>font-19</font>
				<textcolor>white</textcolor>
			</control>
			<control type="label">
				<description>BER</description>
				<posx>75</posx>
				<posy>198</posy>
				<width>278</width>
				<height>38</height>
				<label>$LOCALIZE[19010]:</label>
				<align>left</align>
				<aligny>center</aligny>
				<font>font-19</font>
				<textcolor>lightblue</textcolor>
			</control>
			<control type="label">
				<description>BER value</description>
				<posx>352</posx>
				<posy>198</posy>
				<width>900</width>
				<height>38</height>
				<label>$INFO[PVR.ActStreamBER]</label>
				<align>left</align>
				<aligny>center</aligny>
				<font>font-19</font>
				<textcolor>white</textcolor>
			</control>
			<control type="label">
				<description>UNC</description>
				<posx>75</posx>
				<posy>228</posy>
				<width>278</width>
				<height>38</height>
				<label>$LOCALIZE[19011]:</label>
				<align>left</align>
				<aligny>center</aligny>
				<font>font-19</font>
				<textcolor>lightblue</textcolor>
			</control>
			<control type="label">
				<description>UNC value</description>
				<posx>352</posx>
				<posy>228</posy>
				<width>900</width>
				<height>38</height>
				<label>$INFO[PVR.ActStreamUNC]</label>
				<align>left</align>
				<aligny>center</aligny>
				<font>font-19</font>
				<textcolor>white</textcolor>
			</control>
			<control type="label">
				<description>Encryption</description>
				<posx>75</posx>
				<posy>258</posy>
				<width>278</width>
				<height>38</height>
				<label>$LOCALIZE[19015]:</label>
				<align>left</align>
				<aligny>center</aligny>
				<font>font-19</font>
				<textcolor>lightblue</textcolor>
			</control>
			<control type="label">
				<description>Encryption value</description>
				<posx>352</posx>
				<posy>258</posy>
				<width>900</width>
				<height>38</height>
				<label>$INFO[PVR.ActStreamEncryptionName]</label>
				<align>left</align>
				<aligny>center</aligny>
				<font>font-19</font>
				<textcolor>white</textcolor>
			</control>
		</control>
	</controls>
</window>
