<?xml version='1.0' encoding='UTF-8'?>
<shortcuts>
	<shortcut>
		<action>ActivateWindow(Videos,plugin://service.library.data.provider?type=recentepisodes,return)</action>
		<label>31503</label>
		<label2>562</label2>
		<defaultID>31503</defaultID>
		<icon>DefaultRecentlyAddedEpisodes.png</icon>
		<thumb />
	</shortcut>
	<shortcut>
		<action>ActivateWindow(Videos,plugin://service.library.data.provider?type=randomepisodes,return)</action>
		<label>31504</label>
		<label2>562</label2>
		<defaultID>31504</defaultID>
		<icon>DefaultEpisodes.png</icon>
		<thumb />
	</shortcut>
	<shortcut>
		<action>ActivateWindow(Videos,plugin://service.library.data.provider?type=recommendedepisodes,return)</action>
		<label>31505</label>
		<label2>562</label2>
		<defaultID>31505</defaultID>
		<icon>DefaultEpisodes.png</icon>
		<thumb />
	</shortcut>

	<shortcut>
		<action>ActivateWindow(Videos,TvShowGenres,return)</action>
		<label>135</label>
		<label2>20343</label2>
		<defaultID>135</defaultID>
		<icon>DefaultGenre.png</icon>
		<thumb />
	</shortcut>
	<shortcut>
		<action>ActivateWindow(Videos,TvShowYears,return)</action>
		<label>562</label>
		<label2>20343</label2>
		<defaultID>562</defaultID>
		<icon>DefaultYear.png</icon>
		<thumb />
	</shortcut>
	<shortcut>
		<action>ActivateWindow(Videos,TvShowActors,return)</action>
		<label>344</label>
		<label2>20343</label2>
		<defaultID>344</defaultID>
		<icon>DefaultActor.png</icon>
		<thumb />
	</shortcut>
</shortcuts>
