<?xml version='1.0' encoding='UTF-8'?>
<shortcuts>
	<shortcut>
		<action>ActivateWindow(Videos,plugin://service.library.data.provider?type=recentmovies,return)</action>
		<label>31500</label>
		<label2>342</label2>
		<defaultID>31500</defaultID>
		<icon />
		<thumb />
	</shortcut>
	<shortcut>
		<action>ActivateWindow(Videos,plugin://service.library.data.provider?type=randommovies,return)</action>
		<label>31501</label>
		<label2>342</label2>
		<defaultID>31501</defaultID>
		<icon />
		<thumb />
	</shortcut>
	<shortcut>
		<action>ActivateWindow(Videos,plugin://service.library.data.provider?type=recommendedmovies,return)</action>
		<label>31502</label>
		<label2>342</label2>
		<defaultID>31502</defaultID>
		<icon />
		<thumb />
	</shortcut>

	<shortcut>
		<action>ActivateWindow(Videos,MovieSets,return)</action>
		<label>20434</label>
		<label2>342</label2>
		<defaultID>20434</defaultID>
		<icon />
		<thumb />
	</shortcut>
	<shortcut>
		<action>ActivateWindow(Videos,MovieGenres,return)</action>
		<label>135</label>
		<label2>342</label2>
		<defaultID>135</defaultID>
		<icon />
		<thumb />
	</shortcut>
	<shortcut>
		<action>ActivateWindow(Videos,MovieYears,return)</action>
		<label>562</label>
		<label2>342</label2>
		<defaultID>562</defaultID>
		<icon />
		<thumb />
	</shortcut>
	<shortcut>
		<action>ActivateWindow(Videos,MovieActors,return)</action>
		<label>344</label>
		<label2>342</label2>
		<defaultID>344</defaultID>
		<icon />
		<thumb />
	</shortcut>
</shortcuts>
