<?xml version="1.0" encoding="UTF-8"?>
<overrides>
	<!-- Movies -->
	<!-- Recent movies -->
	<widget label="Recent movies">RecentMovies</widget>
	<widgetdefault labelID="movies">RecentMovies</widgetdefault>
	<!-- Recommended movies -->
	<widget label="Recommended movies">RecommendedMovies</widget>
	<!-- Random movies -->
	<widget label="Random movies">RandomMovies</widget>

	<!-- Episodes -->
	<!-- Recent episodes -->
	<widget label="Recent episodes">RecentEpisodes</widget>
	<widgetdefault labelID="tvshows">RecentEpisodes</widgetdefault>
	<!-- Recommended Recommended episodes -->
	<widget label="Recommended episodes">RecommendedEpisodes</widget>
	<!-- Random episodes -->
	<widget label="Random episodes">RandomEpisodes</widget>

	<!-- Albums -->
	<!-- Recent albums -->
	<widget label="Recent albums">RecentAlbums</widget>
	<widgetdefault labelID="132">RecentAlbums</widgetdefault>
	<!-- Recommended albums -->
	<widget label="Recommended albums">RecommendedAlbums</widget>
	<!-- Random albums -->
	<widget label="Random albums">RandomAlbums</widget>

	<!-- Weather -->
	<widget label="Weather Forecast">WeatherWidget</widget>
	<widgetdefault labelID="weather">WeatherWidget</widgetdefault>
	
	<!-- Video addons -->
	<widget label="Video addons">VideoAddons</widget>
	<widgetdefault labelID="videos">VideoAddons</widgetdefault>
	<widgetdefault labelID="vaddons">VideoAddons</widgetdefault>
	
	<!-- Music addons -->
	<widget label="Music addons">MusicAddons</widget>
	<widgetdefault labelID="music">RandomAlbums</widgetdefault>
	
	<!-- MusicVideos -->
	<widget label="Music Videos">MusicVideos</widget>
	<widgetdefault labelID="musicvideos">MusicVideos</widgetdefault>
	
	<!-- Pictures addons -->
	<widget label="Pictures addons">PictureAddons</widget>
	<widgetdefault labelID="pictures">PictureAddons</widgetdefault>
	
	<!-- Program addons -->
	<widget label="Program addons">ProgramAddons</widget>
	<widgetdefault labelID="31063">ProgramAddons</widgetdefault>
	
	<!-- Favourites -->
	<widget label="Favourites">Favourites</widget>
	<widgetdefault labelID="favourites">Favourites</widgetdefault>
	
	<!-- PVR -->
	<widget label="PVR Channels">PVR</widget>
	<widget label="Radio Channels">radio</widget>
	<widgetdefault labelID="livetv">PVR</widgetdefault>

	
	<!-- Playlists -->
	<widgetPlaylists>True</widgetPlaylists>
	
	<!-- Backgrounds -->
	<background label="400">weather</background>
	<background label="31511">movieFanart</background>
	<background label="31512">tvshowsFanart</background>
	<background label="31513">musicFanart</background>
	<background label="31514">special://skin/backgrounds/weather.jpg</background>
	<background label="31514">special://skin/backgrounds/videos.jpg</background>
	<background label="31514">special://skin/backgrounds/movies.jpg</background>
	<background label="Images From ::PLAYLIST::">playlistBackground</background>
	
	<backgrounddefault labelID="weather">weather</backgrounddefault>
	<backgrounddefault labelID="videos">special://skin/backgrounds/videos.jpg</backgrounddefault>
	<backgrounddefault labelID="movies">movieFanart</backgrounddefault>
	<backgrounddefault labelID="tvshows">tvshowsFanart</backgrounddefault>
	<backgrounddefault labelID="music">musicFanart</backgrounddefault>
	<backgrounddefault labelID="vaddons">special://skin/backgrounds/addons.jpg</backgrounddefault>

	<!-- Thumbs -->
	<thumbnail label="Default">special://skin/extras/icons/default.png</thumbnail>
	<thumbnail label="Videos">special://skin/extras/icons/videos.png</thumbnail>
	<thumbnail label="Movies">special://skin/extras/icons/movies.png</thumbnail>
	<thumbnail label="tvshows">special://skin/extras/icons/tvshows.png</thumbnail>
	<thumbnail label="Video Addons">special://skin/extras/icons/vaddons.png</thumbnail>
	<thumbnail label="Live TV">special://skin/extras/icons/tv.png</thumbnail>
	<thumbnail label="Music">special://skin/extras/icons/music.png</thumbnail>
	<thumbnail label="pictures">special://skin/extras/icons/pictures.png</thumbnail>
	<thumbnail label="programs">special://skin/extras/icons/programs.png</thumbnail>
	<thumbnail label="Favourites">special://skin/extras/icons/favourites.png</thumbnail>
	<thumbnail label="weather">special://skin/extras/icons/weather.png</thumbnail>
	<thumbnail label="search">special://skin/extras/icons/search.png</thumbnail>
	<thumbnail label="settings">special://skin/extras/icons/settings.png</thumbnail>
	<thumbnail label="DVD">special://skin/extras/icons/dvd.png</thumbnail>
	
	<!-- Backgrounds -->
	<thumbnailBrowseDefault>special://skin/extras/icons/</thumbnailBrowseDefault>
	<backgroundBrowse default="special://skin/">True</backgroundBrowse>
</overrides>