<?xml version="1.0" encoding="UTF-8"?>
<window>
	<defaultcontrol>10</defaultcontrol>
	<controls>
		<include condition="Skin.HasSetting(VideoBackgrounds)">CommonVideoPlayingBackground</include>
		<control type="multiimage">
			<posx>0</posx>
			<posy>0</posy>
			<width>1920</width>
			<height>1080</height>
			<imagepath fallback="special://skin/backgrounds/background-settings.jpg" background="true">$INFO[Skin.String(Custom_Back_Settings_Folder)]</imagepath>
			<aspectratio>scale</aspectratio>
			<timeperimage>5000</timeperimage>
			<randomize>true</randomize>
			<fadetime>2000</fadetime>
			<include condition="Skin.HasSetting(AnimateBackgrounds)">backgroundanimation</include>
			<visible>!Window.IsVisible(Programs) + ![Player.HasVideo + Skin.HasSetting(VideoBackgrounds)]</visible>
		</control>
		<control type="multiimage">
			<posx>0</posx>
			<posy>0</posy>
			<width>1920</width>
			<height>1080</height>
			<imagepath fallback="special://skin/backgrounds/background-programs.jpg" background="true">$INFO[Skin.String(Custom_Back_Programs_Folder)]</imagepath>
			<aspectratio>scale</aspectratio>
			<timeperimage>5000</timeperimage>
			<randomize>true</randomize>
			<fadetime>2000</fadetime>
			<include condition="Skin.HasSetting(AnimateBackgrounds)">backgroundanimation</include>
			<visible>Window.IsVisible(Programs) + ![Player.HasVideo + Skin.HasSetting(VideoBackgrounds)]</visible>
		</control>
		<include condition="Skin.HasSetting(VizBackgrounds)">CommonVisualizationBackground</include>
		<control type="image">
			<posx>0</posx>
			<posy>0</posy>
			<width>1920</width>
			<height>1080</height>
			<texture>black.png</texture>
			<animation effect="fade" start="0" end="70" time="300">WindowOpen</animation>
			<animation effect="fade" start="70" end="0" time="300">WindowClose</animation>
		</control>
		<control type="group">
			<include>dialogeffect4</include>
			<control type="button">
				<posx>1860</posx>
				<posy>30</posy>
				<width>30</width>
				<height>30</height>
				<texturefocus>close-window-focus.png</texturefocus>
				<texturenofocus>close-window-nofocus.png</texturenofocus>
				<onclick>PreviousMenu</onclick>
				<visible>Skin.HasSetting(TouchScreenMode)</visible>
			</control>
			<control type="label" id="2">
				<description>header label</description>
				<posx>60</posx>
				<posy>22</posy>
				<width>1800</width>
				<height>45</height>
				<align>center</align>
				<aligny>center</aligny>
				<textcolor>blue</textcolor>
				<shadowcolor>black</shadowcolor>
				<font>font-32</font>
			</control>
			<control type="image">
				<posx>0</posx>
				<posy>81</posy>
				<width>1920</width>
				<height>3</height>
				<texture>separator.png</texture>
			</control>
			<control type="label" id="3">
				<description>List label</description>
				<posx>300</posx>
				<posy>150</posy>
				<width>1320</width>
				<height>45</height>
				<align>left</align>
				<aligny>center</aligny>
				<font>font-20</font>
				<textcolor>lightblue</textcolor>
				<shadowcolor>black</shadowcolor>
			</control>
			<control type="list" id="10">
				<posx>300</posx>
				<posy>210</posy>
				<width>1320</width>
				<height>698</height>
				<onup>9001</onup>
				<onleft>9001</onleft>
				<onright>60</onright>
				<ondown>9000</ondown>
				<pagecontrol>60</pagecontrol>
				<scrolltime>200</scrolltime>
				<itemlayout width="1320" height="44">
					<control type="image">
						<posx>0</posx>
						<posy>0</posy>
						<width>1320</width>
						<height>45</height>
						<texture border="7">list-nofocus.png</texture>
					</control>
					<control type="label">
						<posx>15</posx>
						<posy>0</posy>
						<width>1290</width>
						<height>45</height>
						<font>font-20</font>
						<align>left</align>
						<aligny>center</aligny>
						<selectedcolor>blue</selectedcolor>
						<label>$INFO[ListItem.Label]</label>
					</control>
				</itemlayout>
				<focusedlayout width="1320" height="44">
					<control type="image">
						<posx>0</posx>
						<posy>0</posy>
						<width>1320</width>
						<height>45</height>
						<texture border="7">list-nofocus.png</texture>
					</control>
					<control type="image">
						<posx>0</posx>
						<posy>0</posy>
						<width>1320</width>
						<height>45</height>
						<colordiffuse>FFFFFFFF</colordiffuse>
						<visible>Control.HasFocus(10)</visible>
						<texture border="7">list-focus2.png</texture>
						<include>ListFocusScroll12</include>
					</control>
					<control type="label">
						<posx>15</posx>
						<posy>0</posy>
						<width>1290</width>
						<height>45</height>
						<font>font-20</font>
						<align>left</align>
						<aligny>center</aligny>
						<selectedcolor>blue</selectedcolor>
						<label>$INFO[ListItem.Label]</label>
					</control>
				</focusedlayout>
			</control>
			<control type="scrollbar" id="60">
				<posx>1635</posx>
				<posy>210</posy>
				<width>30</width>
				<height>700</height>
				<texturesliderbackground border="0,10,0,10">scrollbar-back.png</texturesliderbackground>
				<texturesliderbar border="0,10,0,10">scrollbar-front-nofocus.png</texturesliderbar>
				<texturesliderbarfocus border="0,10,0,10">scrollbar-front.png</texturesliderbarfocus>
				<textureslidernib>scrollbar-nib-nofocus.png</textureslidernib>
				<textureslidernibfocus>scrollbar-nib.png</textureslidernibfocus>
				<onleft>10</onleft>
				<onright>9000</onright>
				<showonepage>false</showonepage>
				<orientation>vertical</orientation>
			</control>
			<control type="image">
				<posx>0</posx>
				<posy>960</posy>
				<width>1920</width>
				<height>3</height>
				<texture>separator.png</texture>
			</control>
			<control type="group" id="9001">
				<posx>210</posx>
				<posy>998</posy>
				<height>52</height>
				<control type="button" id="18">
					<description>Ok Button</description>
					<posx>0</posx>
					<posy>0</posy>
					<width>300</width>
					<height>52</height>
					<font>font-20</font>
					<textcolor>white</textcolor>
					<focusedcolor>white</focusedcolor>
					<shadowcolor>black</shadowcolor>
					<align>center</align>
					<aligny>center</aligny>
					<texturefocus border="7">button-nofocus.png</texturefocus>
					<texturenofocus border="7">button-nofocus.png</texturenofocus>
					<label>186</label>
					<onup>10</onup>
					<onleft>11</onleft>
					<onright>19</onright>
					<ondown>18</ondown>
				</control>
				<control type="button" id="19">
					<description>Cancel Button</description>
					<posx>300</posx>
					<posy>0</posy>
					<width>300</width>
					<height>52</height>
					<font>font-20</font>
					<textcolor>white</textcolor>
					<focusedcolor>white</focusedcolor>
					<shadowcolor>black</shadowcolor>
					<align>center</align>
					<aligny>center</aligny>
					<texturefocus border="7">button-nofocus.png</texturefocus>
					<texturenofocus border="7">button-nofocus.png</texturenofocus>
					<label>222</label>
					<onup>10</onup>
					<onleft>18</onleft>
					<onright>13</onright>
					<ondown>19</ondown>
				</control>
			</control>
			<control type="group" id="9000">
				<posx>210</posx>
				<posy>998</posy>
				<height>52</height>
				<control type="button" id="13">
					<description>Add Button</description>
					<posx>600</posx>
					<posy>0</posy>
					<width>300</width>
					<height>52</height>
					<font>font-20</font>
					<textcolor>white</textcolor>
					<focusedcolor>white</focusedcolor>
					<shadowcolor>black</shadowcolor>
					<align>center</align>
					<aligny>center</aligny>
					<texturefocus border="7">button-nofocus.png</texturefocus>
					<texturenofocus border="7">button-nofocus.png</texturenofocus>
					<label>15019</label>
					<onup>10</onup>
					<onleft>19</onleft>
					<onright>14</onright>
					<ondown>13</ondown>
				</control>
				<control type="button" id="14">
					<description>Remove Button</description>
					<posx>900</posx>
					<posy>0</posy>
					<width>300</width>
					<height>52</height>
					<font>font-20</font>
					<textcolor>white</textcolor>
					<focusedcolor>white</focusedcolor>
					<shadowcolor>black</shadowcolor>
					<align>center</align>
					<aligny>center</aligny>
					<texturefocus border="7">button-nofocus.png</texturefocus>
					<texturenofocus border="7">button-nofocus.png</texturenofocus>
					<label>1210</label>
					<onup>10</onup>
					<onleft>13</onleft>
					<onright>11</onright>
					<ondown>14</ondown>
				</control>
				<control type="button" id="11">
					<description>Change Set Button</description>
					<posx>1200</posx>
					<posy>0</posy>
					<width>300</width>
					<height>52</height>
					<font>font-20</font>
					<textcolor>white</textcolor>
					<focusedcolor>white</focusedcolor>
					<shadowcolor>black</shadowcolor>
					<align>center</align>
					<aligny>center</aligny>
					<texturefocus border="7">button-nofocus.png</texturefocus>
					<texturenofocus border="7">button-nofocus.png</texturenofocus>
					<onup>10</onup>
					<onleft>14</onleft>
					<onright>18</onright>
					<ondown>11</ondown>
				</control>
			</control>
			<control type="image">
				<posx>210</posx>
				<posy>998</posy>
				<width>300</width>
				<height>52</height>
				<texture border="7">button-focus.png</texture>
				<animation effect="slide" start="0,0" end="300,0" time="200" condition="Control.HasFocus(19)">Conditional</animation>
				<animation effect="slide" start="0,0" end="600,0" time="200" condition="Control.HasFocus(13)">Conditional</animation>
				<animation effect="slide" start="0,0" end="900,0" time="200" condition="Control.HasFocus(14)">Conditional</animation>
				<animation effect="slide" start="0,0" end="1200,0" time="200" condition="Control.HasFocus(11)">Conditional</animation>
				<visible>Control.HasFocus(18) | Control.HasFocus(19) | Control.HasFocus(13) | Control.HasFocus(14) | Control.HasFocus(11)</visible>
			</control>
		</control>
	</controls>
</window>
