<?xml version="1.0" encoding="UTF-8"?>
<window>
	<coordinates>
		<posx>360</posx>
		<posy>30</posy>
	</coordinates>
	<zorder>1</zorder>
	<include>dialogeffect</include>
	<controls>
		<control type="group">
			<include>DialogFade8</include>
			<include condition="Skin.HasSetting(HateTransparency)">T-Panel7</include>
			<control type="image">
				<posx>0</posx>
				<posy>0</posy>
				<width>1200</width>
				<height>788</height>
				<texture border="30">panel.png</texture>
				<bordertexture border="45">panel-shadow.png</bordertexture>
				<bordersize>22</bordersize>
			</control>
			<control type="label">
				<description>heading label</description>
				<posx>60</posx>
				<posy>60</posy>
				<width>1080</width>
				<height>45</height>
				<align>center</align>
				<aligny>center</aligny>
				<font>font-32</font>
				<label>Channel Configuration</label>
				<textcolor>blue</textcolor>
			</control>
			<control type="group" id="105">
				<control type="label">
					<posx>82</posx>
					<posy>135</posy>
					<width>240</width>
					<height>45</height>
					<label>Channel</label>
					<textcolor>lightblue</textcolor>
					<align>left</align>
				</control>
				<control type="label">
					<posx>1118</posx>
					<posy>135</posy>
					<width>150</width>
					<height>45</height>
					<label>Content</label>
					<textcolor>lightblue</textcolor>
					<align>right</align>
				</control>
				<control type="list" id="102">
					<posx>68</posx>
					<posy>180</posy>
					<width>1065</width>
					<height>525</height>
					<onleft>103</onleft>
					<onright>103</onright>
					<onup>102</onup>
					<ondown>102</ondown>
					<pagecontrol>103</pagecontrol>
					<scrolltime>200</scrolltime>
					<itemlayout width="1065" height="44">
						<control type="image">
							<posx>0</posx>
							<posy>0</posy>
							<width>1065</width>
							<height>45</height>
							<texture border="7">list-nofocus.png</texture>
						</control>
						<control type="label">
							<posx>15</posx>
							<posy>0</posy>
							<width>1035</width>
							<height>45</height>
							<font>font-20</font>
							<aligny>center</aligny>
							<align>left</align>
							<selectedcolor>blue</selectedcolor>
							<label>$INFO[ListItem.Label]</label>
						</control>
						<control type="label">
							<posx>15</posx>
							<posy>0</posy>
							<width>1035</width>
							<height>45</height>
							<font>font-20</font>
							<aligny>center</aligny>
							<align>right</align>
							<selectedcolor>blue</selectedcolor>
							<label>$INFO[ListItem.Label2]</label>
						</control>
					</itemlayout>
					<focusedlayout width="1065" height="44">
						<control type="image">
							<posx>0</posx>
							<posy>0</posy>
							<width>1065</width>
							<height>45</height>
							<texture border="7">list-nofocus.png</texture>
						</control>
						<control type="image">
							<posx>0</posx>
							<posy>0</posy>
							<width>1065</width>
							<height>45</height>
							<visible>Control.HasFocus(102)</visible>
							<texture border="7">list-focus2.png</texture>
							<include>ListFocusScroll15</include>
						</control>
						<control type="label">
							<posx>15</posx>
							<posy>0</posy>
							<width>1035</width>
							<height>45</height>
							<font>font-20</font>
							<aligny>center</aligny>
							<align>left</align>
							<shadowcolor>black</shadowcolor>
							<textcolor>white</textcolor>
							<selectedcolor>blue</selectedcolor>
							<label>$INFO[ListItem.Label]</label>
						</control>
						<control type="label">
							<posx>15</posx>
							<posy>0</posy>
							<width>1035</width>
							<height>45</height>
							<font>font-20</font>
							<aligny>center</aligny>
							<align>right</align>
							<shadowcolor>black</shadowcolor>
							<textcolor>white</textcolor>
							<selectedcolor>blue</selectedcolor>
							<label>$INFO[ListItem.Label2]</label>
						</control>
					</focusedlayout>
				</control>
				<control type="scrollbar" id="103">
					<posx>1132</posx>
					<posy>177</posy>
					<width>30</width>
					<height>532</height>
					<texturesliderbackground border="0,10,0,10">scrollbar-back.png</texturesliderbackground>
					<texturesliderbar border="0,10,0,10">scrollbar-front-nofocus.png</texturesliderbar>
					<texturesliderbarfocus border="0,10,0,10">scrollbar-front.png</texturesliderbarfocus>
					<textureslidernib>scrollbar-nib-nofocus.png</textureslidernib>
					<textureslidernibfocus>scrollbar-nib.png</textureslidernibfocus>
					<orientation>vertical</orientation>
					<showonepage>false</showonepage>
					<onleft>102</onleft>
					<onright>102</onright>
					<visible>Control.IsVisible(102)</visible>
				</control>
			</control>
			<control type="group" id="106">
				<posx>68</posx>
				<posy>135</posy>
				<control type="label" id="104">
					<posx>0</posx>
					<posy>15</posy>
					<width>1065</width>
					<height>45</height>
					<textcolor>lightblue</textcolor>
					<aligny>center</aligny>
					<align>center</align>
					<font>font-24c</font>
					<label />
				</control>
				<control type="image">
					<posx>0</posx>
					<posy>75</posy>
					<width>1065</width>
					<height>3</height>
					<texture>separator.png</texture>
				</control>
				<control type="label">
					<posx>82</posx>
					<posy>105</posy>
					<width>398</width>
					<height>45</height>
					<textcolor>white</textcolor>
					<aligny>center</aligny>
					<align>left</align>
					<label>Channel Type:</label>
				</control>
				<control type="label" id="109">
					<posx>878</posx>
					<posy>105</posy>
					<width>398</width>
					<height>45</height>
					<textcolor>white</textcolor>
					<aligny>center</aligny>
					<align>right</align>
					<label />
				</control>
				<control type="button" id="110">
					<posx>892</posx>
					<posy>105</posy>
					<width>60</width>
					<height>45</height>
					<texturefocus>scroll-down-focus-2.png</texturefocus>
					<texturenofocus>scroll-down-2.png</texturenofocus>
					<onleft>111</onleft>
					<onright>111</onright>
				</control>
				<control type="button" id="111">
					<posx>938</posx>
					<posy>108</posy>
					<width>60</width>
					<height>45</height>
					<texturefocus>scroll-up-focus-2.png</texturefocus>
					<texturenofocus>scroll-up-2.png</texturenofocus>
					<onleft>110</onleft>
					<onright>110</onright>
				</control>
				<control type="button" id="112">
					<posx>232</posx>
					<posy>540</posy>
					<width>300</width>
					<height>52</height>
					<label>Ok</label>
					<align>center</align>
					<aligny>center</aligny>
					<texturefocus border="7">button-nofocus.png</texturefocus>
					<texturenofocus border="7">button-nofocus.png</texturenofocus>
					<onup>110</onup>
					<ondown>110</ondown>
					<onleft>113</onleft>
					<onright>113</onright>
				</control>
				<control type="button" id="113">
					<posx>532</posx>
					<posy>540</posy>
					<width>300</width>
					<height>52</height>
					<label>Cancel</label>
					<align>center</align>
					<aligny>center</aligny>
					<texturefocus border="7">button-nofocus.png</texturefocus>
					<texturenofocus border="7">button-nofocus.png</texturenofocus>
					<onup>111</onup>
					<ondown>111</ondown>
					<onleft>112</onleft>
					<onright>112</onright>
				</control>
				<control type="image">
					<posx>232</posx>
					<posy>540</posy>
					<width>300</width>
					<height>52</height>
					<texture border="7">button-focus.png</texture>
					<animation effect="slide" start="0,0" end="300,0" time="200" condition="Control.HasFocus(113)">Conditional</animation>
					<animation effect="fade" start="70" end="100" time="750" pulse="true" condition="true">Conditional</animation>
					<visible>Control.HasFocus(112) | Control.HasFocus(113)</visible>
				</control>
			</control>
			<!-- Controls for type Custom Playlist -->
			<control type="group" id="120">
				<posx>68</posx>
				<posy>285</posy>
				<control type="label">
					<posx>82</posx>
					<posy>0</posy>
					<width>398</width>
					<height>45</height>
					<textcolor>white</textcolor>
					<aligny>center</aligny>
					<align>left</align>
					<label>Playlist:</label>
				</control>
				<control type="button" id="130">
					<posx>382</posx>
					<posy>0</posy>
					<width>603</width>
					<height>45</height>
					<textcolor>white</textcolor>
					<onup>110</onup>
					<ondown>112</ondown>
				</control>
			</control>
			<!--Advanced Settings for type Custom Playlist -->
			<control type="group" id="320"></control>
			<!-- Controls for type TV Network -->
			<control type="group" id="121">
				<posx>68</posx>
				<posy>285</posy>
				<control type="label">
					<posx>82</posx>
					<posy>0</posy>
					<width>398</width>
					<height>45</height>
					<textcolor>white</textcolor>
					<aligny>center</aligny>
					<align>left</align>
					<label>Network:</label>
				</control>
				<control type="label" id="142">
					<posx>878</posx>
					<posy>0</posy>
					<width>405</width>
					<height>45</height>
					<textcolor>white</textcolor>
					<aligny>center</aligny>
					<align>right</align>
					<label />
				</control>
				<control type="button" id="140">
					<posx>892</posx>
					<posy>0</posy>
					<width>60</width>
					<height>45</height>
					<texturefocus>scroll-down-focus-2.png</texturefocus>
					<texturenofocus>scroll-down-2.png</texturenofocus>
					<onup>110</onup>
					<ondown>344</ondown>
					<onleft>141</onleft>
					<onright>141</onright>
				</control>
				<control type="button" id="141">
					<posx>938</posx>
					<posy>0</posy>
					<width>60</width>
					<height>45</height>
					<texturefocus>scroll-up-focus-2.png</texturefocus>
					<texturenofocus>scroll-up-2.png</texturenofocus>
					<onup>111</onup>
					<ondown>345</ondown>
					<onleft>140</onleft>
					<onright>140</onright>
				</control>
				<!-- Resolution Control -->
				<control type="label">
					<posx>82</posx>
					<posy>45</posy>
					<width>398</width>
					<height>45</height>
					<textcolor>white</textcolor>
					<label>Resolution:</label>
					<aligny>center</aligny>
					<align>left</align>
				</control>
				<control type="label" id="343">
					<posx>878</posx>
					<posy>45</posy>
					<width>405</width>
					<height>45</height>
					<textcolor>white</textcolor>
					<aligny>center</aligny>
					<align>right</align>
					<label />
				</control>
				<control type="button" id="344">
					<posx>892</posx>
					<posy>45</posy>
					<width>60</width>
					<height>45</height>
					<texturefocus>scroll-down-focus-2.png</texturefocus>
					<texturenofocus>scroll-down-2.png</texturenofocus>
					<onup>140</onup>
					<ondown>346</ondown>
					<onleft>345</onleft>
					<onright>345</onright>
				</control>
				<control type="button" id="345">
					<posx>938</posx>
					<posy>45</posy>
					<width>60</width>
					<height>45</height>
					<texturefocus>scroll-up-focus-2.png</texturefocus>
					<texturenofocus>scroll-up-2.png</texturenofocus>
					<onup>141</onup>
					<ondown>346</ondown>
					<onleft>344</onleft>
					<onright>344</onright>
				</control>
				<!-- Unwatched Radio Button Control -->
				<control type="label">
					<posx>82</posx>
					<posy>90</posy>
					<width>398</width>
					<height>45</height>
					<textcolor>white</textcolor>
					<label>Unwatched Only:</label>
					<aligny>center</aligny>
					<align>left</align>
				</control>
				<control type="radiobutton" id="346">
					<posx>938</posx>
					<posy>90</posy>
					<width>60</width>
					<height>45</height>
					<label />
					<onup>344</onup>
					<ondown>347</ondown>
				</control>
				<!-- No Specials Radio Button Control -->
				<control type="label">
					<posx>82</posx>
					<posy>135</posy>
					<width>398</width>
					<height>45</height>
					<textcolor>white</textcolor>
					<label>No Specials:</label>
					<aligny>center</aligny>
					<align>left</align>
				</control>
				<control type="radiobutton" id="347">
					<posx>938</posx>
					<posy>135</posy>
					<width>60</width>
					<height>45</height>
					<label />
					<onup>346</onup>
					<ondown>348</ondown>
				</control>
				<!-- No Specials Radio Button Control -->
				<control type="label">
					<posx>82</posx>
					<posy>180</posy>
					<width>450</width>
					<height>45</height>
					<textcolor>white</textcolor>
					<label>Randomize TV Shows:</label>
					<aligny>center</aligny>
					<align>left</align>
				</control>
				<control type="radiobutton" id="348">
					<posx>938</posx>
					<posy>180</posy>
					<width>60</width>
					<height>45</height>
					<label />
					<onup>347</onup>
					<ondown>349</ondown>
				</control>
				<!-- No Specials Radio Button Control -->
				<control type="label">
					<posx>82</posx>
					<posy>225</posy>
					<width>450</width>
					<height>45</height>
					<textcolor>white</textcolor>
					<label>Serial Mode:</label>
					<aligny>center</aligny>
					<align>left</align>
				</control>
				<control type="radiobutton" id="349">
					<posx>938</posx>
					<posy>225</posy>
					<width>60</width>
					<height>45</height>
					<label />
					<onup>348</onup>
					<ondown>112</ondown>
				</control>
			</control>
			<!-- Controls for type Movie Studio -->
			<control type="group" id="122">
				<posx>68</posx>
				<posy>285</posy>
				<control type="label">
					<posx>82</posx>
					<posy>0</posy>
					<width>398</width>
					<height>45</height>
					<textcolor>white</textcolor>
					<aligny>center</aligny>
					<align>left</align>
					<label>Studio:</label>
				</control>
				<control type="label" id="152">
					<posx>878</posx>
					<posy>0</posy>
					<width>405</width>
					<height>45</height>
					<textcolor>white</textcolor>
					<aligny>center</aligny>
					<align>right</align>
					<label />
				</control>
				<control type="button" id="150">
					<posx>892</posx>
					<posy>0</posy>
					<width>60</width>
					<height>45</height>
					<texturefocus>scroll-down-focus-2.png</texturefocus>
					<texturenofocus>scroll-down-2.png</texturenofocus>
					<onup>110</onup>
					<ondown>354</ondown>
					<onleft>151</onleft>
					<onright>151</onright>
				</control>
				<control type="button" id="151">
					<posx>938</posx>
					<posy>0</posy>
					<width>60</width>
					<height>45</height>
					<texturefocus>scroll-up-focus-2.png</texturefocus>
					<texturenofocus>scroll-up-2.png</texturenofocus>
					<onup>111</onup>
					<ondown>355</ondown>
					<onleft>150</onleft>
					<onright>150</onright>
				</control>
				<!-- Resolution Control -->
				<control type="label">
					<posx>82</posx>
					<posy>45</posy>
					<width>398</width>
					<height>45</height>
					<textcolor>white</textcolor>
					<label>Resolution:</label>
					<aligny>center</aligny>
					<align>left</align>
				</control>
				<control type="label" id="353">
					<posx>878</posx>
					<posy>45</posy>
					<width>405</width>
					<height>45</height>
					<textcolor>white</textcolor>
					<aligny>center</aligny>
					<align>right</align>
					<label />
				</control>
				<control type="button" id="354">
					<posx>892</posx>
					<posy>45</posy>
					<width>60</width>
					<height>45</height>
					<texturefocus>scroll-down-focus-2.png</texturefocus>
					<texturenofocus>scroll-down-2.png</texturenofocus>
					<onup>150</onup>
					<ondown>356</ondown>
					<onleft>355</onleft>
					<onright>355</onright>
				</control>
				<control type="button" id="355">
					<posx>938</posx>
					<posy>45</posy>
					<width>60</width>
					<height>45</height>
					<texturefocus>scroll-up-focus-2.png</texturefocus>
					<texturenofocus>scroll-up-2.png</texturenofocus>
					<onup>151</onup>
					<ondown>356</ondown>
					<onleft>354</onleft>
					<onright>354</onright>
				</control>
				<!-- Unwatched Radio Button Control -->
				<control type="label">
					<posx>82</posx>
					<posy>90</posy>
					<width>398</width>
					<height>45</height>
					<textcolor>white</textcolor>
					<label>Unwatched Only:</label>
					<aligny>center</aligny>
					<align>left</align>
				</control>
				<control type="radiobutton" id="356">
					<posx>938</posx>
					<posy>90</posy>
					<width>60</width>
					<height>45</height>
					<label />
					<onup>354</onup>
					<ondown>112</ondown>
				</control>
			</control>
			<!-- Controls for type TV Genre -->
			<control type="group" id="123">
				<posx>68</posx>
				<posy>285</posy>
				<control type="label">
					<posx>82</posx>
					<posy>0</posy>
					<width>398</width>
					<height>45</height>
					<textcolor>white</textcolor>
					<aligny>center</aligny>
					<align>left</align>
					<label>Genre:</label>
				</control>
				<control type="label" id="162">
					<posx>878</posx>
					<posy>0</posy>
					<width>405</width>
					<height>45</height>
					<textcolor>white</textcolor>
					<aligny>center</aligny>
					<align>right</align>
					<label />
				</control>
				<control type="button" id="160">
					<posx>892</posx>
					<posy>0</posy>
					<width>60</width>
					<height>45</height>
					<texturefocus>scroll-down-focus-2.png</texturefocus>
					<texturenofocus>scroll-down-2.png</texturenofocus>
					<onup>110</onup>
					<ondown>364</ondown>
					<onleft>161</onleft>
					<onright>161</onright>
				</control>
				<control type="button" id="161">
					<posx>938</posx>
					<posy>0</posy>
					<width>60</width>
					<height>45</height>
					<texturefocus>scroll-up-focus-2.png</texturefocus>
					<texturenofocus>scroll-up-2.png</texturenofocus>
					<onup>111</onup>
					<ondown>365</ondown>
					<onleft>160</onleft>
					<onright>160</onright>
				</control>
				<!-- Resolution Control -->
				<control type="label">
					<posx>82</posx>
					<posy>45</posy>
					<width>398</width>
					<height>45</height>
					<textcolor>white</textcolor>
					<label>Resolution:</label>
					<aligny>center</aligny>
					<align>left</align>
				</control>
				<control type="label" id="363">
					<posx>878</posx>
					<posy>45</posy>
					<width>405</width>
					<height>45</height>
					<textcolor>white</textcolor>
					<aligny>center</aligny>
					<align>right</align>
					<label />
				</control>
				<control type="button" id="364">
					<posx>892</posx>
					<posy>45</posy>
					<width>60</width>
					<height>45</height>
					<texturefocus>scroll-down-focus-2.png</texturefocus>
					<texturenofocus>scroll-down-2.png</texturenofocus>
					<onup>160</onup>
					<ondown>366</ondown>
					<onleft>365</onleft>
					<onright>365</onright>
				</control>
				<control type="button" id="365">
					<posx>938</posx>
					<posy>45</posy>
					<width>60</width>
					<height>45</height>
					<texturefocus>scroll-up-focus-2.png</texturefocus>
					<texturenofocus>scroll-up-2.png</texturenofocus>
					<onup>161</onup>
					<ondown>366</ondown>
					<onleft>364</onleft>
					<onright>364</onright>
				</control>
				<!-- Unwatched Radio Button Control -->
				<control type="label">
					<posx>82</posx>
					<posy>90</posy>
					<width>398</width>
					<height>45</height>
					<textcolor>white</textcolor>
					<label>Unwatched Only:</label>
					<aligny>center</aligny>
					<align>left</align>
				</control>
				<control type="radiobutton" id="366">
					<posx>938</posx>
					<posy>90</posy>
					<width>60</width>
					<height>45</height>
					<label />
					<onup>364</onup>
					<ondown>367</ondown>
				</control>
				<!-- No Specials Radio Button Control -->
				<control type="label">
					<posx>82</posx>
					<posy>135</posy>
					<width>398</width>
					<height>45</height>
					<textcolor>white</textcolor>
					<label>No Specials:</label>
					<aligny>center</aligny>
					<align>left</align>
				</control>
				<control type="radiobutton" id="367">
					<posx>938</posx>
					<posy>135</posy>
					<width>60</width>
					<height>45</height>
					<label />
					<onup>366</onup>
					<ondown>369</ondown>
				</control>
				<control type="label">
					<posx>82</posx>
					<posy>180</posy>
					<width>450</width>
					<height>45</height>
					<textcolor>white</textcolor>
					<label>Serial Mode:</label>
					<aligny>center</aligny>
					<align>left</align>
				</control>
				<control type="radiobutton" id="369">
					<posx>938</posx>
					<posy>180</posy>
					<width>60</width>
					<height>45</height>
					<label />
					<onup>367</onup>
					<ondown>112</ondown>
				</control>
			</control>
			<!-- Controls for type Movie Genre -->
			<control type="group" id="124">
				<posx>68</posx>
				<posy>285</posy>
				<control type="label">
					<posx>82</posx>
					<posy>0</posy>
					<width>398</width>
					<height>45</height>
					<textcolor>white</textcolor>
					<aligny>center</aligny>
					<align>left</align>
					<label>Genre:</label>
				</control>
				<control type="label" id="172">
					<posx>878</posx>
					<posy>0</posy>
					<width>405</width>
					<height>45</height>
					<textcolor>white</textcolor>
					<aligny>center</aligny>
					<align>right</align>
					<label />
				</control>
				<control type="button" id="170">
					<posx>892</posx>
					<posy>0</posy>
					<width>60</width>
					<height>45</height>
					<texturefocus>scroll-down-focus-2.png</texturefocus>
					<texturenofocus>scroll-down-2.png</texturenofocus>
					<onup>110</onup>
					<ondown>374</ondown>
					<onleft>171</onleft>
					<onright>171</onright>
				</control>
				<control type="button" id="171">
					<posx>938</posx>
					<posy>0</posy>
					<width>60</width>
					<height>45</height>
					<texturefocus>scroll-up-focus-2.png</texturefocus>
					<texturenofocus>scroll-up-2.png</texturenofocus>
					<onup>111</onup>
					<ondown>375</ondown>
					<onleft>170</onleft>
					<onright>170</onright>
				</control>
				<!-- Resolution Control -->
				<control type="label">
					<posx>82</posx>
					<posy>45</posy>
					<width>398</width>
					<height>45</height>
					<textcolor>white</textcolor>
					<label>Resolution:</label>
					<aligny>center</aligny>
					<align>left</align>
				</control>
				<control type="label" id="373">
					<posx>878</posx>
					<posy>45</posy>
					<width>405</width>
					<height>45</height>
					<textcolor>white</textcolor>
					<aligny>center</aligny>
					<align>right</align>
					<label />
				</control>
				<control type="button" id="374">
					<posx>892</posx>
					<posy>45</posy>
					<width>60</width>
					<height>45</height>
					<texturefocus>scroll-down-focus-2.png</texturefocus>
					<texturenofocus>scroll-down-2.png</texturenofocus>
					<onup>170</onup>
					<ondown>376</ondown>
					<onleft>375</onleft>
					<onright>375</onright>
				</control>
				<control type="button" id="375">
					<posx>938</posx>
					<posy>45</posy>
					<width>60</width>
					<height>45</height>
					<texturefocus>scroll-up-focus-2.png</texturefocus>
					<texturenofocus>scroll-up-2.png</texturenofocus>
					<onup>171</onup>
					<ondown>376</ondown>
					<onleft>374</onleft>
					<onright>374</onright>
				</control>
				<!-- Unwatched Radio Button Control -->
				<control type="label">
					<posx>82</posx>
					<posy>90</posy>
					<width>398</width>
					<height>45</height>
					<textcolor>white</textcolor>
					<label>Unwatched Only:</label>
					<aligny>center</aligny>
					<align>left</align>
				</control>
				<control type="radiobutton" id="376">
					<posx>938</posx>
					<posy>90</posy>
					<width>60</width>
					<height>45</height>
					<label />
					<onup>374</onup>
					<ondown>112</ondown>
				</control>
			</control>
			<!-- Controls for type Mixed Genre -->
			<control type="group" id="125">
				<posx>68</posx>
				<posy>285</posy>
				<control type="label">
					<posx>82</posx>
					<posy>0</posy>
					<width>398</width>
					<height>45</height>
					<textcolor>white</textcolor>
					<aligny>center</aligny>
					<align>left</align>
					<label>Genre:</label>
				</control>
				<control type="label" id="182">
					<posx>878</posx>
					<posy>0</posy>
					<width>405</width>
					<height>45</height>
					<textcolor>white</textcolor>
					<aligny>center</aligny>
					<align>right</align>
					<label />
				</control>
				<control type="button" id="180">
					<posx>892</posx>
					<posy>0</posy>
					<width>60</width>
					<height>45</height>
					<texturefocus>scroll-down-focus-2.png</texturefocus>
					<texturenofocus>scroll-down-2.png</texturenofocus>
					<onup>110</onup>
					<ondown>384</ondown>
					<onleft>181</onleft>
					<onright>181</onright>
				</control>
				<control type="button" id="181">
					<posx>938</posx>
					<posy>0</posy>
					<width>60</width>
					<height>45</height>
					<texturefocus>scroll-up-focus-2.png</texturefocus>
					<texturenofocus>scroll-up-2.png</texturenofocus>
					<onup>111</onup>
					<ondown>385</ondown>
					<onleft>180</onleft>
					<onright>180</onright>
				</control>
				<!-- Resolution Control -->
				<control type="label">
					<posx>82</posx>
					<posy>45</posy>
					<width>398</width>
					<height>45</height>
					<textcolor>white</textcolor>
					<label>Resolution:</label>
					<aligny>center</aligny>
					<align>left</align>
				</control>
				<control type="label" id="383">
					<posx>878</posx>
					<posy>45</posy>
					<width>405</width>
					<height>45</height>
					<textcolor>white</textcolor>
					<aligny>center</aligny>
					<align>right</align>
					<label />
				</control>
				<control type="button" id="384">
					<posx>892</posx>
					<posy>45</posy>
					<width>60</width>
					<height>45</height>
					<texturefocus>scroll-down-focus-2.png</texturefocus>
					<texturenofocus>scroll-down-2.png</texturenofocus>
					<onup>180</onup>
					<ondown>386</ondown>
					<onleft>385</onleft>
					<onright>385</onright>
				</control>
				<control type="button" id="385">
					<posx>938</posx>
					<posy>45</posy>
					<width>60</width>
					<height>45</height>
					<texturefocus>scroll-up-focus-2.png</texturefocus>
					<texturenofocus>scroll-up-2.png</texturenofocus>
					<onup>181</onup>
					<ondown>386</ondown>
					<onleft>384</onleft>
					<onright>384</onright>
				</control>
				<!-- Unwatched Radio Button Control -->
				<control type="label">
					<posx>82</posx>
					<posy>90</posy>
					<width>398</width>
					<height>45</height>
					<textcolor>white</textcolor>
					<label>Unwatched Only:</label>
					<aligny>center</aligny>
					<align>left</align>
				</control>
				<control type="radiobutton" id="386">
					<posx>938</posx>
					<posy>90</posy>
					<width>60</width>
					<height>45</height>
					<label />
					<onup>384</onup>
					<ondown>387</ondown>
				</control>
				<!-- No Specials Radio Button Control -->
				<control type="label">
					<posx>82</posx>
					<posy>135</posy>
					<width>398</width>
					<height>45</height>
					<textcolor>white</textcolor>
					<label>No Specials:</label>
					<aligny>center</aligny>
					<align>left</align>
				</control>
				<control type="radiobutton" id="387">
					<posx>938</posx>
					<posy>135</posy>
					<width>60</width>
					<height>45</height>
					<label />
					<onup>386</onup>
					<ondown>389</ondown>
				</control>
				<control type="label">
					<posx>82</posx>
					<posy>180</posy>
					<width>450</width>
					<height>45</height>
					<textcolor>white</textcolor>
					<label>Serial Mode:</label>
					<aligny>center</aligny>
					<align>left</align>
				</control>
				<control type="radiobutton" id="389">
					<posx>938</posx>
					<posy>180</posy>
					<width>60</width>
					<height>45</height>
					<label />
					<onup>387</onup>
					<ondown>489</ondown>
				</control>
				<!-- Mix Sequence Control -->
				<control type="label">
					<posx>82</posx>
					<posy>225</posy>
					<width>398</width>
					<height>45</height>
					<textcolor>white</textcolor>
					<label>Sequence:</label>
					<aligny>center</aligny>
					<align>left</align>
				</control>
				<control type="label" id="488">
					<posx>390</posx>
					<posy>225</posy>
					<width>255</width>
					<height>45</height>
					<textcolor>white</textcolor>
					<aligny>center</aligny>
					<align>right</align>
					<label />
				</control>
				<control type="button" id="489">
					<posx>405</posx>
					<posy>225</posy>
					<width>60</width>
					<height>45</height>
					<texturefocus>scroll-down-focus-2.png</texturefocus>
					<texturenofocus>scroll-down-2.png</texturenofocus>
					<onup>389</onup>
					<ondown>112</ondown>
					<onleft>493</onleft>
					<onright>490</onright>
				</control>
				<control type="button" id="490">
					<posx>465</posx>
					<posy>225</posy>
					<width>60</width>
					<height>45</height>
					<texturefocus>scroll-up-focus-2.png</texturefocus>
					<texturenofocus>scroll-up-2.png</texturenofocus>
					<onup>389</onup>
					<ondown>112</ondown>
					<onleft>489</onleft>
					<onright>492</onright>
				</control>
				<control type="label" id="491">
					<posx>878</posx>
					<posy>225</posy>
					<width>255</width>
					<height>45</height>
					<textcolor>white</textcolor>
					<aligny>center</aligny>
					<align>right</align>
					<label />
				</control>
				<control type="button" id="492">
					<posx>892</posx>
					<posy>225</posy>
					<width>60</width>
					<height>45</height>
					<texturefocus>scroll-down-focus-2.png</texturefocus>
					<texturenofocus>scroll-down-2.png</texturenofocus>
					<onup>389</onup>
					<ondown>112</ondown>
					<onleft>490</onleft>
					<onright>493</onright>
				</control>
				<control type="button" id="493">
					<posx>938</posx>
					<posy>225</posy>
					<width>60</width>
					<height>45</height>
					<texturefocus>scroll-up-focus-2.png</texturefocus>
					<texturenofocus>scroll-up-2.png</texturenofocus>
					<onup>389</onup>
					<ondown>112</ondown>
					<onleft>492</onleft>
					<onright>489</onright>
				</control>
			</control>
			<!-- Controls for type TV Show -->
			<control type="group" id="126">
				<posx>68</posx>
				<posy>285</posy>
				<control type="label">
					<posx>82</posx>
					<posy>0</posy>
					<width>398</width>
					<height>45</height>
					<textcolor>white</textcolor>
					<aligny>center</aligny>
					<align>left</align>
					<label>Show:</label>
				</control>
				<control type="label" id="192">
					<posx>878</posx>
					<posy>0</posy>
					<width>405</width>
					<height>45</height>
					<textcolor>white</textcolor>
					<aligny>center</aligny>
					<align>right</align>
					<label />
				</control>
				<control type="button" id="190">
					<posx>892</posx>
					<posy>0</posy>
					<width>60</width>
					<height>45</height>
					<texturefocus>scroll-down-focus-2.png</texturefocus>
					<texturenofocus>scroll-down-2.png</texturenofocus>
					<onup>110</onup>
					<ondown>394</ondown>
					<onleft>191</onleft>
					<onright>191</onright>
				</control>
				<control type="button" id="191">
					<posx>938</posx>
					<posy>0</posy>
					<width>60</width>
					<height>45</height>
					<texturefocus>scroll-up-focus-2.png</texturefocus>
					<texturenofocus>scroll-up-2.png</texturenofocus>
					<onup>111</onup>
					<ondown>395</ondown>
					<onleft>190</onleft>
					<onright>190</onright>
				</control>
				<!-- Resolution Control -->
				<control type="label">
					<posx>82</posx>
					<posy>45</posy>
					<width>398</width>
					<height>45</height>
					<textcolor>white</textcolor>
					<label>Resolution:</label>
					<aligny>center</aligny>
					<align>left</align>
				</control>
				<control type="label" id="393">
					<posx>878</posx>
					<posy>45</posy>
					<width>405</width>
					<height>45</height>
					<textcolor>white</textcolor>
					<aligny>center</aligny>
					<align>right</align>
					<label />
				</control>
				<control type="button" id="394">
					<posx>892</posx>
					<posy>45</posy>
					<width>60</width>
					<height>45</height>
					<texturefocus>scroll-down-focus-2.png</texturefocus>
					<texturenofocus>scroll-down-2.png</texturenofocus>
					<onup>190</onup>
					<ondown>396</ondown>
					<onleft>395</onleft>
					<onright>395</onright>
				</control>
				<control type="button" id="395">
					<posx>938</posx>
					<posy>45</posy>
					<width>60</width>
					<height>45</height>
					<texturefocus>scroll-up-focus-2.png</texturefocus>
					<texturenofocus>scroll-up-2.png</texturenofocus>
					<onup>191</onup>
					<ondown>396</ondown>
					<onleft>394</onleft>
					<onright>394</onright>
				</control>
				<!-- Unwatched Radio Button Control -->
				<control type="label">
					<posx>82</posx>
					<posy>90</posy>
					<width>398</width>
					<height>45</height>
					<textcolor>white</textcolor>
					<label>Unwatched Only:</label>
					<aligny>center</aligny>
					<align>left</align>
				</control>
				<control type="radiobutton" id="396">
					<posx>938</posx>
					<posy>90</posy>
					<width>60</width>
					<height>45</height>
					<label />
					<onup>394</onup>
					<ondown>397</ondown>
				</control>
				<!-- No Specials Radio Button Control -->
				<control type="label">
					<posx>82</posx>
					<posy>135</posy>
					<width>398</width>
					<height>45</height>
					<textcolor>white</textcolor>
					<label>No Specials:</label>
					<aligny>center</aligny>
					<align>left</align>
				</control>
				<control type="radiobutton" id="397">
					<posx>938</posx>
					<posy>135</posy>
					<width>60</width>
					<height>45</height>
					<label />
					<onup>396</onup>
					<ondown>194</ondown>
				</control>
				<control type="label">
					<posx>82</posx>
					<posy>180</posy>
					<width>398</width>
					<height>45</height>
					<textcolor>white</textcolor>
					<label>Serial Mode:</label>
					<aligny>center</aligny>
					<align>left</align>
				</control>
				<control type="radiobutton" id="194">
					<posx>938</posx>
					<posy>180</posy>
					<width>60</width>
					<height>45</height>
					<label />
					<onup>397</onup>
					<ondown>112</ondown>
				</control>
			</control>
			<!--Controls for type Folder-->
			<control type="group" id="127">
				<posx>68</posx>
				<posy>285</posy>
				<control type="label">
					<posx>82</posx>
					<posy>0</posy>
					<width>398</width>
					<height>45</height>
					<textcolor>white</textcolor>
					<label>Folder:</label>
					<aligny>center</aligny>
					<align>left</align>
				</control>
				<control type="button" id="200">
					<posx>315</posx>
					<posy>0</posy>
					<width>540</width>
					<height>45</height>
					<textcolor>white</textcolor>
					<onup>110</onup>
					<ondown>112</ondown>
				</control>
			</control>
			<!--Controls for type Music -->
			<control type="group" id="128">
				<posx>68</posx>
				<posy>285</posy>
				<control type="label">
					<posx>82</posx>
					<posy>0</posy>
					<width>398</width>
					<height>45</height>
					<textcolor>white</textcolor>
					<label>Music Channel:</label>
					<aligny>center</aligny>
					<align>left</align>
				</control>
				<control type="label" id="212">
					<posx>878</posx>
					<posy>0</posy>
					<width>405</width>
					<height>45</height>
					<textcolor>white</textcolor>
					<aligny>center</aligny>
					<align>right</align>
					<label />
				</control>
				<control type="button" id="210">
					<posx>892</posx>
					<posy>0</posy>
					<width>60</width>
					<height>45</height>
					<texturefocus>scroll-down-focus-2.png</texturefocus>
					<texturenofocus>scroll-down-2.png</texturenofocus>
					<onup>110</onup>
					<ondown>112</ondown>
					<onleft>211</onleft>
					<onright>211</onright>
				</control>
				<control type="button" id="211">
					<posx>938</posx>
					<posy>0</posy>
					<width>60</width>
					<height>45</height>
					<texturefocus>scroll-up-focus-2.png</texturefocus>
					<texturenofocus>scroll-up-2.png</texturenofocus>
					<onup>111</onup>
					<ondown>112</ondown>
					<onleft>210</onleft>
					<onright>210</onright>
				</control>
			</control>
			<!--Controls for type Live -->
			<control type="group" id="129">
				<posx>68</posx>
				<posy>285</posy>
				<control type="label">
					<posx>82</posx>
					<posy>0</posy>
					<width>398</width>
					<height>45</height>
					<textcolor>white</textcolor>
					<label>Live Channel:</label>
					<aligny>center</aligny>
					<align>left</align>
				</control>
				<control type="label" id="222">
					<posx>878</posx>
					<posy>0</posy>
					<width>405</width>
					<height>45</height>
					<textcolor>white</textcolor>
					<aligny>center</aligny>
					<align>right</align>
					<label />
				</control>
				<control type="button" id="220">
					<posx>892</posx>
					<posy>0</posy>
					<width>60</width>
					<height>45</height>
					<texturefocus>scroll-down-focus-2.png</texturefocus>
					<texturenofocus>scroll-down-2.png</texturenofocus>
					<onup>110</onup>
					<ondown>112</ondown>
					<onleft>221</onleft>
					<onright>221</onright>
				</control>
				<control type="button" id="221">
					<posx>938</posx>
					<posy>0</posy>
					<width>60</width>
					<height>45</height>
					<texturefocus>scroll-up-focus-2.png</texturefocus>
					<texturenofocus>scroll-up-2.png</texturenofocus>
					<onup>111</onup>
					<ondown>112</ondown>
					<onleft>220</onleft>
					<onright>220</onright>
				</control>
			</control>
		</control>
	</controls>
</window>
