<?xml version="1.0" encoding="UTF-8"?>
<window>
	<allowoverlay>no</allowoverlay>
	<coordinates>
		<posx>0</posx>
		<posy>0</posy>
	</coordinates>
	<animation type="WindowOpen" reversible="true">
		<effect type="zoom" start="500" end="100" center="960,540" time="200" />
		<effect type="fade" start="0" end="100" time="200" />
	</animation>
	<animation type="WindowClose" reversible="false">
		<effect type="zoom" start="100" end="300" center="960,540" easing="in" tween="back" time="300" />
		<effect type="fade" start="100" end="0" time="300" />
	</animation>
	<controls>
		<control type="image">
			<posx>0</posx>
			<posy>0</posy>
			<width>1920</width>
			<height>1080</height>
			<texture>black.png</texture>
			<colordiffuse>7FFFFFFF</colordiffuse>
		</control>
		<control type="group">
			<control type="image">
				<posx>0</posx>
				<posy>150</posy>
				<width>1920</width>
				<height>780</height>
				<texture diffuse="underlay5-diffuse.png" border="2">underlay2.png</texture>
			</control>
			<control type="image">
				<posx>158</posx>
				<posy>198</posy>
				<width>405</width>
				<height>429</height>
				<texture border="2">epg-0.png</texture>
			</control>
			<control type="image">
				<posx>172</posx>
				<posy>318</posy>
				<width>375</width>
				<height>1</height>
				<texture>white.png</texture>
				<colordiffuse>7FFFFFFF</colordiffuse>
			</control>
			<control type="image">
				<posx>172</posx>
				<posy>380</posy>
				<width>375</width>
				<height>1</height>
				<texture>white.png</texture>
				<colordiffuse>7FFFFFFF</colordiffuse>
			</control>
			<control type="image">
				<posx>172</posx>
				<posy>441</posy>
				<width>375</width>
				<height>1</height>
				<texture>white.png</texture>
				<colordiffuse>7FFFFFFF</colordiffuse>
			</control>
			<control type="image">
				<posx>172</posx>
				<posy>502</posy>
				<width>375</width>
				<height>1</height>
				<texture>white.png</texture>
				<colordiffuse>7FFFFFFF</colordiffuse>
			</control>
			<control type="image">
				<posx>172</posx>
				<posy>564</posy>
				<width>375</width>
				<height>1</height>
				<texture>white.png</texture>
				<colordiffuse>7FFFFFFF</colordiffuse>
			</control>
			<control type="image">
				<posx>158</posx>
				<posy>198</posy>
				<width>405</width>
				<height>60</height>
				<texture border="2">epg-112.png</texture>
			</control>
			<control type="image">
				<posx>562</posx>
				<posy>198</posy>
				<width>405</width>
				<height>60</height>
				<texture border="2">epg-112.png</texture>
			</control>
			<control type="image">
				<posx>968</posx>
				<posy>198</posy>
				<width>405</width>
				<height>60</height>
				<texture border="2">epg-112.png</texture>
			</control>
			<control type="image">
				<posx>1372</posx>
				<posy>198</posy>
				<width>405</width>
				<height>60</height>
				<texture border="2">epg-112.png</texture>
			</control>
			<control type="label" id="104">
				<description>Date Label</description>
				<posx>172</posx>
				<posy>198</posy>
				<width>405</width>
				<height>60</height>
				<label>-</label>
				<font>font-25c</font>
				<aligny>center</aligny>
			</control>
			<control type="label" id="101">
				<description>Time 1 Label</description>
				<posx>570</posx>
				<posy>198</posy>
				<width>405</width>
				<height>60</height>
				<label>-</label>
				<font>font-25c</font>
				<aligny>center</aligny>
			</control>
			<control type="label" id="102">
				<description>Time 2 Label</description>
				<posx>975</posx>
				<posy>198</posy>
				<width>405</width>
				<height>60</height>
				<label>-</label>
				<font>font-25c</font>
				<aligny>center</aligny>
			</control>
			<control type="label" id="103">
				<description>Time 3 Label</description>
				<posx>1380</posx>
				<posy>198</posy>
				<width>405</width>
				<height>60</height>
				<label>-</label>
				<font>font-25c</font>
				<aligny>center</aligny>
			</control>
		</control>
		<!--SHOW LISTINGS-->
		<control type="group" id="111">
			<posx>564</posx>
			<posy>256</posy>
			<width>1214</width>
			<height>63</height>
		</control>
		<control type="group" id="112">
			<posx>564</posx>
			<posy>318</posy>
			<width>1214</width>
			<height>63</height>
		</control>
		<control type="group" id="113">
			<posx>564</posx>
			<posy>380</posy>
			<width>1214</width>
			<height>63</height>
		</control>
		<control type="group" id="114">
			<posx>564</posx>
			<posy>441</posy>
			<width>1214</width>
			<height>63</height>
		</control>
		<control type="group" id="115">
			<posx>564</posx>
			<posy>502</posy>
			<width>1214</width>
			<height>63</height>
		</control>
		<control type="group" id="116">
			<posx>564</posx>
			<posy>564</posy>
			<width>1214</width>
			<height>63</height>
		</control>
		<!--CHANNELS-->
		<control type="group">
			<posy>256</posy>
			<control type="label" id="311">
				<description>Channel 1 Number</description>
				<posx>225</posx>
				<posy>0</posy>
				<width>45</width>
				<height>60</height>
				<label>1</label>
				<font>font-20</font>
				<align>right</align>
				<aligny>center</aligny>
			</control>
			<control type="label" id="301">
				<description>Channel 1 Name</description>
				<posx>240</posx>
				<posy>0</posy>
				<width>300</width>
				<height>60</height>
				<label>-</label>
				<font>font-20</font>
				<align>left</align>
				<aligny>center</aligny>
			</control>
		</control>
		<control type="group">
			<posy>318</posy>
			<control type="label" id="312">
				<description>Channel 2 Number</description>
				<posx>225</posx>
				<posy>0</posy>
				<width>45</width>
				<height>60</height>
				<label>1</label>
				<font>font-20</font>
				<align>right</align>
				<aligny>center</aligny>
			</control>
			<control type="label" id="302">
				<description>Channel 2 Name</description>
				<posx>240</posx>
				<posy>0</posy>
				<width>300</width>
				<height>60</height>
				<label>-</label>
				<font>font-20</font>
				<align>left</align>
				<aligny>center</aligny>
			</control>
		</control>
		<control type="group">
			<posy>380</posy>
			<control type="label" id="313">
				<description>Channel 3 Number</description>
				<posx>225</posx>
				<posy>0</posy>
				<width>45</width>
				<height>60</height>
				<label>1</label>
				<font>font-20</font>
				<align>right</align>
				<aligny>center</aligny>
			</control>
			<control type="label" id="303">
				<description>Channel 3 Name</description>
				<posx>240</posx>
				<posy>0</posy>
				<width>300</width>
				<height>60</height>
				<label>-</label>
				<font>font-20</font>
				<align>left</align>
				<aligny>center</aligny>
			</control>
		</control>
		<control type="group">
			<posy>441</posy>
			<control type="label" id="314">
				<description>Channel 4 Number</description>
				<posx>225</posx>
				<posy>0</posy>
				<width>45</width>
				<height>60</height>
				<label>1</label>
				<font>font-20</font>
				<align>right</align>
				<aligny>center</aligny>
			</control>
			<control type="label" id="304">
				<description>Channel 4 Name</description>
				<posx>240</posx>
				<posy>0</posy>
				<width>300</width>
				<height>60</height>
				<label>-</label>
				<font>font-20</font>
				<align>left</align>
				<aligny>center</aligny>
			</control>
		</control>
		<control type="group">
			<posy>502</posy>
			<control type="label" id="315">
				<description>Channel 5 Number</description>
				<posx>225</posx>
				<posy>0</posy>
				<width>45</width>
				<height>60</height>
				<label>1</label>
				<font>font-20</font>
				<align>right</align>
				<aligny>center</aligny>
			</control>
			<control type="label" id="305">
				<description>Channel 5 Name</description>
				<posx>240</posx>
				<posy>0</posy>
				<width>300</width>
				<height>60</height>
				<label>-</label>
				<font>font-20</font>
				<align>left</align>
				<aligny>center</aligny>
			</control>
		</control>
		<control type="group">
			<posy>564</posy>
			<control type="label" id="316">
				<description>Channel 6 Number</description>
				<posx>225</posx>
				<posy>0</posy>
				<width>45</width>
				<height>60</height>
				<label>1</label>
				<font>font-20</font>
				<align>right</align>
				<aligny>center</aligny>
			</control>
			<control type="label" id="306">
				<description>Channel 6 Name</description>
				<posx>240</posx>
				<posy>0</posy>
				<width>300</width>
				<height>60</height>
				<label>-</label>
				<font>font-20</font>
				<align>left</align>
				<aligny>center</aligny>
			</control>
		</control>
		<!--TIME BAR-->
		<control type="image" id="120">
			<posx>564</posx>
			<posy>242</posy>
			<width>30</width>
			<height>399</height>
		</control>
		<control type="label" id="500">
			<description>Show Name Label</description>
			<posx>564</posx>
			<posy>668</posy>
			<width>1214</width>
			<height>52</height>
			<label>-</label>
			<font>font-35</font>
			<align>center</align>
			<textcolor>blue</textcolor>
		</control>
		<control type="label" id="501">
			<description>Show Title Label</description>
			<posx>564</posx>
			<posy>720</posy>
			<width>1214</width>
			<height>38</height>
			<label>-</label>
			<font>font-25</font>
			<align>center</align>
			<textcolor>lightblue</textcolor>
		</control>
		<control type="label" id="502">
			<description>Show Description Label</description>
			<posx>564</posx>
			<posy>772</posy>
			<width>1214</width>
			<height>120</height>
			<label>-</label>
			<font>font-20</font>
			<align>center</align>
			<aligny>top</aligny>
			<textcolor>FFFFFFFF</textcolor>
			<wrapmultiline>true</wrapmultiline>
		</control>
		<control type="image" id="503">
			<description>Show Channel Icon</description>
			<posx>158</posx>
			<posy>668</posy>
			<width>405</width>
			<height>225</height>
			<aspectratio aligny="center">keep</aspectratio>
		</control>
	</controls>
</window>
