<?xml version="1.0" encoding="UTF-8"?>
<window type="dialog" id="1116">
	<defaultcontrol>411</defaultcontrol>
	<coordinates>
		<posx>360</posx>
		<posy>300</posy>
	</coordinates>
	<controls>
		<control type="group">
			<animation effect="fade" start="100" end="0" time="200" condition="Window.IsVisible(SliderDialog)">conditional</animation>
			<control type="image">
				<description>background image</description>
				<posx>0</posx>
				<posy>20</posy>
				<width>1200</width>
				<height>318</height>
				<texture background="true" colordiffuse="grey_50">dialogs/white.png</texture>
				<bordertexture colordiffuse="grey">dialogs/white.png</bordertexture>	
				<bordersize>2</bordersize>
			</control>

			<control type="label">
				<description>heading label</description>
				<posx>60</posx>
				<posy>60</posy>
				<width>1080</width>
				<height>45</height>
				<align>center</align>
				<aligny>center</aligny>
				<font>font-20</font>
				<label>$LOCALIZE[36501]</label>
				<textcolor>white</textcolor>
			</control>
			<control type="image">
				<posx>60</posx>
				<posy>117</posy>
				<width>1080</width>
				<height>2</height>
				<texture>white.png</texture>
			</control>
			<control type="radiobutton" id="411">
				<posx>82</posx>
				<posy>142</posy>
				<width>1065</width>
				<height>45</height>
				<label>$LOCALIZE[31002]</label>
				<font>font-20</font>
				<textcolor>white</textcolor>
				<selected>IntegerGreaterThan(System.StereoscopicMode,0)</selected>
				<onup>413</onup>
				<ondown>412</ondown>
				<onclick>ToggleStereoMode</onclick>
			</control>
			<control type="button" id="412">
				<posx>82</posx>
				<posy>188</posy>
				<width>1065</width>
				<height>45</height>
				<label>$LOCALIZE[31003]</label>
				<font>font-20</font>
				<textcolor>white</textcolor>
				<onup>411</onup>
				<ondown>413</ondown>
				<onclick>StereoMode</onclick>
			</control>
			<control type="radiobutton" id="413">
				<posx>82</posx>
				<posy>232</posy>
				<width>1065</width>
				<height>45</height>
				<label>$LOCALIZE[31004]</label>
				<font>font-20</font>
				<textcolor>white</textcolor>
				<selected>StringCompare(System.StereoscopicMode,7)</selected>
				<onup>412</onup>
				<ondown>411</ondown>
				<onclick>StereoModeToMono</onclick>
			</control>
		</control>
	</controls>
</window>
