<?xml version="1.0" encoding="UTF-8"?>
<window>
	<defaultcontrol>11</defaultcontrol>
	<coordinates>
		<posx>600</posx>
		<posy>800</posy>
	</coordinates>
	<controls>
		<control type="group">
			<visible>!Window.IsVisible(InfoDialog)</visible>
			<control type="image">
				<description>background image</description>
				<posx>0</posx>
				<posy>0</posy>
				<width>600</width>
				<height>60</height>
				<align>right</align>
				<texture>osd/sub_menu.png</texture>
			</control>
			<control type="label" id="10">
				<description>Dialog header</description>
				<posx>590</posx>
				<posy>10</posy>
				<width>270</width>
				<height>24</height>
				<align>right</align>
				<aligny>center</aligny>
				<font>font-15b</font>
				<textcolor>grey</textcolor>
			</control>
			<control type="label" id="12">
				<description>Slider Value</description>
				<posx>0</posx>
				<posy>10</posy>
				<width>600</width>
				<height>24</height>
				<align>center</align>
				<aligny>center</aligny>
				<font>font-15b</font>
				<textcolor>grey</textcolor>
			</control>
			<control type="slider" id="11">
				<description>Slider</description>
				<posx>10</posx>
				<posy>32</posy>
				<width>580</width>
				<height>24</height>
				<aligny>center</aligny>
				<texturefocus>-</texturefocus>
				<texturenofocus>-</texturenofocus>
				<texturesliderbar border="1,1,1,1">osd/2.png</texturesliderbar>
				<textureslidernib colordiffuse="$VAR[main_color]">osd/3.png</textureslidernib>
				<textureslidernibfocus colordiffuse="$VAR[main_color]">osd/3.png</textureslidernibfocus>
				<onup>11</onup>
				<ondown>11</ondown>
				<onleft>11</onleft>
				<onright>11</onright>
			</control>
		</control>
	</controls>
</window>
