<?xml version="1.0" encoding="UTF-8"?>
<window>
	<defaultcontrol>10</defaultcontrol>
	<animation effect="zoom" start="0" end="100" center="900,480" time="400">WindowOpen</animation>
	<animation effect="zoom" start="100" end="0" center="900,480" time="400">WindowClose</animation>
	<coordinates>
		<posx>435</posx>
		<posy>312</posy>
	</coordinates>
	<controls>
		<control type="image">
			<description>background image</description>
			<posx>0</posx>
			<posy>0</posy>
			<width>937</width>
			<height>318</height>
			<texture background="true" colordiffuse="grey_50">dialogs/white.png</texture>
			<bordertexture colordiffuse="grey">dialogs/white.png</bordertexture>
			<bordersize>2</bordersize>
		</control>
		<control type="label" id="1">
			<description>heading label</description>
			<posx>0</posx>
			<posy>0</posy>
			<width>0</width>
			<height>0</height>
			<font>-</font>
			<visible>false</visible>
		</control>
		<control type="label">
			<description>heading label</description>
			<posx>20</posx>
			<posy>30</posy>
			<width>897</width>
			<height>45</height>
			<align>center</align>
			<aligny>center</aligny>
			<font>font-30</font>
			<label>$INFO[Control.GetLabel(1)] $INFO[System.Progressbar,- ,%]</label>
			<textcolor>white</textcolor>
		</control>
		<control type="image">
			<posx>20</posx>
			<posy>87</posy>
			<width>897</width>
			<height>2</height>
			<texture>dialogs/white.png</texture>
		</control>
		<control type="textbox" id="9">
			<posx>20</posx>
			<posy>100</posy>
			<width>897</width>
			<height>110</height>
			<align>center</align>
			<label>-</label>
			<font>font-20</font>
			<textcolor>grey_b</textcolor>
			<autoscroll time="2000" delay="8000" repeat="5000">Skin.HasSetting(AutoScroll)</autoscroll>
		</control>
		<control type="progress">
			<description>Progressbar</description>
			<posx>20</posx>
			<posy>210</posy>
			<width>897</width>
			<height>25</height>
			<info>System.Progressbar</info>
		</control>
		<control type="button" id="10">
			<description>Cancel button</description>
			<posx>300</posx>
			<posy>240</posy>
			<width>300</width>
			<height>52</height>
			<label>222</label>
			<font>font-23</font>

			<align>center</align>
			<onleft>10</onleft>
			<onright>10</onright>
			<onup>10</onup>
			<ondown>10</ondown>
		</control>
	</controls>
</window>
