<?xml version="1.0" encoding="UTF-8"?>
<window>
	<coordinates>
		<posx>660</posx>
		<posy>0</posy>
	</coordinates>
	<animation effect="fade" end="80" time="0" condition="true">Conditional</animation>
	<controls>
		<control type="group">
			<posx>0</posx>
			<posy>0</posy>
			<visible>![Window.IsVisible(InfoDialog) | Window.IsVisible(MuteBug)]</visible>
			<control type="image">
				<posx>0</posx>
				<posy>10</posy>
				<width>530</width>
				<height>60</height>
				<texture background="true" border="10,10,10,10">baloon3.png</texture>
			</control>
			<control type="label">
				<description>Volume Label</description>
				<posx>20</posx>
				<posy>22</posy>
				<width>188</width>
				<height>38</height>
				<label>$INFO[Control.GetLabel(10000),,%]</label>
				<font>font-18</font>
				<textcolor>grey</textcolor>
				<align>left</align>
				<aligny>center</aligny>
			</control>
				<control type="image">
				<posx>90</posx>
				<posy>18</posy>
				<width>48</width>
				<height>48</height>
				<texture colordiffuse="grey">osd/mute.png</texture>
				<visible>!IntegerGreaterThan(player.volume,1)</visible>
			</control>
			<control type="image">
				<posx>90</posx>
				<posy>18</posy>
				<width>48</width>
				<height>48</height>
				<texture colordiffuse="grey">osd/volume0.png</texture>
				<visible>IntegerGreaterThan(player.volume,1) + !IntegerGreaterThan(player.volume,20)</visible>
			</control>
			<control type="image">
				<posx>90</posx>
				<posy>18</posy>
				<width>48</width>
				<height>48</height>
				<texture colordiffuse="grey">osd/volume1.png</texture>
				<visible>IntegerGreaterThan(player.volume,20) + !IntegerGreaterThan(player.volume,50)</visible>
			</control>
			<control type="image">
				<posx>90</posx>
				<posy>18</posy>
				<width>48</width>
				<height>48</height>
				<texture colordiffuse="grey">osd/volume2.png</texture>
				<visible>IntegerGreaterThan(player.volume,50) + !IntegerGreaterThan(player.volume,95)</visible>
			</control>
			<control type="image">
				<posx>90</posx>
				<posy>18</posy>
				<width>48</width>
				<height>48</height>
				<texture colordiffuse="grey">osd/volume3.png</texture>
				<visible>IntegerGreaterThan(player.volume,95)</visible>
			</control>
			<control type="progress" id="10000">
				<description>Progressbar</description>
				<posx>140</posx>
				<posy>30</posy>
				<width>384</width>
				<height>22</height>
				<info>Player.Volume</info>
				<visible>true</visible>
				<animation effect="fade" start="50" end="50" time="0" condition="Player.Passthrough">Conditional</animation>
			</control>
			<control type="label">
				<description>Passthrough Label</description>
				<posx>192</posx>
				<posy>22</posy>
				<width>393</width>
				<height>38</height>
				<label>[UPPERCASE][B]$LOCALIZE[29802][/B][/UPPERCASE]</label>
				<font>font-15c</font>
				<textcolor>white</textcolor>
				<align>center</align>
				<aligny>center</aligny>
				<visible>Player.Passthrough</visible>
			</control>
		</control>
	</controls>
</window>
