<?xml version="1.0" encoding="UTF-8"?>
<window>
	<defaultcontrol always="true">11</defaultcontrol>

	<controls>
		<control type="group">
			<animation effect="zoom" start="0" end="100" center="900,480" time="400">WindowOpen</animation>
			<animation effect="zoom" start="100" end="0" center="900,480" time="400">WindowClose</animation>
			<animation effect="slide" start="0,0" end="-1920,0" time="500" condition="Window.IsVisible(FileBrowser)">Conditional</animation>
			<posy>80</posy>
			<control type="image">
				<description>background image</description>
				<posx>0</posx>
				<posy>0</posy>
				<width>1920</width>
				<height>1000</height>
				<texture background="true" colordiffuse="grey_50">dialogs/white.png</texture>
				<bordertexture colordiffuse="grey">dialogs/white.png</bordertexture>
				<bordersize>2</bordersize>
			</control>
			<control type="label" id="2">
				<description>heading label</description>
				<posx>0</posx>
				<posy>30</posy>
				<width>1920</width>
				<height>45</height>
				<align>center</align>
				<aligny>center</aligny>
				<textcolor>white</textcolor>
				<font>font-32</font>
				<label>-</label>
			</control>

			<control type="image">
				<posx>75</posx>
				<posy>115</posy>
				<width>1770</width>
				<height>2</height>
				<texture>white.png</texture>
			</control>
			<control type="image">
				<posx>75</posx>
				<posy>520</posy>
				<width>1770</width>
				<height>2</height>
				<texture>white.png</texture>
			</control>
			<control type="image">
				<posx>75</posx>
				<posy>730</posy>
				<width>1770</width>
				<height>2</height>
				<texture>white.png</texture>
			</control>
			<!-- Verticals -->
			<control type="image">
				<posx>75</posx>
				<posy>115</posy>
				<width>2</width>
				<height>616</height>
				<texture>white.png</texture>
			</control>
			<control type="image">
				<posx>1843</posx>
				<posy>115</posy>
				<width>2</width>
				<height>616</height>
				<texture>white.png</texture>
			</control>
			<control type="label">
				<description>path label</description>
				<posx>0</posx>
				<posy>128</posy>
				<width>1920</width>
				<height>45</height>
				<align>center</align>
				<aligny>center</aligny>
				<font>font-20</font>
				<label>[B]$LOCALIZE[1021][/B]</label>
				<textcolor>grey_b</textcolor>
			</control>
			<control type="list" id="10">
				<posx>300</posx>
				<posy>180</posy>
				<width>1320</width>
				<height>220</height>
				<onup>19</onup>
				<ondown>11</ondown>
				<onleft>10</onleft>
				<onright>61</onright>
				<pagecontrol>61</pagecontrol>
				<scrolltime>200</scrolltime>
				<itemlayout width="1320" height="44">
					<control type="label">
						<posx>15</posx>
						<posy>0</posy>
						<width>1290</width>
						<height>45</height>
						<font>font-20</font>
						<align>left</align>
						<aligny>center</aligny>
						<selectedcolor>$VAR[main_color]</selectedcolor>
						<label>$INFO[ListItem.Label]</label>
					</control>
				</itemlayout>
				<focusedlayout width="1320" height="44">
					<control type="image">
						<posx>0</posx>
						<posy>0</posy>
						<width>1320</width>
						<height>45</height>
						<texture colordiffuse="grey">white.png</texture>
					</control>
					<control type="image">
						<posx>0</posx>
						<posy>0</posy>
						<width>1320</width>
						<height>45</height>
						<texture colordiffuse="darkgrey">white.png</texture>
						<visible>!Control.HasFocus(10)</visible>
					</control>
					<control type="label">
						<posx>15</posx>
						<posy>0</posy>
						<width>1290</width>
						<height>45</height>
						<font>font-20</font>
						<align>left</align>
						<aligny>center</aligny>
						<textcolor>$VAR[main_color]</textcolor>
						<selectedcolor>$VAR[main_color]</selectedcolor>
						<label>$INFO[ListItem.Label]</label>
					</control>
				</focusedlayout>
			</control>
			<control type="scrollbar" id="61">
				<posx>1635</posx>
				<posy>180</posy>
				<width>10</width>
				<height>220</height>
				<include>scroll_bar</include>
				<onleft>10</onleft>
				<onright>10</onright>
				<showonepage>false</showonepage>
				<orientation>vertical</orientation>
			</control>
			<control type="group" id="9000">
				<posy>440</posy>
				<control type="button" id="11">
					<description>Browse Button</description>
					<posx>510</posx>
					<posy>0</posy>
					<width>300</width>
					<label>1024</label>
					<onup>10</onup>
					<onleft>14</onleft>
					<onright>13</onright>
					<ondown>12</ondown>
				</control>
				<control type="button" id="13">
					<description>Add Path Button</description>
					<posx>810</posx>
					<posy>0</posy>
					<width>300</width>
					<label>15019</label>
					<onup>10</onup>
					<onleft>11</onleft>
					<onright>14</onright>
					<ondown>12</ondown>
				</control>
				<control type="button" id="14">
					<description>Remove Path Button</description>
					<posx>1110</posx>
					<posy>0</posy>
					<width>300</width>
					<label>1210</label>
					<onup>10</onup>
					<onleft>13</onleft>
					<onright>11</onright>
					<ondown>12</ondown>
				</control>
			</control>

			<control type="label">
				<description>Name label</description>
				<posx>0</posx>
				<posy>535</posy>
				<width>1920</width>
				<height>45</height>
				<align>center</align>
				<font>font-20</font>
				<label>[B]$LOCALIZE[1022][/B]</label>
				<textcolor>grey_b</textcolor>
			</control>
			<control type="edit" id="12">
				<description>Name Button</description>
				<posx>300</posx>
				<posy>585</posy>
				<width>1320</width>
				<height>45</height>
				<align>left</align>
				<aligny>center</aligny>
				<label>-</label>
				<textcolor>white</textcolor>
				<texturefocus colordiffuse="grey_a">white.png</texturefocus>
				<texturenofocus colordiffuse="darkgrey">white.png</texturenofocus>
				<font>font-20</font>
				<onup>11</onup>
				<onleft>12</onleft>
				<onright>12</onright>
				<ondown>9001</ondown>
			</control>

			<control type="group" id="9001">
				<posy>655</posy>
				<control type="button" id="18">
					<description>Ok Button</description>
					<posx>660</posx>
					<posy>0</posy>
					<width>300</width>
					<label>186</label>
					<onup>12</onup>
					<onleft>20</onleft>
					<onright>19</onright>
					<ondown>10</ondown>
				</control>
				<control type="button" id="19">
					<description>Cancel Button</description>
					<posx>960</posx>
					<posy>0</posy>
					<width>300</width>
					<label>222</label>
					<onup>12</onup>
					<onleft>18</onleft>
					<onright>20</onright>
					<ondown>10</ondown>
				</control>
			</control>
		</control>
	</controls>
</window>
