<?xml version="1.0" encoding="UTF-8"?>
<window>
	<defaultcontrol always="true">13</defaultcontrol>
	<controls>
		<control type="image">
			<posx>0</posx>
			<posy>0</posy>
			<width>1920</width>
			<height>1080</height>
			<texture>black.png</texture>
			<animation effect="fade" start="0" end="70" time="300">WindowOpen</animation>
			<animation effect="fade" start="70" end="0" time="300">WindowClose</animation>
		</control>
		<control type="group">
			<include>DialogFade5</include>
			<control type="image">
				<posx>0</posx>
				<posy>840</posy>
				<width>1920</width>
				<height>222</height>
				<texture border="10">underlay.png</texture>
			</control>
			<control type="image">
				<posx>51</posx>
				<posy>748</posy>
				<width>312</width>
				<height>312</height>
				<texture>$INFO[ListItem.Icon]</texture>
			</control>
			<control type="image">
				<posx>18</posx>
				<posy>744</posy>
				<width>354</width>
				<height>321</height>
				<texture>cdcase.png</texture>
				<visible>!Skin.HasSetting(HideMusicCase)</visible>
			</control>
			<control type="image">
				<posx>12</posx>
				<posy>738</posy>
				<width>368</width>
				<height>338</height>
				<texture>cdcase-shadow.png</texture>
				<visible>!Skin.HasSetting(HideMusicCase)</visible>
			</control>
		</control>
		<control type="group">
			<include>DialogFade5</include>
			<animation effect="fade" start="100" end="0" time="200" condition="Window.IsVisible(custom_DialogPlot.xml)">Conditional</animation>
			<control type="label">
				<posx>393</posx>
				<posy>866</posy>
				<width>1290</width>
				<height>45</height>
				<font>font-30</font>
				<textcolor>blue</textcolor>
				<shadowcolor>black</shadowcolor>
				<align>left</align>
				<aligny>center</aligny>
				<label>$INFO[ListItem.Label]</label>
			</control>
			<control type="label">
				<posx>393</posx>
				<posy>910</posy>
				<width>1290</width>
				<height>45</height>
				<font>font-30</font>
				<textcolor>white</textcolor>
				<shadowcolor>black</shadowcolor>
				<align>left</align>
				<aligny>center</aligny>
				<label>$INFO[ListItem.Artist]</label>
			</control>
			<control type="label">
				<posx>393</posx>
				<posy>966</posy>
				<width>920</width>
				<height>45</height>
				<font>font-20</font>
				<textcolor>white</textcolor>
				<shadowcolor>black</shadowcolor>
				<align>left</align>
				<aligny>center</aligny>
				<label>$INFO[ListItem.Genre,[UPPERCASE][B][COLOR=lightblue]$LOCALIZE[515]: [/UPPERCASE][/B][/COLOR]]</label>
			</control>
			<control type="label">
				<posx>393</posx>
				<posy>1000</posy>
				<width>920</width>
				<height>45</height>
				<font>font-20</font>
				<textcolor>white</textcolor>
				<shadowcolor>black</shadowcolor>
				<align>left</align>
				<aligny>center</aligny>
				<label>$INFO[ListItem.Year,[UPPERCASE][B][COLOR=lightblue]$LOCALIZE[562]: [/UPPERCASE][/B][/COLOR]]</label>
			</control>
		</control>
		<control type="group">
			<include>dialogeffect4</include>
			<include>DialogFade5</include>
			<animation effect="fade" start="100" end="0" time="200" condition="Window.IsVisible(custom_DialogPlot.xml)">Conditional</animation>
			<control type="button">
				<posx>1860</posx>
				<posy>30</posy>
				<width>30</width>
				<height>30</height>
				<texturefocus>close-window-focus.png</texturefocus>
				<texturenofocus>close-window-nofocus.png</texturenofocus>
				<onclick>Dialog.Close(songinformation)</onclick>
				<visible>Skin.HasSetting(TouchScreenMode)</visible>
			</control>
			<control type="label">
				<description>Item Title value</description>
				<posx>60</posx>
				<posy>68</posy>
				<width>1800</width>
				<height>45</height>
				<align>center</align>
				<aligny>center</aligny>
				<textcolor>blue</textcolor>
				<shadowcolor>black</shadowcolor>
				<label>$INFO[Listitem.Title]</label>
				<font>font-32</font>
			</control>
			<control type="image">
				<posx>60</posx>
				<posy>126</posy>
				<width>1800</width>
				<height>3</height>
				<texture>separator.png</texture>
			</control>
			<control type="image">
				<posx>60</posx>
				<posy>608</posy>
				<width>1800</width>
				<height>3</height>
				<texture>separator.png</texture>
			</control>
			<control type="group" id="9000">
				<posx>360</posx>
				<posy>630</posy>
				<control type="button" id="13">
					<description>Get Thumb button</description>
					<posx>0</posx>
					<posy>50</posy>
					<width>300</width>
					<height>52</height>
					<font>font-20</font>
					<textcolor>white</textcolor>
					<focusedcolor>white</focusedcolor>
					<shadowcolor>black</shadowcolor>
					<align>center</align>
					<aligny>center</aligny>
					<texturefocus border="7">button-nofocus.png</texturefocus>
					<texturenofocus border="7">button-nofocus.png</texturenofocus>
					<label>13405</label>
					<onleft>11</onleft>
					<onright>12</onright>
					<onup>49</onup>
					<ondown>14</ondown>
				</control>
				<control type="button" id="12">
					<description>Album Info button</description>
					<posx>300</posx>
					<posy>50</posy>
					<width>300</width>
					<height>52</height>
					<font>font-20</font>
					<textcolor>white</textcolor>
					<focusedcolor>white</focusedcolor>
					<shadowcolor>black</shadowcolor>
					<align>center</align>
					<aligny>center</aligny>
					<texturefocus border="7">button-nofocus.png</texturefocus>
					<texturenofocus border="7">button-nofocus.png</texturenofocus>
					<label>10523</label>
					<onleft>13</onleft>
					<onright>10</onright>
					<onup>49</onup>
					<ondown>14</ondown>
				</control>
				<control type="button" id="10">
					<description>Ok button</description>
					<posx>600</posx>
					<posy>50</posy>
					<width>300</width>
					<height>52</height>
					<font>font-20</font>
					<textcolor>white</textcolor>
					<focusedcolor>white</focusedcolor>
					<shadowcolor>black</shadowcolor>
					<align>center</align>
					<aligny>center</aligny>
					<texturefocus border="7">button-nofocus.png</texturefocus>
					<texturenofocus border="7">button-nofocus.png</texturenofocus>
					<label>186</label>
					<onleft>12</onleft>
					<onright>11</onright>
					<onup>49</onup>
					<ondown>14</ondown>
				</control>
				<control type="button" id="11">
					<description>Cancel button</description>
					<posx>900</posx>
					<posy>50</posy>
					<width>300</width>
					<height>52</height>
					<font>font-20</font>
					<textcolor>white</textcolor>
					<focusedcolor>white</focusedcolor>
					<shadowcolor>black</shadowcolor>
					<align>center</align>
					<aligny>center</aligny>
					<texturefocus border="7">button-nofocus.png</texturefocus>
					<texturenofocus border="7">button-nofocus.png</texturenofocus>
					<label>222</label>
					<onleft>10</onleft>
					<onright>13</onright>
					<onup>49</onup>
					<ondown>14</ondown>
				</control>
			</control>
			<control type="image">
				<posx>360</posx>
				<posy>680</posy>
				<width>300</width>
				<height>52</height>
				<texture border="7">button-focus.png</texture>
				<animation effect="slide" start="0,0" end="300,0" time="200" condition="Control.HasFocus(12)">Conditional</animation>
				<animation effect="slide" start="0,0" end="600,0" time="200" condition="Control.HasFocus(10)">Conditional</animation>
				<animation effect="slide" start="0,0" end="900,0" time="200" condition="Control.HasFocus(11)">Conditional</animation>
				<animation effect="fade" start="70" end="100" time="750" pulse="true" condition="true">Conditional</animation>
				<visible>Control.HasFocus(13) | Control.HasFocus(12) | Control.HasFocus(10) | Control.HasFocus(11)</visible>
			</control>
			<control type="label">
				<posx>1848</posx>
				<posy>866</posy>
				<width>225</width>
				<height>45</height>
				<font>font-30</font>
				<textcolor>white</textcolor>
				<shadowcolor>black</shadowcolor>
				<align>right</align>
				<aligny>center</aligny>
				<label>$INFO[ListItem.Label2]</label>
			</control>
			<control type="image">
				<description>Rating value</description>
				<posx>1632</posx>
				<posy>990</posy>
				<width>240</width>
				<height>38</height>
				<aspectratio>keep</aspectratio>
				<texture>$INFO[ListItem.StarRating]</texture>
			</control>
			<control type="button" id="14">
				<description>Decrease Rating</description>
				<posx>1767</posx>
				<posy>1048</posy>
				<width>45</width>
				<height>28</height>
				<onclick>DecreaseRating</onclick>
				<texturenofocus>scroll-down-2.png</texturenofocus>
				<texturefocus>scroll-down-focus-2.png</texturefocus>
				<onleft>1112</onleft>
				<onright>15</onright>
				<ondown>13</ondown>
				<onup>13</onup>
			</control>
			<control type="button" id="15">
				<description>Increase Rating</description>
				<posx>1812</posx>
				<posy>1048</posy>
				<width>45</width>
				<height>28</height>
				<onclick>IncreaseRating</onclick>
				<texturenofocus>scroll-up-2.png</texturenofocus>
				<texturefocus>scroll-up-focus-2.png</texturefocus>
				<onleft>14</onleft>
				<onright>1112</onright>
				<ondown>13</ondown>
				<onup>13</onup>
			</control>
			<control type="button" id="1112">
				<posx>1875</posx>
				<posy>1052</posy>
				<width>30</width>
				<height>30</height>
				<label>-</label>
				<font>-</font>
				<texturefocus>magnifier-small-focus.png</texturefocus>
				<texturenofocus>magnifier-small-nofocus.png</texturenofocus>
				<onleft>15</onleft>
				<onright>14</onright>
				<onup>13</onup>
				<ondown>13</ondown>
				<onclick>ActivateWindow(1113)</onclick>
			</control>
			<control type="group">
				<include>VisibleFadeEffect</include>
				<control type="list" id="49">
					<posx>150</posx>
					<posy>172</posy>
					<width>1620</width>
					<height>472</height>
					<onleft>49</onleft>
					<onright>49</onright>
					<onup>13</onup>
					<ondown>13</ondown>
					<pagecontrol>-</pagecontrol>
					<scrolltime>200</scrolltime>
					<itemlayout width="1620" height="44">
						<control type="image">
							<posx>0</posx>
							<posy>0</posy>
							<width>1620</width>
							<height>45</height>
							<texture border="7">list-nofocus.png</texture>
							<include>VisibleFadeEffect</include>
						</control>
						<control type="label">
							<posx>15</posx>
							<posy>0</posy>
							<width>225</width>
							<height>45</height>
							<font>font-20</font>
							<align>right</align>
							<aligny>center</aligny>
							<textcolor>lightblue</textcolor>
							<selectedcolor>white</selectedcolor>
							<label>$INFO[ListItem.Label]</label>
						</control>
						<control type="label">
							<posx>262</posx>
							<posy>0</posy>
							<width>1342</width>
							<height>45</height>
							<font>font-20</font>
							<align>left</align>
							<aligny>center</aligny>
							<textcolor>white</textcolor>
							<selectedcolor>white</selectedcolor>
							<label>$INFO[ListItem.Label2]</label>
						</control>
					</itemlayout>
					<focusedlayout width="1620" height="44">
						<control type="image">
							<posx>0</posx>
							<posy>0</posy>
							<width>1620</width>
							<height>45</height>
							<texture border="7">list-nofocus.png</texture>
							<include>VisibleFadeEffect</include>
						</control>
						<control type="image">
							<posx>0</posx>
							<posy>0</posy>
							<width>1620</width>
							<height>45</height>
							<texture border="7">list-focus2.png</texture>
							<include>VisibleFadeEffect</include>
							<visible>Control.HasFocus(49)</visible>
							<include>ListFocusScroll22</include>
						</control>
						<control type="label">
							<posx>15</posx>
							<posy>0</posy>
							<width>225</width>
							<height>45</height>
							<font>font-20</font>
							<align>right</align>
							<aligny>center</aligny>
							<textcolor>lightblue</textcolor>
							<selectedcolor>white</selectedcolor>
							<label>$INFO[ListItem.Label]</label>
						</control>
						<control type="label">
							<posx>262</posx>
							<posy>0</posy>
							<width>1342</width>
							<height>45</height>
							<font>font-20</font>
							<align>left</align>
							<aligny>center</aligny>
							<textcolor>white</textcolor>
							<selectedcolor>white</selectedcolor>
							<label>$INFO[ListItem.Label2]</label>
						</control>
					</focusedlayout>
					<content>
						<item>
							<label>[UPPERCASE][B]$LOCALIZE[557]:[/B][/UPPERCASE]</label>
							<label2>$INFO[ListItem.Artist]</label2>
							<onclick>noop</onclick>
						</item>
						<item>
							<label>[UPPERCASE][B]$LOCALIZE[558]:[/B][/UPPERCASE]</label>
							<label2>$INFO[ListItem.Album]$INFO[ListItem.DiscNumber, ($LOCALIZE[427]: ,)]</label2>
							<onclick>noop</onclick>
						</item>
						<item>
							<label>[UPPERCASE][B]$LOCALIZE[554]:[/B][/UPPERCASE]</label>
							<label2>$INFO[ListItem.TrackNumber]</label2>
							<onclick>noop</onclick>
						</item>
						<item>
							<label>[UPPERCASE][B]$LOCALIZE[562]:[/B][/UPPERCASE]</label>
							<label2>$INFO[ListItem.Year]</label2>
							<onclick>noop</onclick>
						</item>
						<item>
							<label>[UPPERCASE][B]$LOCALIZE[515]:[/B][/UPPERCASE]</label>
							<label2>$INFO[ListItem.Genre]</label2>
							<onclick>noop</onclick>
						</item>
						<item>
							<label>[UPPERCASE][B]$LOCALIZE[567]:[/B][/UPPERCASE]</label>
							<label2>$INFO[ListItem.PlayCount]$INFO[ListItem.LastPlayed, ($LOCALIZE[568]: ,)]</label2>
							<onclick>noop</onclick>
						</item>
						<item>
							<label>[UPPERCASE][B]$LOCALIZE[563]:[/B][/UPPERCASE]</label>
							<label2>$INFO[ListItem.Rating]</label2>
							<onclick>noop</onclick>
						</item>
						<item>
							<label>[UPPERCASE][B]$LOCALIZE[569]:[/B][/UPPERCASE]</label>
							<label2>$INFO[ListItem.Comment]</label2>
							<onclick>noop</onclick>
						</item>
						<item>
							<label>[UPPERCASE][B]$LOCALIZE[15311][/B][/UPPERCASE]</label>
							<label2>$INFO[ListItem.FilenameAndPath]</label2>
							<onclick>noop</onclick>
						</item>
					</content>
				</control>
			</control>
		</control>
	</controls>
</window>
