<?xml version="1.0" encoding="UTF-8"?>
<window>
	<defaultcontrol>20</defaultcontrol>
	<controls>
		<include condition="Skin.HasSetting(VideoBackgrounds)">CommonVideoPlayingBackground</include>
		<control type="multiimage">
			<posx>0</posx>
			<posy>0</posy>
			<width>1920</width>
			<height>1080</height>
			<imagepath fallback="special://skin/backgrounds/background-settings.jpg" background="true">$INFO[Skin.String(Custom_Back_Settings_Folder)]</imagepath>
			<aspectratio>scale</aspectratio>
			<timeperimage>5000</timeperimage>
			<randomize>true</randomize>
			<fadetime>2000</fadetime>
			<include condition="Skin.HasSetting(AnimateBackgrounds)">backgroundanimation</include>
			<visible>![Player.HasVideo + Skin.HasSetting(VideoBackgrounds)]</visible>
		</control>
		<include condition="Skin.HasSetting(VizBackgrounds)">CommonVisualizationBackground</include>
		<control type="image">
			<posx>0</posx>
			<posy>0</posy>
			<width>1920</width>
			<height>1080</height>
			<texture>black.png</texture>
			<animation effect="fade" start="0" end="70" time="300">WindowOpen</animation>
			<animation effect="fade" start="70" end="0" time="300">WindowClose</animation>
		</control>
		<control type="group">
			<include>dialogeffect4</include>
			<control type="button">
				<posx>1860</posx>
				<posy>30</posy>
				<width>30</width>
				<height>30</height>
				<texturefocus>close-window-focus.png</texturefocus>
				<texturenofocus>close-window-nofocus.png</texturenofocus>
				<onclick>PreviousMenu</onclick>
				<visible>Skin.HasSetting(TouchScreenMode)</visible>
			</control>
			<control type="label">
				<description>header label</description>
				<posx>60</posx>
				<posy>22</posy>
				<width>1800</width>
				<height>45</height>
				<label>$LOCALIZE[35000]</label>
				<align>center</align>
				<aligny>center</aligny>
				<textcolor>blue</textcolor>
				<shadowcolor>black</shadowcolor>
				<font>font-32</font>
			</control>
			<control type="image">
				<posx>0</posx>
				<posy>81</posy>
				<width>1920</width>
				<height>3</height>
				<texture>separator.png</texture>
			</control>
			<control type="image">
				<posx>958</posx>
				<posy>150</posy>
				<width>3</width>
				<height>750</height>
				<texture>white.png</texture>
				<colordiffuse>20FFFFFF</colordiffuse>
			</control>
			<control type="label">
				<description>Device label</description>
				<posx>315</posx>
				<posy>150</posy>
				<width>1320</width>
				<height>45</height>
				<label>[B]$LOCALIZE[35000][/B]</label>
				<align>left</align>
				<aligny>center</aligny>
				<font>font-20</font>
				<textcolor>lightblue</textcolor>
				<shadowcolor>black</shadowcolor>
			</control>
			<control type="list" id="20">
				<posx>300</posx>
				<posy>210</posy>
				<width>600</width>
				<height>698</height>
				<onup>9000</onup>
				<onleft>9000</onleft>
				<onright>60</onright>
				<ondown>9000</ondown>
				<pagecontrol>60</pagecontrol>
				<scrolltime>200</scrolltime>
				<itemlayout width="600" height="44">
					<control type="image">
						<posx>0</posx>
						<posy>0</posy>
						<width>600</width>
						<height>45</height>
						<texture border="7">list-nofocus.png</texture>
					</control>
					<control type="label">
						<posx>15</posx>
						<posy>0</posy>
						<width>570</width>
						<height>45</height>
						<font>font-20</font>
						<align>left</align>
						<aligny>center</aligny>
						<selectedcolor>blue</selectedcolor>
						<label>$INFO[ListItem.Label]</label>
					</control>
				</itemlayout>
				<focusedlayout width="600" height="44">
					<control type="image">
						<posx>0</posx>
						<posy>0</posy>
						<width>1320</width>
						<height>45</height>
						<texture border="7">list-nofocus.png</texture>
					</control>
					<control type="image">
						<posx>0</posx>
						<posy>0</posy>
						<width>600</width>
						<height>45</height>
						<colordiffuse>FFFFFFFF</colordiffuse>
						<visible>Control.HasFocus(20)</visible>
						<texture border="7">list-focus2.png</texture>
						<include>ListFocusScroll12</include>
					</control>
					<control type="label">
						<posx>15</posx>
						<posy>0</posy>
						<width>570</width>
						<height>45</height>
						<font>font-20</font>
						<align>left</align>
						<aligny>center</aligny>
						<selectedcolor>blue</selectedcolor>
						<label>$INFO[ListItem.Label]</label>
					</control>
				</focusedlayout>
			</control>
			<control type="scrollbar" id="60">
				<posx>1635</posx>
				<posy>210</posy>
				<width>30</width>
				<height>700</height>
				<texturesliderbackground border="0,10,0,10">scrollbar-back.png</texturesliderbackground>
				<texturesliderbar border="0,10,0,10">scrollbar-front-nofocus.png</texturesliderbar>
				<texturesliderbarfocus border="0,10,0,10">scrollbar-front.png</texturesliderbarfocus>
				<textureslidernib>scrollbar-nib-nofocus.png</textureslidernib>
				<textureslidernibfocus>scrollbar-nib.png</textureslidernibfocus>
				<onleft>10</onleft>
				<onright>9000</onright>
				<showonepage>false</showonepage>
				<orientation>vertical</orientation>
			</control>
			<control type="label">
				<description>Options label</description>
				<posx>1020</posx>
				<posy>150</posy>
				<width>1320</width>
				<height>45</height>
				<label>[B]$LOCALIZE[33029][/B]</label>
				<align>left</align>
				<aligny>center</aligny>
				<font>font-20</font>
				<textcolor>lightblue</textcolor>
				<shadowcolor>black</shadowcolor>
			</control>
			<control type="label">
				<description>name</description>
				<posx>1020</posx>
				<posy>210</posy>
				<width>240</width>
				<height>44</height>
				<label>$LOCALIZE[35502]</label>
				<font>font-20</font>
				<textcolor>blue</textcolor>
			</control>
			<control type="label">
				<description>name value</description>
				<posx>1290</posx>
				<posy>210</posy>
				<width>600</width>
				<height>44</height>
				<label fallback="13205">$INFO[Container(20).ListItem.Label]</label>
				<font>font-20</font>
				<scroll>true</scroll>
				<textcolor>white</textcolor>
			</control>
			<control type="label">
				<description>location</description>
				<posx>1020</posx>
				<posy>255</posy>
				<width>240</width>
				<height>44</height>
				<label>$LOCALIZE[35500]</label>
				<font>font-20</font>
				<textcolor>blue</textcolor>
			</control>
			<control type="label">
				<description>location value</description>
				<posx>1290</posx>
				<posy>255</posy>
				<width>600</width>
				<height>44</height>
				<label fallback="13205">$INFO[Container(20).ListItem.Property(Bus)] - $INFO[Container(20).ListItem.Property(Location)]</label>
				<font>font-20</font>
				<scroll>true</scroll>
				<textcolor>white</textcolor>
			</control>
			<control type="label">
				<description>class</description>
				<posx>1020</posx>
				<posy>300</posy>
				<width>240</width>
				<height>44</height>
				<label>$LOCALIZE[35501]</label>
				<font>font-20</font>
				<textcolor>blue</textcolor>
			</control>
			<control type="label">
				<description>class value</description>
				<posx>1290</posx>
				<posy>300</posy>
				<width>600</width>
				<height>44</height>
				<label fallback="13205">$INFO[Container(20).ListItem.Property(Class)]</label>
				<font>font-20</font>
				<scroll>true</scroll>
				<textcolor>white</textcolor>
			</control>
			<control type="label">
				<description>vendor</description>
				<posx>1020</posx>
				<posy>345</posy>
				<width>240</width>
				<height>44</height>
				<label>$LOCALIZE[35503]</label>
				<font>font-20</font>
				<textcolor>blue</textcolor>
			</control>
			<control type="label">
				<description>vendor value</description>
				<posx>1290</posx>
				<posy>345</posy>
				<width>600</width>
				<height>44</height>
				<label fallback="13205">$INFO[Container(20).ListItem.Property(Vendor)]</label>
				<font>font-20</font>
				<scroll>true</scroll>
				<textcolor>white</textcolor>
			</control>
			<control type="image">
				<posx>0</posx>
				<posy>960</posy>
				<width>1920</width>
				<height>3</height>
				<texture>separator.png</texture>
			</control>
			<control type="group" id="9000">
				<posx>660</posx>
				<posy>998</posy>
				<height>52</height>
				<control type="button" id="10">
					<description>Ok Button</description>
					<posx>0</posx>
					<posy>0</posy>
					<width>300</width>
					<height>52</height>
					<font>font-20</font>
					<textcolor>white</textcolor>
					<focusedcolor>white</focusedcolor>
					<shadowcolor>black</shadowcolor>
					<align>center</align>
					<aligny>center</aligny>
					<texturefocus border="7">button-nofocus.png</texturefocus>
					<texturenofocus border="7">button-nofocus.png</texturenofocus>
					<label>186</label>
					<onup>20</onup>
					<onleft>11</onleft>
					<onright>11</onright>
					<ondown>20</ondown>
				</control>
				<control type="button" id="11">
					<description>Settings Button</description>
					<posx>300</posx>
					<posy>0</posy>
					<width>300</width>
					<height>52</height>
					<font>font-20</font>
					<textcolor>white</textcolor>
					<focusedcolor>white</focusedcolor>
					<shadowcolor>black</shadowcolor>
					<align>center</align>
					<aligny>center</aligny>
					<texturefocus border="7">button-nofocus.png</texturefocus>
					<texturenofocus border="7">button-nofocus.png</texturenofocus>
					<label>5</label>
					<onup>20</onup>
					<onleft>10</onleft>
					<onright>10</onright>
					<ondown>20</ondown>
				</control>
			</control>
			<control type="image">
				<posx>660</posx>
				<posy>998</posy>
				<width>300</width>
				<height>52</height>
				<texture border="7">button-focus.png</texture>
				<animation effect="slide" start="0,0" end="300,0" time="200" condition="Control.HasFocus(11)">Conditional</animation>
				<visible>Control.HasFocus(10) | Control.HasFocus(11)</visible>
			</control>
		</control>
	</controls>
</window>
