<?xml version="1.0" encoding="UTF-8"?>
<window>
	<defaultcontrol always="true">11</defaultcontrol>
	<coordinates>
		<posx>470</posx>
		<posy>97</posy>
	</coordinates>
	<include>dialogeffect</include>
	<controls>
		<control type="group">
			<animation effect="fade" start="100" end="0" time="200" condition="Window.IsVisible(SliderDialog) | Window.IsVisible(pvrguideinfo)">conditional</animation>
			<animation effect="zoom" start="0" end="100" center="1400,798" time="400">WindowOpen</animation>
			<animation effect="zoom" start="100" end="0" center="1400,798" time="400">WindowClose</animation>
			<animation effect="fade" end="96" time="0" condition="true">Conditional</animation>
			<control type="image">
				<description>background image</description>
				<posx>0</posx>
				<posy>0</posy>
				<width>1150</width>
				<height>702</height>
				<texture colordiffuse="darkgrey">dialogs/white.png</texture>
			</control>
			<control type="label">
				<description>heading label</description>
				<posx>60</posx>
				<posy>30</posy>
				<width>1030</width>
				<height>45</height>
				<align>center</align>
				<aligny>center</aligny>
				<font>font-32</font>
				<label>$LOCALIZE[19019] - $INFO[VideoPlayer.ChannelGroup]</label>
				<textcolor>white</textcolor>
			</control>
			<control type="image">
				<posx>0</posx>
				<posy>87</posy>
				<width>1150</width>
				<height>2</height>
				<texture>dialogs/white.png</texture>
			</control>

			<control type="list" id="11">
				<description>control area</description>
				<posx>38</posx>
				<posy>128</posy>
				<width>1050</width>
				<height>570</height>
				<itemgap>0</itemgap>
				<pagecontrol>60</pagecontrol>
				<onleft>PreviousChannelGroup</onleft>
				<onright>60</onright>
				<ondown>11</ondown>
				<onup>11</onup>
				<itemlayout width="1050" height="50">
					<control type="progress">
						<description>Progressbar</description>
						<posx>0</posx>
						<posy>38</posy>
						<width>930</width>
						<height>10</height>
						<texturebg colordiffuse="grey_a">osd/5.png</texturebg>
						<info>ListItem.Progress</info>
					</control>
					<control type="image">
						<posx>1000</posx>
						<posy>2</posy>
						<width>46</width>
						<height>46</height>
						<texture>$INFO[ListItem.Icon]</texture>
						<aspectratio>keep</aspectratio>
					</control>
					<control type="label">
						<posx>930</posx>
						<posy>0</posy>
						<width>60</width>
						<height>45</height>
						<font>font-20</font>
						<align>right</align>
						<aligny>center</aligny>
						<selectedcolor>$VAR[main_color]</selectedcolor>
						<label>$INFO[ListItem.ChannelNumberLabel]</label>
					</control>
					<control type="label">
						<posx>0</posx>
						<posy>0</posy>
						<width>750</width>
						<height>45</height>
						<font>font-20</font>
						<align>left</align>
						<aligny>center</aligny>
						<textcolor>grey_a</textcolor>
						<selectedcolor>$VAR[main_color]</selectedcolor>
						<label>$INFO[ListItem.Title]</label>
					</control>
					<control type="label">
						<posx>190</posx>
						<posy>0</posy>
						<width>735</width>
						<height>45</height>
						<font>font-20</font>
						<align>right</align>
						<aligny>center</aligny>
						<textcolor>white</textcolor>
						<selectedcolor>$VAR[main_color]</selectedcolor>
						<label>$INFO[ListItem.ChannelName]</label>
					</control>
					<control type="image">
					<posx>0</posx>
					<posy>0</posy>
					<width>1050</width>
					<height>1</height>
					<texture colordiffuse="grey_a">dialogs/white.png</texture>
				</control>
				<control type="image">
					<posx>0</posx>
					<posy>50</posy>
					<width>1050</width>
					<height>1</height>
					<texture colordiffuse="grey_a">dialogs/white.png</texture>
				</control>
				<control type="image">
					<posx>935</posx>
					<posy>0</posy>
					<width>1</width>
					<height>50</height>
					<texture colordiffuse="grey_a">dialogs/white.png</texture>
				</control>
				</itemlayout>
				<focusedlayout width="1050" height="50">
					<control type="image">
						<posx>0</posx>
						<posy>0</posy>
						<width>1050</width>
						<height>50</height>
						<texture>dialogs/grey2.png</texture>
						<visible>Control.HasFocus(11)</visible>
					</control>
					<control type="image">
					<posx>0</posx>
					<posy>0</posy>
					<width>1050</width>
					<height>1</height>
					<texture colordiffuse="grey_a">dialogs/white.png</texture>
				</control>
				<control type="image">
					<posx>0</posx>
					<posy>50</posy>
					<width>1050</width>
					<height>1</height>
					<texture colordiffuse="grey_a">dialogs/white.png</texture>
				</control>
				<control type="image">
					<posx>935</posx>
					<posy>0</posy>
					<width>1</width>
					<height>50</height>
					<texture colordiffuse="grey_a">dialogs/white.png</texture>
				</control>
					<control type="progress">
						<description>Progressbar</description>
						<posx>0</posx>
						<posy>38</posy>
						<width>930</width>
						<height>10</height>
						<texturebg colordiffuse="grey_a">osd/5.png</texturebg>
						<info>ListItem.Progress</info>
					</control>
					<control type="image">
						<posx>1000</posx>
						<posy>2</posy>
						<width>46</width>
						<height>46</height>
						<texture>$INFO[ListItem.Icon]</texture>
						<aspectratio>keep</aspectratio>
					</control>
					<control type="label">
						<posx>930</posx>
						<posy>0</posy>
						<width>60</width>
						<height>45</height>
						<font>font-20</font>
						<align>right</align>
						<aligny>center</aligny>
						<textcolor>white</textcolor>
						<selectedcolor>$VAR[main_color]</selectedcolor>
						<label>$INFO[ListItem.ChannelNumberLabel]</label>
					</control>
					<control type="label">
						<posx>0</posx>
						<posy>0</posy>
						<width>750</width>
						<height>45</height>
						<font>font-20</font>
						<align>left</align>
						<aligny>center</aligny>
						<textcolor>white</textcolor>
						<selectedcolor>$VAR[main_color]</selectedcolor>
						<label>$INFO[ListItem.Title]</label>
					</control>
					<control type="label">
						<posx>190</posx>
						<posy>0</posy>
						<width>735</width>
						<height>45</height>
						<font>font-20</font>
						<align>right</align>
						<aligny>center</aligny>
						<textcolor>white</textcolor>
						<selectedcolor>$VAR[main_color]</selectedcolor>
						<label>$INFO[ListItem.ChannelName]</label>
					</control>
				</focusedlayout>
			</control>
			<control type="scrollbar" id="60">
				<description>Next page button</description>
				<posx>1118</posx>
				<posy>128</posy>
				<width>6</width>
				<height>570</height>
				<texturesliderbackground colordiffuse="grey_b">dialogs/white.png</texturesliderbackground>
				<texturesliderbar colordiffuse="grey_a">dialogs/white.png</texturesliderbar>
				<texturesliderbarfocus colordiffuse="$VAR[main_color]">dialogs/white.png</texturesliderbarfocus>
				<textureslidernib colordiffuse="gray_a">dialogs/white.png</textureslidernib>
				<textureslidernibfocus colordiffuse="white">dialogs/white.png</textureslidernibfocus>
				<orientation>vertical</orientation>
				<showonepage>false</showonepage>
				<onleft>11</onleft>
				<!-- <onright>NextChannelGroup</onright> -->
				<onright>NextChannelGroup</onright>
				<ondown>60</ondown>
				<onup>60</onup>
			</control>
		</control>
	</controls>
</window>
