<?xml version="1.0" encoding="UTF-8"?>
<window>
	<defaultcontrol always="true">5</defaultcontrol>
	<allowoverlay>no</allowoverlay>
	<controls>
		<control type="image">
			<posx>0</posx>
			<posy>0</posy>
			<width>1920</width>
			<height>1080</height>
			<texture>black.png</texture>
			<animation effect="fade" start="0" end="70" time="300">WindowOpen</animation>
			<animation effect="fade" start="70" end="0" time="300">WindowClose</animation>
			<animation effect="fade" start="100" end="0" time="300" condition="StringCompare(Window.Property(script.metadata.actors.isactive),1)">Conditional</animation>
			<visible>!Window.IsVisible(SongInformation)</visible>
		</control>
		<control type="group">
			<include>DialogFade</include>
			<control type="image">
				<posx>0</posx>
				<posy>840</posy>
				<width>1920</width>
				<height>222</height>
				<texture border="10">underlay.png</texture>
			</control>
			<control type="image">
				<posx>12</posx>
				<posy>758</posy>
				<width>315</width>
				<height>315</height>
				<aspectratio scalediffuse="false">scale</aspectratio>
				<texture diffuse="thumb-diffuse.png" background="true">$INFO[Listitem.Icon]</texture>
				<bordertexture>thumb-shadow.png</bordertexture>
				<bordersize>6</bordersize>
				<visible>Container.Content(Artists)</visible>
			</control>
			<control type="image">
				<posx>51</posx>
				<posy>748</posy>
				<width>312</width>
				<height>312</height>
				<texture>$INFO[ListItem.Icon]</texture>
				<visible>Container.Content(Albums)</visible>
			</control>
			<control type="image">
				<posx>18</posx>
				<posy>744</posy>
				<width>354</width>
				<height>321</height>
				<texture>cdcase.png</texture>
				<visible>Container.Content(Albums) + !Skin.HasSetting(HideMusicCase)</visible>
			</control>
			<control type="image">
				<posx>12</posx>
				<posy>738</posy>
				<width>368</width>
				<height>338</height>
				<texture>cdcase-shadow.png</texture>
				<visible>Container.Content(Albums) + !Skin.HasSetting(HideMusicCase)</visible>
			</control>
		</control>
		<control type="group">
			<include>dialogeffect4</include>
			<include>DialogFade</include>
			<animation effect="fade" start="100" end="0" time="200" condition="Window.IsVisible(custom_DialogPlot.xml)">Conditional</animation>
			<control type="button">
				<posx>1860</posx>
				<posy>30</posy>
				<width>30</width>
				<height>30</height>
				<texturefocus>close-window-focus.png</texturefocus>
				<texturenofocus>close-window-nofocus.png</texturenofocus>
				<onclick>Dialog.Close(musicinformation)</onclick>
				<visible>Skin.HasSetting(TouchScreenMode)</visible>
			</control>
			<control type="label">
				<description>Title value</description>
				<posx>60</posx>
				<posy>68</posy>
				<width>1800</width>
				<height>45</height>
				<align>center</align>
				<aligny>center</aligny>
				<textcolor>blue</textcolor>
				<shadowcolor>black</shadowcolor>
				<label>$VAR[DialogAlbumInfoTitle]</label>
				<font>font-32</font>
			</control>
			<control type="image">
				<posx>60</posx>
				<posy>126</posy>
				<width>1800</width>
				<height>3</height>
				<texture>separator.png</texture>
			</control>
			<control type="image">
				<posx>60</posx>
				<posy>622</posy>
				<width>1800</width>
				<height>3</height>
				<texture>separator.png</texture>
			</control>
			<control type="group" id="9001">
				<control type="group" id="9000">
					<posx>360</posx>
					<posy>630</posy>
					<animation effect="slide" start="0,0" end="-150,0" time="0" condition="Container.Content(Artists) + System.HasAddon(script.metadata.actors)">Conditional</animation>
					<control type="button" id="5">
						<description>Cast/Review</description>
						<posx>0</posx>
						<posy>50</posy>
						<width>300</width>
						<height>52</height>
						<font>font-20</font>
						<textcolor>white</textcolor>
						<focusedcolor>white</focusedcolor>
						<shadowcolor>black</shadowcolor>
						<align>center</align>
						<aligny>center</aligny>
						<texturefocus border="7">button-nofocus.png</texturefocus>
						<texturenofocus border="7">button-nofocus.png</texturenofocus>
						<label>206</label>
						<onleft>12</onleft>
						<onright>6</onright>
						<onup>49</onup>
						<ondown>50</ondown>
					</control>
					<control type="button" id="6">
						<description>Refresh</description>
						<posx>300</posx>
						<posy>50</posy>
						<width>300</width>
						<height>52</height>
						<font>font-20</font>
						<textcolor>white</textcolor>
						<focusedcolor>white</focusedcolor>
						<shadowcolor>black</shadowcolor>
						<align>center</align>
						<aligny>center</aligny>
						<texturefocus border="7">button-nofocus.png</texturefocus>
						<texturenofocus border="7">button-nofocus.png</texturenofocus>
						<label>184</label>
						<onleft>5</onleft>
						<onright>10</onright>
						<onup>49</onup>
						<ondown>50</ondown>
					</control>
					<control type="button" id="10">
						<description>Get Thumb</description>
						<posx>600</posx>
						<posy>50</posy>
						<width>300</width>
						<height>52</height>
						<font>font-20</font>
						<textcolor>white</textcolor>
						<focusedcolor>white</focusedcolor>
						<shadowcolor>black</shadowcolor>
						<align>center</align>
						<aligny>center</aligny>
						<texturefocus border="7">button-nofocus.png</texturefocus>
						<texturenofocus border="7">button-nofocus.png</texturenofocus>
						<label>13405</label>
						<onleft>6</onleft>
						<onright>12</onright>
						<onup>49</onup>
						<ondown>50</ondown>
					</control>
					<control type="button" id="12">
						<description>Get Fanart</description>
						<posx>900</posx>
						<posy>50</posy>
						<width>300</width>
						<height>52</height>
						<font>font-20</font>
						<textcolor>white</textcolor>
						<focusedcolor>white</focusedcolor>
						<shadowcolor>black</shadowcolor>
						<align>center</align>
						<aligny>center</aligny>
						<texturefocus border="7">button-nofocus.png</texturefocus>
						<texturenofocus border="7">button-nofocus.png</texturenofocus>
						<label>20413</label>
						<onleft>10</onleft>
						<onright>1245</onright>
						<onup>49</onup>
						<ondown>50</ondown>
					</control>
					<control type="button" id="1245">
						<description>Filmography</description>
						<posx>1200</posx>
						<posy>50</posy>
						<width>300</width>
						<height>52</height>
						<font>font-20</font>
						<textcolor>white</textcolor>
						<focusedcolor>white</focusedcolor>
						<shadowcolor>black</shadowcolor>
						<align>center</align>
						<aligny>center</aligny>
						<texturefocus border="7">button-nofocus.png</texturefocus>
						<texturenofocus border="7">button-nofocus.png</texturenofocus>
						<label>20342</label>
						<onleft>12</onleft>
						<onright>5</onright>
						<onup>49</onup>
						<ondown>50</ondown>
						<onclick>RunScript(script.metadata.actors,$INFO[Listitem.Artist])</onclick>
						<visible>Container.Content(Artists) + System.HasAddon(script.metadata.actors)</visible>
					</control>
				</control>
			</control>
			<control type="image">
				<posx>360</posx>
				<posy>680</posy>
				<width>300</width>
				<height>52</height>
				<texture border="7">button-focus.png</texture>
				<animation effect="slide" start="0,0" end="300,0" time="200" condition="Control.HasFocus(6)">Conditional</animation>
				<animation effect="slide" start="0,0" end="600,0" time="200" condition="Control.HasFocus(10)">Conditional</animation>
				<animation effect="slide" start="0,0" end="900,0" time="200" condition="Control.HasFocus(12)">Conditional</animation>
				<animation effect="slide" start="0,0" end="1200,0" time="200" condition="Control.HasFocus(1245)">Conditional</animation>
				<animation effect="slide" start="0,0" end="-150,0" time="0" condition="Container.Content(Artists) + System.HasAddon(script.metadata.actors)">Conditional</animation>
				<animation effect="fade" start="70" end="100" time="750" pulse="true" condition="true">Conditional</animation>
				<visible>Control.HasFocus(5) | Control.HasFocus(6) | Control.HasFocus(10) | Control.HasFocus(12) | Control.HasFocus(1245)</visible>
			</control>
			<control type="label">
				<posx>488</posx>
				<posy>795</posy>
				<width>1200</width>
				<height>45</height>
				<font>font-20c</font>
				<textcolor>lightblue</textcolor>
				<align>center</align>
				<label>$VAR[DialogAlbumInfoLabel]</label>
				<visible>Container.Content(Artists) + !Control.IsVisible(50)</visible>
			</control>
			<control type="textbox" id="4">
				<description>textarea</description>
				<posx>338</posx>
				<posy>873</posy>
				<width>1522</width>
				<height>158</height>
				<font>font-19</font>
				<align>justify</align>
				<textcolor>white</textcolor>
				<shadowcolor>black</shadowcolor>
				<pagecontrol>61</pagecontrol>
				<autoscroll time="3000" delay="16000" repeat="5000">!Control.HasFocus(61) + Skin.HasSetting(AutoScroll)</autoscroll>
				<visible>Container.Content(Artists) + !Control.IsVisible(50)</visible>
			</control>
			<control type="textbox" id="4">
				<description>textarea</description>
				<posx>398</posx>
				<posy>873</posy>
				<width>1462</width>
				<height>158</height>
				<font>font-19</font>
				<align>justify</align>
				<textcolor>white</textcolor>
				<shadowcolor>black</shadowcolor>
				<pagecontrol>61</pagecontrol>
				<autoscroll time="3000" delay="16000" repeat="5000">!Control.HasFocus(61) + Skin.HasSetting(AutoScroll)</autoscroll>
				<visible>Container.Content(Albums) + !Control.IsVisible(50)</visible>
			</control>
			<control type="label">
				<posx>518</posx>
				<posy>795</posy>
				<width>1200</width>
				<height>45</height>
				<font>font-20</font>
				<textcolor>lightblue</textcolor>
				<align>center</align>
				<label>[B]$INFO[Container(50).Listitem.Label][/B]</label>
				<visible>Container.Content(Artists) + Control.HasFocus(50)</visible>
			</control>
			<control type="wraplist" id="50">
				<posx>340</posx>
				<posy>870</posy>
				<width>1552</width>
				<height>165</height>
				<onleft>50</onleft>
				<onright>50</onright>
				<onup>5</onup>
				<ondown>61</ondown>
				<viewtype label="">list</viewtype>
				<pagecontrol>61</pagecontrol>
				<scrolltime>200</scrolltime>
				<focusposition>4</focusposition>
				<orientation>horizontal</orientation>
				<hitrect x="1005" y="848" w="210" h="202" />
				<visible>Container.Content(Artists)</visible>
				<itemlayout width="172" height="165">
					<control type="image">
						<posx>24</posx>
						<posy>10</posy>
						<width>142</width>
						<height>142</height>
						<aspectratio>scale</aspectratio>
						<texture>$INFO[ListItem.Icon]</texture>
					</control>
					<control type="image">
						<posx>8</posx>
						<posy>8</posy>
						<width>164</width>
						<height>148</height>
						<texture>cdcase.png</texture>
						<visible>!Skin.HasSetting(HideMusicCase)</visible>
					</control>
				</itemlayout>
				<focusedlayout width="172" height="165">
					<control type="image">
						<posx>24</posx>
						<posy>10</posy>
						<width>142</width>
						<height>142</height>
						<aspectratio>scale</aspectratio>
						<texture>$INFO[ListItem.Icon]</texture>
						<animation effect="zoom" start="24,10,95,95" end="4,-12,124,124" time="100">focus</animation>
					</control>
					<control type="image">
						<posx>8</posx>
						<posy>8</posy>
						<width>164</width>
						<height>148</height>
						<texture>cdcase.png</texture>
						<animation effect="zoom" start="8,8,109,99" end="-16,-15,142,128" time="100">focus</animation>
						<visible>!Skin.HasSetting(HideMusicCase)</visible>
					</control>
				</focusedlayout>
			</control>
			<control type="panel" id="50">
				<posx>390</posx>
				<posy>862</posy>
				<width>1470</width>
				<height>180</height>
				<onleft>50</onleft>
				<onright>50</onright>
				<onup>5</onup>
				<ondown>61</ondown>
				<viewtype label="">list</viewtype>
				<pagecontrol>61</pagecontrol>
				<scrolltime>200</scrolltime>
				<orientation>vertical</orientation>
				<visible>Container.Content(Albums)</visible>
				<itemlayout width="735" height="44">
					<control type="image">
						<posx>0</posx>
						<posy>0</posy>
						<width>735</width>
						<height>45</height>
						<texture border="7">button-nofocus.png</texture>
					</control>
					<control type="label">
						<posx>15</posx>
						<posy>0</posy>
						<width>690</width>
						<height>45</height>
						<font>font-20</font>
						<align>left</align>
						<aligny>center</aligny>
						<selectedcolor>white</selectedcolor>
						<label>[COLOR=blue][B]$INFO[ListItem.TrackNumber][/B][/COLOR] - $INFO[ListItem.Label]</label>
					</control>
					<control type="label">
						<posx>480</posx>
						<posy>0</posy>
						<width>225</width>
						<height>45</height>
						<font>font-20</font>
						<align>right</align>
						<aligny>center</aligny>
						<textcolor>lightblue</textcolor>
						<label>$INFO[ListItem.Duration]</label>
					</control>
				</itemlayout>
				<focusedlayout width="735" height="44">
					<control type="image">
						<posx>0</posx>
						<posy>0</posy>
						<width>735</width>
						<height>45</height>
						<visible>!Control.HasFocus(50)</visible>
						<texture border="7">button-nofocus.png</texture>
					</control>
					<control type="image">
						<posx>0</posx>
						<posy>0</posy>
						<width>735</width>
						<height>45</height>
						<visible>Control.HasFocus(50)</visible>
						<texture border="7">button-focus.png</texture>
					</control>
					<control type="label">
						<posx>15</posx>
						<posy>0</posy>
						<width>690</width>
						<height>45</height>
						<font>font-20</font>
						<align>left</align>
						<aligny>center</aligny>
						<selectedcolor>white</selectedcolor>
						<label>[COLOR=blue][B]$INFO[ListItem.TrackNumber][/B][/COLOR] - $INFO[ListItem.Label]</label>
					</control>
					<control type="label">
						<posx>480</posx>
						<posy>0</posy>
						<width>225</width>
						<height>45</height>
						<font>font-20</font>
						<align>right</align>
						<aligny>center</aligny>
						<textcolor>lightblue</textcolor>
						<label>$INFO[ListItem.Duration]</label>
					</control>
				</focusedlayout>
			</control>
			<control type="spincontrol" id="61">
				<description>Next page button</description>
				<posx>1770</posx>
				<posy>1048</posy>
				<subtype>page</subtype>
				<font>font-19</font>
				<onleft>61</onleft>
				<onright>1112</onright>
				<ondown>5</ondown>
				<onup>50</onup>
				<textcolor>white</textcolor>
				<showonepage>true</showonepage>
			</control>
			<control type="button" id="1112">
				<posx>1875</posx>
				<posy>1052</posy>
				<width>30</width>
				<height>30</height>
				<label>-</label>
				<font>-</font>
				<texturefocus>magnifier-small-focus.png</texturefocus>
				<texturenofocus>magnifier-small-nofocus.png</texturenofocus>
				<onleft>61</onleft>
				<onright>61</onright>
				<onup>11</onup>
				<ondown>5</ondown>
				<onclick>ActivateWindow(1113)</onclick>
			</control>
			<control type="group">
				<visible>Container.Content(Artists)</visible>
				<control type="group">
					<include>VisibleFadeEffect</include>
					<control type="list" id="49">
						<posx>120</posx>
						<posy>172</posy>
						<width>1800</width>
						<height>450</height>
						<onleft>49</onleft>
						<onright>49</onright>
						<onup>5</onup>
						<ondown>5</ondown>
						<pagecontrol>-</pagecontrol>
						<scrolltime>200</scrolltime>
						<itemlayout width="1800" height="44">
							<control type="image">
								<posx>0</posx>
								<posy>0</posy>
								<width>1749</width>
								<height>45</height>
								<texture border="7">list-nofocus.png</texture>
								<include>VisibleFadeEffect</include>
							</control>
							<control type="label">
								<posx>0</posx>
								<posy>0</posy>
								<width>240</width>
								<height>45</height>
								<font>font-20</font>
								<align>right</align>
								<aligny>center</aligny>
								<textcolor>lightblue</textcolor>
								<selectedcolor>white</selectedcolor>
								<label>$INFO[ListItem.Label]</label>
							</control>
							<control type="label">
								<posx>262</posx>
								<posy>0</posy>
								<width>1470</width>
								<height>45</height>
								<font>font-20</font>
								<align>left</align>
								<aligny>center</aligny>
								<textcolor>white</textcolor>
								<selectedcolor>white</selectedcolor>
								<label>$INFO[ListItem.Label2]</label>
							</control>
						</itemlayout>
						<focusedlayout width="1800" height="44">
							<control type="image">
								<posx>0</posx>
								<posy>0</posy>
								<width>1749</width>
								<height>45</height>
								<texture border="7">list-nofocus.png</texture>
								<include>VisibleFadeEffect</include>
							</control>
							<control type="image">
								<posx>0</posx>
								<posy>0</posy>
								<width>1749</width>
								<height>45</height>
								<texture border="7">list-focus2.png</texture>
								<include>VisibleFadeEffect</include>
								<visible>Control.HasFocus(49)</visible>
								<include>ListFocusScroll22</include>
							</control>
							<control type="label">
								<posx>0</posx>
								<posy>0</posy>
								<width>240</width>
								<height>45</height>
								<font>font-20</font>
								<align>right</align>
								<aligny>center</aligny>
								<textcolor>lightblue</textcolor>
								<selectedcolor>white</selectedcolor>
								<label>$INFO[ListItem.Label]</label>
							</control>
							<control type="label">
								<posx>262</posx>
								<posy>0</posy>
								<width>1470</width>
								<height>45</height>
								<font>font-20</font>
								<align>left</align>
								<aligny>center</aligny>
								<textcolor>white</textcolor>
								<selectedcolor>white</selectedcolor>
								<label>$INFO[ListItem.Label2]</label>
							</control>
						</focusedlayout>
						<content>
							<item>
								<label>[UPPERCASE][B]$LOCALIZE[515]:[/B][/UPPERCASE]</label>
								<label2>$INFO[ListItem.Property(Artist_Genre)]</label2>
								<onclick>noop</onclick>
							</item>
							<item>
								<label>[UPPERCASE][B]$LOCALIZE[175]:[/B][/UPPERCASE]</label>
								<label2>$INFO[ListItem.Property(Artist_Mood)]</label2>
								<onclick>noop</onclick>
							</item>
							<item>
								<label>[UPPERCASE][B]$LOCALIZE[176]:[/B][/UPPERCASE]</label>
								<label2>$INFO[ListItem.Property(Artist_Style)]</label2>
								<onclick>noop</onclick>
							</item>
							<item>
								<label>[UPPERCASE][B]$LOCALIZE[21892]:[/B][/UPPERCASE]</label>
								<label2>$INFO[ListItem.Property(Artist_Instrument)]</label2>
								<onclick>noop</onclick>
							</item>
							<item>
								<label>[UPPERCASE][B]$LOCALIZE[21893]:[/B][/UPPERCASE]</label>
								<label2>$INFO[ListItem.Property(Artist_Born)]</label2>
								<onclick>noop</onclick>
							</item>
							<item>
								<label>[UPPERCASE][B]$LOCALIZE[21897]:[/B][/UPPERCASE]</label>
								<label2>$INFO[ListItem.Property(Artist_Died)]</label2>
								<onclick>noop</onclick>
							</item>
							<item>
								<label>[UPPERCASE][B]$LOCALIZE[21894]:[/B][/UPPERCASE]</label>
								<label2>$INFO[ListItem.Property(Artist_Formed)]</label2>
								<onclick>noop</onclick>
							</item>
							<item>
								<label>[UPPERCASE][B]$LOCALIZE[21896]:[/B][/UPPERCASE]</label>
								<label2>$INFO[ListItem.Property(Artist_Disbanded)]</label2>
								<onclick>noop</onclick>
							</item>
							<item>
								<label>[UPPERCASE][B]$LOCALIZE[21898]:[/B][/UPPERCASE]</label>
								<label2>$INFO[ListItem.Property(Artist_YearsActive)]</label2>
								<onclick>noop</onclick>
							</item>
						</content>
					</control>
				</control>
			</control>
			<control type="group">
				<visible>Container.Content(Albums)</visible>
				<control type="group">
					<include>VisibleFadeEffect</include>
					<control type="list" id="49">
						<posx>120</posx>
						<posy>172</posy>
						<width>1800</width>
						<height>450</height>
						<onleft>49</onleft>
						<onright>49</onright>
						<onup>5</onup>
						<ondown>5</ondown>
						<pagecontrol>-</pagecontrol>
						<scrolltime>200</scrolltime>
						<itemlayout width="1800" height="44">
							<control type="image">
								<posx>0</posx>
								<posy>0</posy>
								<width>1749</width>
								<height>45</height>
								<texture border="7">list-nofocus.png</texture>
								<include>VisibleFadeEffect</include>
							</control>
							<control type="label">
								<posx>0</posx>
								<posy>0</posy>
								<width>240</width>
								<height>45</height>
								<font>font-20</font>
								<align>right</align>
								<aligny>center</aligny>
								<textcolor>lightblue</textcolor>
								<selectedcolor>white</selectedcolor>
								<label>$INFO[ListItem.Label]</label>
							</control>
							<control type="label">
								<posx>262</posx>
								<posy>0</posy>
								<width>1470</width>
								<height>45</height>
								<font>font-20</font>
								<align>left</align>
								<aligny>center</aligny>
								<textcolor>white</textcolor>
								<selectedcolor>white</selectedcolor>
								<label>$INFO[ListItem.Label2]</label>
							</control>
						</itemlayout>
						<focusedlayout width="1800" height="44">
							<control type="image">
								<posx>0</posx>
								<posy>0</posy>
								<width>1749</width>
								<height>45</height>
								<texture border="7">list-nofocus.png</texture>
								<include>VisibleFadeEffect</include>
							</control>
							<control type="image">
								<posx>0</posx>
								<posy>0</posy>
								<width>1749</width>
								<height>45</height>
								<texture border="7">list-focus2.png</texture>
								<include>VisibleFadeEffect</include>
								<visible>Control.HasFocus(49)</visible>
								<include>ListFocusScroll22</include>
							</control>
							<control type="label">
								<posx>0</posx>
								<posy>0</posy>
								<width>240</width>
								<height>45</height>
								<font>font-20</font>
								<align>right</align>
								<aligny>center</aligny>
								<textcolor>lightblue</textcolor>
								<selectedcolor>white</selectedcolor>
								<label>$INFO[ListItem.Label]</label>
							</control>
							<control type="label">
								<posx>262</posx>
								<posy>0</posy>
								<width>1470</width>
								<height>45</height>
								<font>font-20</font>
								<align>left</align>
								<aligny>center</aligny>
								<textcolor>white</textcolor>
								<selectedcolor>white</selectedcolor>
								<label>$INFO[ListItem.Label2]</label>
							</control>
						</focusedlayout>
						<content>
							<item>
								<label>[UPPERCASE][B]$LOCALIZE[557]:[/B][/UPPERCASE]</label>
								<label2>$INFO[ListItem.Artist]</label2>
								<onclick>noop</onclick>
							</item>
							<item>
								<label>[UPPERCASE][B]$LOCALIZE[515]:[/B][/UPPERCASE]</label>
								<label2>$INFO[ListItem.Genre]</label2>
								<onclick>noop</onclick>
							</item>
							<item>
								<label>[UPPERCASE][B]$LOCALIZE[21899]:[/B][/UPPERCASE]</label>
								<label2>$INFO[ListItem.Property(Album_Label)]</label2>
								<onclick>noop</onclick>
							</item>
							<item>
								<label>[UPPERCASE][B]$LOCALIZE[562]:[/B][/UPPERCASE]</label>
								<label2>$INFO[ListItem.Year]</label2>
								<onclick>noop</onclick>
							</item>
							<item>
								<label>[UPPERCASE][B]$LOCALIZE[563]:[/B][/UPPERCASE]</label>
								<label2>$INFO[ListItem.Property(Album_Rating)]</label2>
								<onclick>noop</onclick>
							</item>
							<item>
								<label>[UPPERCASE][B]$LOCALIZE[175]:[/B][/UPPERCASE]</label>
								<label2>$INFO[ListItem.Property(Album_Mood)]</label2>
								<onclick>noop</onclick>
							</item>
							<item>
								<label>[UPPERCASE][B]$LOCALIZE[176]:[/B][/UPPERCASE]</label>
								<label2>$INFO[ListItem.Property(Album_Style)]</label2>
								<onclick>noop</onclick>
							</item>
							<item>
								<label>[UPPERCASE][B]$LOCALIZE[21895]:[/B][/UPPERCASE]</label>
								<label2>$INFO[ListItem.Property(Album_Theme)]</label2>
								<onclick>noop</onclick>
							</item>
							<item>
								<label>[UPPERCASE][B]$LOCALIZE[146][/B][/UPPERCASE]</label>
								<label2>$INFO[ListItem.Property(Album_Type)]</label2>
								<onclick>noop</onclick>
							</item>
						</content>
					</control>
				</control>
			</control>
		</control>
	</controls>
</window>
