<?xml version="1.0" encoding="UTF-8"?>
<includes>
	<include name="skinbuttons">
		<pulseonselect>false</pulseonselect>
		<align>left</align>
		<focusedcolor>darkgrey</focusedcolor>
		<textcolor>grey_a</textcolor>
		<textoffsetx>30</textoffsetx>
		<texturefocus>dialogs/grey1.png</texturefocus>
		<texturenofocus>dialogs/grey2.png</texturenofocus>
	</include>
	<!-- NEW MAIN MENU -->
	<include name="new_mainmenu">
		<control type="group">
			<control type="image">
				<posx>1630</posx>
				<posy>80</posy>
				<width>290</width>
				<height>920</height>
				<texture background="true">main/main_menu.png</texture>
				<animation effect="fade" end="95" time="0" condition="true">Conditional</animation>
				<animation effect="slide" start="290,0" end="0,0" delay="100" time="500">WindowOpen</animation>
				<animation effect="slide" start="0,0" end="290,0" delay="0" time="300">WindowClose</animation>
			</control>

			<control type="list" id="9000">
				<orientation>vertical</orientation>
				<posx>1631</posx>
				<posy>118</posy>
				<align>center</align>
				<height>880</height>
				<width>290</width>
				<visible>true</visible>
				<onup condition="Player.HasAudio | Player.HasVideo">9003</onup>
				<onup condition="!Player.HasAudio + !Player.HasVideo">9000</onup>
				<ondown>20</ondown>
				<onleft>9001</onleft>
				<onright>9002</onright>
				<animation effect="slide" start="290,0" end="0,0" delay="100" time="500">WindowOpen</animation>
				<animation effect="slide" start="0,0" end="290,0" delay="0" time="300">WindowClose</animation>
				<scrolltime tween="circle" easing="out">650</scrolltime>
				<focusposition>3</focusposition>
				<itemlayout width="290" height="100">
					<control type="image">
						<posx>230</posx>
						<posy>10</posy>
						<height>40</height>
						<width>40</width>
						<texture fallback="special://skin/extras/icons/default.png" colordiffuse="grey" background="true">$INFO[ListItem.Thumb]</texture>
					</control>
					<control type="label">
						<posx>0</posx>
						<posy>22</posy>
						<height>20</height>
						<width>210</width>
						<label>$INFO[ListItem.Label]</label>
						<align>right</align>
						<aligny>center</aligny>
						<font>menu</font>
						<textcolor>grey</textcolor>
					</control>
				</itemlayout>
				<focusedlayout width="290" height="100">
					<control type="image">
						<posx>0</posx>
						<posy>0</posy>
						<height>57</height>
						<width>290</width>
						<texture background="true" flipx="true">main/main_menu.png</texture>
						<animation effect="fade" end="100" time="0" condition="true">Conditional</animation>
					</control>
					<control type="image">
						<posx>230</posx>
						<posy>10</posy>
						<height>40</height>
						<width>40</width>
						<texture fallback="special://skin/extras/icons/default.png" colordiffuse="$VAR[menu_icon_color]" background="true">$INFO[ListItem.Thumb]</texture>
					</control>
					<control type="label">
						<posx>0</posx>
						<posy>22</posy>
						<height>20</height>
						<width>210</width>
						<label>$INFO[ListItem.Label]</label>
						<align>right</align>
						<aligny>center</aligny>
						<font>menu</font>
						<textcolor>$VAR[main_color]</textcolor>
					</control>
				</focusedlayout>
				<content>
					<include>skinshortcuts-mainmenu</include>	
				</content>
			</control>
		</control>
		<!-- Main menu bottom -->
		<control type="image">
			<posx>1630</posx>
			<posy>1000</posy>
			<width>290</width>
			<height>80</height>
			<texture background="true">main/main_bottom.png</texture>
			<animation effect="slide" start="290,0" end="0,0" delay="100" time="500">WindowOpen</animation>
			<animation effect="slide" start="0,0" end="290,0" delay="0" time="300">WindowClose</animation>
		</control>
		<control type="group">

			<animation effect="slide" start="0,100" end="0,0" delay="500" time="300">WindowOpen</animation>
			<animation effect="slide" start="0,0" end="290,0" time="300">WindowClose</animation>
			<control type="button" id="20">
				<description>Power push button</description>
				<posx>1860</posx>
				<posy>1020</posy>
				<width>40</width>
				<height>40</height>
				<label>-</label>
				<font>-</font>
				<onclick>ActivateWindow(ShutdownMenu)</onclick>
				<texturefocus colordiffuse="$VAR[main_color]">main/power.png</texturefocus>
				<texturenofocus colordiffuse="grey">main/power.png</texturenofocus>
				<pulseonselect>true</pulseonselect>
				<onleft>15</onleft>
				<onright>10</onright>
				<onup>9000</onup>
				<ondown>15</ondown>
				<visible>!Skin.HasSetting(HideShutdown)</visible>
				<animation effect="rotate" start="0" end="-360" center="auto" time="800">Focus</animation>

			</control>
			<control type="button" id="15">
				<description>Settings button</description>
				<posx>1760</posx>
				<posy>1020</posy>
				<width>40</width>
				<height>40</height>
				<label>-</label>
				<font>-</font>
				<onclick>ActivateWindow(Settings)</onclick>
				<texturefocus colordiffuse="$VAR[main_color]">main/settings.png</texturefocus>
				<texturenofocus colordiffuse="grey">main/settings.png</texturenofocus>
				<pulseonselect>true</pulseonselect>
				<onleft>10</onleft>
				<onright>20</onright>
				<onup>20</onup>
				<ondown>10</ondown>
				<animation effect="rotate" start="0" end="-180" center="auto" time="800">Focus</animation>
				<visible>!Skin.HasSetting(HideShutdown)</visible>
			</control>
			<control type="button" id="10">
				<description>Favourites button</description>
				<posx>1660</posx>
				<posy>1020</posy>
				<width>40</width>
				<height>40</height>
				<label>-</label>
				<font>-</font>
				<onclick>ActivateWindow(Favourites)</onclick>
				<texturefocus colordiffuse="$VAR[main_color]">main/favs.png</texturefocus>
				<texturenofocus colordiffuse="grey">main/favs.png</texturenofocus>
				<pulseonselect>true</pulseonselect>
				<onleft>9000</onleft>
				<onright>15</onright>
				<onup>15</onup>
				<ondown>SetFocus(9000)</ondown>
				<ondown>Control.Move(9000,1)</ondown>
				<animation effect="rotate" start="0" end="-212" center="auto" time="800">Focus</animation>
				<visible>!Skin.HasSetting(HideShutdown)</visible>
			</control>
		</control>
		<!-- Sub menu -->
		<control type="group">
			<control type="image">
				<posx>1342</posx>
				<posy>80</posy>
				<texture background="true">main/main_menu.png</texture>
				<height>1000</height>
				<width>290</width>
				<animation effect="slide" start="0,0" end="290,0" delay="0" time="300">WindowClose</animation>
				<animation effect="fade" end="96" time="0" condition="true">Conditional</animation>
				<animation effect="zoom" start="1632,80,1,1000" end="1632,80,290,1000" time="500">Visible</animation>
				<animation effect="zoom" start="1632,80,290,1000" end="1632,80,1,1000" time="500">Hidden</animation>
				<visible>Control.HasFocus(9001)</visible>
			</control>		
			<control type="list" id="9001">
				<posx>1340</posx>
				<posy>118</posy>
				<width>290</width>
				<height>1005</height>
				<onup>9001</onup>
				<ondown>9001</ondown>
				<onleft>9002</onleft>
				<onright>9000</onright>
				<align>right</align>
				<focusposition>0</focusposition>
				<aligny>center</aligny>
				<orientation>vertical</orientation>
				<defaultcontrol always="true">1</defaultcontrol>
				<scrolltime tween="sine" easing="out">340</scrolltime>
				<visible allowhiddenfocus="True">Control.HasFocus(9001)</visible>
				<animation effect="slide" start="0,0" end="290,0" delay="0" time="300">WindowClose</animation>
				<animation type="Visible" reversible="false">
					<effect type="fade" start="0,0" end="100" time="800" tween="sine" easing="in" />
				</animation>

				<itemlayout width="290" height="100">
					<control type="image">
						<posx>245</posx>
						<posy>12</posy>
						<height>34</height>
						<width>34</width>
						<texture background="true" colordiffuse="grey">main/sub_icon.png</texture>
					</control>
					<control type="label">
						<posx>0</posx>
						<posy>14</posy>
						<width>232</width>
						<height>120</height>
						<align>right</align>
						<label>$INFO[ListItem.Label]</label>
						<font>menu-30</font>
						<textcolor>grey</textcolor>
						<animation effect="fade" start="100" end="50" time="200" tween="cubic" easing="out" reversible="false" condition="!Control.HasFocus(9001)">Conditional</animation>
					</control>
				</itemlayout>

				<focusedlayout width="290" height="100">
					<control type="image">
						<posx>2</posx>
						<posy>0</posy>
						<height>57</height>
						<width>290</width>
						<texture background="true">main/main_focus.png</texture>
						<animation effect="fade" end="80" time="0" condition="true">Conditional</animation>
					</control>
					<control type="image">
						<posx>245</posx>
						<posy>12</posy>
						<height>34</height>
						<width>34</width>
						<texture background="true" colordiffuse="$VAR[main_color]">main/sub_icon.png</texture>
					</control>
					<control type="label">
						<posx>0</posx>
						<posy>14</posy>
						<width>232</width>
						<height>120</height>
						<align>right</align>
						<label>$INFO[ListItem.Label]</label>
						<font>menu-30</font>
						<textcolor>$VAR[main_color]</textcolor>
						<animation effect="fade" start="100" end="50" time="200" tween="cubic" easing="out" reversible="false" condition="!Control.HasFocus(9001)">Conditional</animation>
					</control>
				</focusedlayout>

				<content>
					<include>skinshortcuts-submenu</include>
				</content>
			</control>
		</control>
		<!-- /End of Sub menu -->

		<!-- Widget List -->
		<control type="group">
			<posx>-1290</posx><!--288-->
			<posy>44</posy>
			<animation effect="slide" end="1592" tween="back" easing="out" time="2000">Focus</animation>
			<animation effect="slide" start="1592" end="0" tween="linear" time="1200">UnFocus</animation>
			<animation effect="slide" start="-300,0" end="0,0" tween="back" easing="out" time="2000">WindowOpen</animation>
			<animation effect="slide" start="0,0" end="-100,0" tween="linear" time="300">WindowClose</animation>
			<visible>!IsEmpty(Container(9000).ListItem.Property(Widget))</visible>
			<control type="group">
				<visible>StringCompare(Container(9000).ListItem.Property(Widget),RecentMovies) | StringCompare(Container(9000).ListItem.Property(Widget),RandomMovies) | StringCompare(Container(9000).ListItem.Property(Widget),RecommendedMovies)</visible>
				<include>long_widgetbg</include>
				<control type="image">
					<posx>37</posx>
					<posy>130</posy>
					<width>896</width>
					<height>504</height>
					<texture background="true">$INFO[Container(9002).ListItem.Property(FanartImage)]</texture>
					<fadetime>600</fadetime>
				</control>
				<control type="image">
					<posx>37</posx>
					<posy>576</posy>
					<width>896</width>
					<height>58</height>
					<texture background="true">main/widget_title.png</texture>
				</control>
				<control type="image">
					<posx>1167</posx>
					<posy>648</posy>
					<width>23</width>
					<height>23</height>
					<texture background="true">main/favs.png</texture>
					<visible>!IsEmpty(Container(9002).ListItem.Property(Rating))</visible>
				</control>
				<control type="label">
					<posx>707</posx>
					<posy>644</posy>
					<width>300</width>
					<height>50</height>
					<align>right</align>
					<label>$INFO[Container(9002).ListItem.Property(Genre)]</label>
					<font>font-16</font>
				</control>
				<control type="label">
					<posx>1160</posx>
					<posy>644</posy>
					<width>300</width>
					<height>50</height>
					<align>right</align>
					<label>$INFO[Container(9002).ListItem.Property(Rating)]/10</label>
					<visible>!IsEmpty(Container(9002).ListItem.Property(Rating))</visible>
					<font>font-16</font>
				</control>
				<control type="label">
					<posx>840</posx>
					<posy>644</posy>
					<width>300</width>
					<height>50</height>
					<align>right</align>
					<label>$INFO[Container(9002).ListItem.Property(Runtime)] $LOCALIZE[12391]</label>
					<font>font-16</font>
				</control>
				<control type="label">
					<posx>910</posx>
					<posy>590</posy>
					<width>300</width>
					<height>50</height>
					<align>right</align>
					<label>[B]$INFO[Container(9002).ListItem.Label][/B]</label>
					<font>font-16</font>
				</control>
				<control type="label">
					<description>List Item YEAR</description>
					<posx>987</posx>
					<posy>644</posy>
					<width>300</width>
					<height>50</height>
					<align>right</align>
					<label>[B]$INFO[Container(9002).ListItem.Label2][/B]</label>
					<font>font-16</font>
				</control>
				<control type="textbox">
					<posx>55</posx>
					<posy>688</posy>
					<width>1200</width>
					<height>270</height>
					<font>font-22</font>
					<align>right</align>
					<textcolor>white</textcolor>
					<label>$INFO[Container(9002).ListItem.Property(Plot)]</label>
				</control>
			</control>
			<control type="group">
				<visible>StringCompare(Container(9000).ListItem.Property(Widget),RecentEpisodes) | StringCompare(Container(9000).ListItem.Property(Widget),RandomEpisodes) | StringCompare(Container(9000).ListItem.Property(Widget),RecommendedEpisodes)</visible>
				<include>long_widgetbg</include>
				<control type="image">
					<posx>37</posx>
					<posy>130</posy>
					<width>896</width>
					<height>504</height>
					<texture background="true">$INFO[Container(9002).ListItem.Property(FanartImage)]</texture>
					<fadetime>600</fadetime>
				</control>
				<control type="image">
					<posx>50</posx>
					<posy>690</posy>
					<width>300</width>
					<height>260</height>
					<aspectratio>keep</aspectratio>
					<texture background="true" diffuse="video-diffuse.png">$INFO[Container(9002).ListItem.Thumb]</texture>
					<fadetime>600</fadetime>
				</control>
				<control type="image">
					<posx>37</posx>
					<posy>576</posy>
					<width>896</width>
					<height>58</height>
					<texture background="true">main/widget_title.png</texture>
				</control>

				<control type="label">
					<posx>910</posx>
					<posy>590</posy>
					<width>600</width>
					<height>50</height>
					<align>right</align>
					<label>[B]$INFO[Container(9002).ListItem.Label2][/B]</label>
					<font>font-16</font>
				</control>
				<control type="textbox">
					<posx>352</posx>
					<posy>688</posy>
					<width>900</width>
					<height>270</height>
					<font>font-22</font>
					<align>right</align>
					<textcolor>white</textcolor>
					<label>$INFO[Container(9002).ListItem.Property(Plot)]</label>
				</control>
				<control type="label">
					<description>Season</description>
					<posx>1240</posx>
					<posy>644</posy>
					<width>600</width>
					<height>50</height>
					<align>right</align>
					<label>[B]$INFO[Container(9002).ListItem.Label], $INFO[Container(9002).ListItem.Property(Season),$LOCALIZE[20373] ] $INFO[Container(9002).ListItem.Property(Episode),$LOCALIZE[20359] ][/B]</label>
					<font>font-16</font>
				</control>
				<control type="label">
					<description>VideoResolution</description>
					<posx>107</posx>
					<posy>590</posy>
					<width>300</width>
					<height>50</height>
					<align>right</align>
					<label>[B]$INFO[Container(9002).ListItem.Property(VideoResolution)]p[/B]</label>
					<visible>!IsEmpty(Container(9002).ListItem.Property(VideoResolution))</visible>
					<font>font-16</font>
				</control>

			</control>
			<control type="group">
				<visible>StringCompare(Container(9000).ListItem.Property(Widget),RecentAlbums) | StringCompare(Container(9000).ListItem.Property(Widget),RandomAlbums) | StringCompare(Container(9000).ListItem.Property(Widget),RecommendedAlbums)</visible>
				<include>long_widgetbg</include>
				<control type="image">
					<posx>37</posx>
					<posy>130</posy>
					<width>896</width>
					<height>504</height>
					<texture background="true">$INFO[Container(9002).ListItem.Property(FanartImage)]</texture>
					<fadetime>600</fadetime>
				</control>
				<control type="image">
					<posx>50</posx>
					<posy>698</posy>
					<width>300</width>
					<height>260</height>
					<aspectratio>keep</aspectratio>
					<texture background="true" diffuse="video-diffuse.png">$INFO[Container(9002).ListItem.Thumb]</texture>
					<fadetime>600</fadetime>
				</control>
				<control type="image">
					<posx>37</posx>
					<posy>576</posy>
					<width>896</width>
					<height>58</height>
					<texture background="true">main/widget_title.png</texture>
				</control>

				<control type="label">
					<posx>910</posx>
					<posy>590</posy>
					<width>600</width>
					<height>50</height>
					<align>right</align>
					<label>[B]$INFO[Container(9002).ListItem.Label2][/B]</label>
					<font>font-16</font>
				</control>
				<control type="label">
					<description>Album YEAR</description>
					<posx>987</posx>
					<posy>644</posy>
					<width>300</width>
					<height>50</height>
					<align>right</align>
					<label>[B]$INFO[Container(9002).ListItem.Property(Year)][/B]</label>
					<font>font-16</font>
				</control>
				<control type="label">
					<description>Album Genre</description>
					<posx>787</posx>
					<posy>644</posy>
					<width>300</width>
					<height>50</height>
					<align>right</align>
					<label>[B]$INFO[Container(9002).ListItem.Property(Genre)][/B]</label>
					<font>font-16</font>
				</control>
			</control>
			<control type="group">
				<visible>StringCompare(Container(9000).ListItem.Property(Widget),Playlist)</visible>
				<include>long_widgetbg</include>
				<control type="image">
					<posx>37</posx>
					<posy>130</posy>
					<width>896</width>
					<height>504</height>
					<texture background="true">$INFO[Container(9002).ListItem.Art(fanart)]</texture>
					<fadetime>600</fadetime>
				</control>
			</control>
			<control type="group">
				<visible>StringCompare(Container(9000).ListItem.Property(Widget),Favourites)</visible>
				<include>short_widgetbg</include>
				<control type="image">
					<posx>37</posx>
					<posy>130</posy>
					<width>896</width>
					<height>504</height>
					<texture fallback="special://skin/backgrounds/favourites.jpg" background="true">$INFO[Container(9002).ListItem.Icon]</texture>
					<fadetime>600</fadetime>
				</control>

			</control>
			<control type="group">
				<visible>StringCompare(Container(9000).ListItem.Property(Widget),VideoAddons)
				| StringCompare(Container(9000).ListItem.Property(Widget),MusicAddons)
				| StringCompare(Container(9000).ListItem.Property(Widget),PictureAddons)
				| StringCompare(Container(9000).ListItem.Property(Widget),ProgramAddons)
				| StringCompare(Container(9000).ListItem.Property(Widget),musicvideos)
				| StringCompare(Container(9000).ListItem.Property(Widget),PVR)</visible>
				<include>long_widgetbg</include>
				<control type="image">
					<posx>37</posx>
					<posy>130</posy>
					<width>896</width>
					<height>504</height>
					<texture fallback="special://skin/backgrounds/programs.jpg" background="true">$INFO[Container(9002).ListItem.Art(fanart)]</texture>
					<fadetime>600</fadetime>
					<visible>!StringCompare(Container(9000).ListItem.Property(Widget),musicvideos) | !StringCompare(Container(9000).ListItem.Property(Widget),PVR)</visible>
				</control>
				<control type="image">
					<posx>37</posx>
					<posy>130</posy>
					<width>896</width>
					<height>504</height>
					<texture fallback="special://skin/backgrounds/musicvideos.jpg" background="true">$INFO[Container(9002).ListItem.Art(fanart)]</texture>
					<fadetime>600</fadetime>
					<visible>StringCompare(Container(9000).ListItem.Property(Widget),musicvideos)</visible>
				</control>
				<control type="image">
					<posx>37</posx>
					<posy>130</posy>
					<width>896</width>
					<height>504</height>
					<texture background="true">special://skin/backgrounds/tvshows.jpg</texture>
					<fadetime>600</fadetime>
					<visible>StringCompare(Container(9000).ListItem.Property(Widget),PVR)</visible>
				</control>
				<control type="image">
					<posx>50</posx>
					<posy>698</posy>
					<width>300</width>
					<height>260</height>
					<aspectratio>keep</aspectratio>
					<texture background="true" diffuse="video-diffuse.png">$INFO[Container(9002).ListItem.Thumb]</texture>
					<fadetime>600</fadetime>
				</control>
				<control type="image">
					<posx>37</posx>
					<posy>576</posy>
					<width>896</width>
					<height>58</height>
					<texture background="true">main/widget_title.png</texture>
				</control>

				<control type="label">
					<posx>910</posx>
					<posy>590</posy>
					<width>600</width>
					<height>50</height>
					<align>right</align>
					<label>[B]$INFO[Container(9002).ListItem.Label][/B]</label>
					<font>font-16</font>
				</control>
				<control type="textbox">
					<posx>352</posx>
					<posy>688</posy>
					<width>900</width>
					<height>270</height>
					<font>font-22</font>
					<align>right</align>
					<textcolor>white</textcolor>
					<label>$INFO[Container(9002).ListItem.Plot]$INFO[Container(9002).ListItem.Property(Addon.Description)]</label>
				</control>
				<control type="label">
					<description>Addons Version</description>
					<posx>60</posx>
					<posy>590</posy>
					<width>300</width>
					<height>50</height>
					<align>left</align>
					<label>[B]$INFO[Container(9002).ListItem.Property(Addon.Version)][/B]</label>
					<font>font-16</font>
				</control>
				<control type="label">
					<description>Addons Creator</description>
					<posx>1197</posx>
					<posy>644</posy>
					<width>100</width>
					<height>50</height>
					<align>right</align>
					<label>[B]$LOCALIZE[21863]:[/B]</label>
					<font>font-16</font>
					<visible>!StringCompare(Container(9000).ListItem.Property(Widget),PVR)</visible>
				</control>
				<control type="label">
					<description>Addons Creator</description>
					<posx>1197</posx>
					<posy>644</posy>
					<width>100</width>
					<height>50</height>
					<align>right</align>
					<label>[B]$INFO[Container(9002).ListItem.StartTime][/B]</label>
					<font>font-16</font>
					<visible>StringCompare(Container(9000).ListItem.Property(Widget),PVR)</visible>
				</control>

				<control type="label">
					<description>Addons Creator</description>
					<posx>1117</posx>
					<posy>644</posy>
					<width max="700">auto</width>
					<height>50</height>
					<align>right</align>
					<label>[B]$INFO[Container(9002).ListItem.Title]$INFO[Container(9002).ListItem.Property(Addon.Creator)][/B]</label>
					<font>font-16</font>
				</control>
			</control>



			<!-- Movies\Episodes\Albums Widget -->
			<control type="list" id="9002">
				<orientation>vertical</orientation>
				<visible>StringCompare(Container(9000).ListItem.Property(Widget),RecentMovies)
				| StringCompare(Container(9000).ListItem.Property(Widget),RandomMovies)
				| StringCompare(Container(9000).ListItem.Property(Widget),RecommendedMovies)
				| StringCompare(Container(9000).ListItem.Property(Widget),RecentEpisodes)
				| StringCompare(Container(9000).ListItem.Property(Widget),RandomEpisodes)
				| StringCompare(Container(9000).ListItem.Property(Widget),RecommendedEpisodes)
				| StringCompare(Container(9000).ListItem.Property(Widget),RecentAlbums)
				| StringCompare(Container(9000).ListItem.Property(Widget),RandomAlbums)
				| StringCompare(Container(9000).ListItem.Property(Widget),RecommendedAlbums)</visible>
				<posx>938</posx>
				<posy>130</posy>
				<height>504</height>
				<width>325</width>
				<onup>9002</onup>
				<ondown>9002</ondown>
				<onleft>9000</onleft>
				<onright>9000</onright>
				<focusposition>0</focusposition>
				<scrolltime tween="elastic" easing="out">5000</scrolltime>
				<itemlayout  width="325" height="50">
					<control type="label">
						<posx>-15</posx>
						<posy>15</posy>
						<height>20</height>
						<width>325</width>
						<label>$INFO[ListItem.Label]</label>
						<align>right</align>
						<aligny>center</aligny>
						<font>font-18</font>
						<textcolor>white</textcolor>
					</control>
				</itemlayout>
				<focusedlayout width="325" height="50">
					<control type="image">
						<posx>0</posx>
						<align>left</align>
						<!--#####-->
						<posy>0</posy>
						<height>50</height>
						<width>325</width>
						<texture background="true">dialogs/grey1.png</texture>
					</control>
					<control type="label">
						<posx>-15</posx>
						<posy>15</posy>
						<height>20</height>
						<width>325</width>
						<label>[B]$INFO[ListItem.Label][/B]</label>
						<align>right</align>
						<aligny>center</aligny>
						<font>font-18</font>
						<textcolor>white</textcolor>
						<shadowcolor>black</shadowcolor>
					</control>
				</focusedlayout>
				<content>
					<include>RecentMoviesList</include>
					<include>RandomMoviesList</include>
					<include>RecommendedMoviesList</include>
					<include>RecentEpisodesList</include>
					<include>RandomEpisodesList</include>
					<include>RecommendedEpisodesList</include>
					<include>RecentAlbumsList</include>
					<include>RandomAlbumsList</include>
					<include>RecommendedAlbumsList</include>
				</content>
			</control>
			<!-- Playlist Widget -->
			<control type="list" id="9002">
				<orientation>vertical</orientation>
				<visible>StringCompare(Container(9000).ListItem.Property(Widget),Playlist)</visible>
				<!-- <hitrect x="0" y="0" w="800" h="1080" /> -->
				<posx>938</posx>
				<posy>130</posy>
				<height>504</height>
				<width>325</width>
				<onup>9002</onup>
				<ondown>9002</ondown>
				<onleft>9000</onleft>
				<onright>9000</onright>
				<focusposition>0</focusposition>
				<scrolltime tween="elastic" easing="out">5000</scrolltime>
				<itemlayout  width="325" height="50">
					<control type="label">
						<posx>-15</posx>
						<posy>15</posy>
						<height>20</height>
						<width>325</width>
						<label>$INFO[ListItem.Label]</label>
						<align>right</align>
						<aligny>center</aligny>
						<font>font-18</font>
						<textcolor>white</textcolor>
					</control>
				</itemlayout>
				<focusedlayout width="325" height="50">
					<control type="image">
						<posx>0</posx>
						<posy>0</posy>
						<height>50</height>
						<width>325</width>
						<texture background="true" flipx="true">main/main_menu.png</texture>
					</control>
					<control type="label">
						<posx>-15</posx>
						<posy>15</posy>
						<height>20</height>
						<width>325</width>
						<label>[B]$INFO[ListItem.Label][/B]</label>
						<align>right</align>
						<aligny>center</aligny>
						<font>font-18</font>
						<textcolor>white</textcolor>
						<shadowcolor>black</shadowcolor>
					</control>
				</focusedlayout>
				<content>$INFO[Container(9000).ListItem.Property(widgetPlaylist)]</content>
			</control>
			<!-- Favourites Widget -->
			<control type="list" id="9002">
				<orientation>vertical</orientation>
				<visible>StringCompare(Container(9000).ListItem.Property(Widget),Favourites)</visible>
				<!-- <hitrect x="0" y="0" w="800" h="1080" /> -->
				<posx>938</posx>
				<posy>130</posy>
				<height>504</height>
				<width>325</width>
				<onup>9002</onup>
				<ondown>9002</ondown>
				<onleft>9000</onleft>
				<onright>9000</onright>
				<focusposition>0</focusposition>
				<scrolltime tween="elastic" easing="out">5000</scrolltime>
				<itemlayout  width="325" height="50">
					<control type="label">
						<posx>-15</posx>
						<posy>15</posy>
						<height>20</height>
						<width>325</width>
						<label>$INFO[ListItem.Label]</label>
						<align>right</align>
						<aligny>center</aligny>
						<font>font-18</font>
						<textcolor>white</textcolor>
					</control>
				</itemlayout>
				<focusedlayout width="325" height="50">
					<control type="image">
						<posx>0</posx>
						<posy>0</posy>
						<height>50</height>
						<width>325</width>
						<texture background="true">main/main_focus.png</texture>
					</control>
					<control type="label">
						<posx>-15</posx>
						<posy>15</posy>
						<height>20</height>
						<width>325</width>
						<label>[B]$INFO[ListItem.Label][/B]</label>
						<align>right</align>
						<aligny>center</aligny>
						<font>font-18</font>
						<textcolor>white</textcolor>
						<shadowcolor>black</shadowcolor>
					</control>
				</focusedlayout>
				<content>plugin://script.extendedinfo?info=favourites</content>
			</control>
			<!-- Video-Addons Widget -->
			<control type="list" id="9002">
				<orientation>vertical</orientation>
				<visible>StringCompare(Container(9000).ListItem.Property(Widget),VideoAddons)</visible>
				<!-- <hitrect x="0" y="0" w="800" h="1080" /> -->
				<posx>938</posx>
				<posy>130</posy>
				<height>504</height>
				<width>325</width>
				<onup>9002</onup>
				<ondown>9002</ondown>
				<onleft>9000</onleft>
				<onright>9000</onright>
				<focusposition>0</focusposition>
				<scrolltime tween="elastic" easing="out">5000</scrolltime>
				<itemlayout  width="325" height="50">
					<control type="label">
						<posx>-15</posx>
						<posy>15</posy>
						<height>20</height>
						<width>325</width>
						<label>$INFO[ListItem.Label]</label>
						<align>right</align>
						<aligny>center</aligny>
						<font>font-18</font>
						<textcolor>white</textcolor>
					</control>
				</itemlayout>
				<focusedlayout width="325" height="50">
					<control type="image">
						<posx>0</posx>
						<posy>0</posy>
						<height>50</height>
						<width>325</width>
						<texture background="true">main/main_focus.png</texture>
					</control>
					<control type="label">
						<posx>-15</posx>
						<posy>15</posy>
						<height>20</height>
						<width>325</width>
						<label>[B]$INFO[ListItem.Label][/B]</label>
						<align>right</align>
						<aligny>center</aligny>
						<font>font-18</font>
						<textcolor>white</textcolor>
						<shadowcolor>black</shadowcolor>
					</control>
				</focusedlayout>
				<content target="video">addons://sources/video</content>
			</control>
			<!-- Music-Addons Widget -->
			<control type="list" id="9002">
				<orientation>vertical</orientation>
				<visible>StringCompare(Container(9000).ListItem.Property(Widget),MusicAddons)</visible>
				<!-- <hitrect x="0" y="0" w="800" h="1080" /> -->
				<posx>938</posx>
				<posy>130</posy>
				<height>504</height>
				<width>325</width>
				<onup>9002</onup>
				<ondown>9002</ondown>
				<onleft>9000</onleft>
				<onright>9000</onright>
				<focusposition>0</focusposition>
				<scrolltime tween="elastic" easing="out">5000</scrolltime>
				<itemlayout  width="325" height="50">
					<control type="label">
						<posx>-15</posx>
						<posy>15</posy>
						<height>20</height>
						<width>325</width>
						<label>$INFO[ListItem.Label]</label>
						<align>right</align>
						<aligny>center</aligny>
						<font>font-18</font>
						<textcolor>white</textcolor>
					</control>
				</itemlayout>
				<focusedlayout width="325" height="50">
					<control type="image">
						<posx>0</posx>
						<posy>0</posy>
						<height>50</height>
						<width>325</width>
						<texture background="true">main/main_focus.png</texture>
					</control>
					<control type="label">
						<posx>-15</posx>
						<posy>15</posy>
						<height>20</height>
						<width>325</width>
						<label>[B]$INFO[ListItem.Label][/B]</label>
						<align>right</align>
						<aligny>center</aligny>
						<font>font-18</font>
						<textcolor>white</textcolor>
						<shadowcolor>black</shadowcolor>
					</control>
				</focusedlayout>
				<content target="music">addons://sources/audio</content>
			</control>
			<!-- Picture-Addons Widget -->
			<control type="list" id="9002">
				<orientation>vertical</orientation>
				<visible>StringCompare(Container(9000).ListItem.Property(Widget),PictureAddons)</visible>
				<!-- <hitrect x="0" y="0" w="800" h="1080" /> -->
				<posx>938</posx>
				<posy>130</posy>
				<height>504</height>
				<width>325</width>
				<onup>9002</onup>
				<ondown>9002</ondown>
				<onleft>9000</onleft>
				<onright>9000</onright>
				<focusposition>0</focusposition>
				<scrolltime tween="elastic" easing="out">5000</scrolltime>
				<itemlayout  width="325" height="50">
					<control type="label">
						<posx>-15</posx>
						<posy>15</posy>
						<height>20</height>
						<width>325</width>
						<label>$INFO[ListItem.Label]</label>
						<align>right</align>
						<aligny>center</aligny>
						<font>font-18</font>
						<textcolor>white</textcolor>
					</control>
				</itemlayout>
				<focusedlayout width="325" height="50">
					<control type="image">
						<posx>0</posx>
						<posy>0</posy>
						<height>50</height>
						<width>325</width>
						<texture background="true">main/main_focus.png</texture>
					</control>
					<control type="label">
						<posx>-15</posx>
						<posy>15</posy>
						<height>20</height>
						<width>325</width>
						<label>[B]$INFO[ListItem.Label][/B]</label>
						<align>right</align>
						<aligny>center</aligny>
						<font>font-18</font>
						<textcolor>white</textcolor>
						<shadowcolor>black</shadowcolor>
					</control>
				</focusedlayout>
				<content target="pictures">addons://sources/image</content>
			</control>
			<!-- Program-Addons Widget -->
			<control type="list" id="9002">
				<orientation>vertical</orientation>
				<visible>StringCompare(Container(9000).ListItem.Property(Widget),ProgramAddons)</visible>
				<!-- <hitrect x="0" y="0" w="800" h="1080" /> -->
				<posx>938</posx>
				<posy>130</posy>
				<height>504</height>
				<width>325</width>
				<onup>9002</onup>
				<ondown>9002</ondown>
				<onleft>9000</onleft>
				<onright>9000</onright>
				<focusposition>0</focusposition>
				<scrolltime tween="elastic" easing="out">5000</scrolltime>
				<itemlayout  width="325" height="50">
					<control type="label">
						<posx>-15</posx>
						<posy>15</posy>
						<height>20</height>
						<width>325</width>
						<label>$INFO[ListItem.Label]</label>
						<align>right</align>
						<aligny>center</aligny>
						<font>font-18</font>
						<textcolor>white</textcolor>
					</control>
				</itemlayout>
				<focusedlayout width="325" height="50">
					<control type="image">
						<posx>0</posx>
						<posy>0</posy>
						<height>50</height>
						<width>325</width>
						<texture background="true">main/main_focus.png</texture>
					</control>
					<control type="label">
						<posx>-15</posx>
						<posy>15</posy>
						<height>20</height>
						<width>325</width>
						<label>[B]$INFO[ListItem.Label][/B]</label>
						<align>right</align>
						<aligny>center</aligny>
						<font>font-18</font>
						<textcolor>white</textcolor>
						<shadowcolor>black</shadowcolor>
					</control>
				</focusedlayout>
				<content target="programs">addons://sources/executable</content>
			</control>
			<!-- PVR Widget -->
			<control type="list" id="9002">
				<orientation>vertical</orientation>
				<visible>StringCompare(Container(9000).ListItem.Property(Widget),PVR)</visible>
				<!-- <hitrect x="0" y="0" w="800" h="1080" /> -->
				<posx>938</posx>
				<posy>130</posy>
				<height>504</height>
				<width>325</width>
				<onup>9002</onup>
				<ondown>9002</ondown>
				<onleft>9000</onleft>
				<onright>9000</onright>
				<focusposition>0</focusposition>
				<scrolltime tween="elastic" easing="out">5000</scrolltime>
				<itemlayout  width="325" height="50">
					<control type="label">
						<posx>-15</posx>
						<posy>15</posy>
						<height>20</height>
						<width>325</width>
						<label>$INFO[ListItem.Label]</label>
						<align>right</align>
						<aligny>center</aligny>
						<font>font-18</font>
						<textcolor>white</textcolor>
					</control>
				</itemlayout>
				<focusedlayout width="325" height="50">
					<control type="image">
						<posx>0</posx>
						<posy>0</posy>
						<height>50</height>
						<width>325</width>
						<texture background="true">main/main_focus.png</texture>
					</control>
					<control type="label">
						<posx>-15</posx>
						<posy>15</posy>
						<height>20</height>
						<width>325</width>
						<label>[B]$INFO[ListItem.Label][/B]</label>
						<align>right</align>
						<aligny>center</aligny>
						<font>font-18</font>
						<textcolor>white</textcolor>
						<shadowcolor>black</shadowcolor>
					</control>
				</focusedlayout>
				<content target="video">pvr://channels/tv/All channels/</content>
			</control>
			<!-- Radio Widget -->
			<control type="list" id="9002">
				<orientation>vertical</orientation>
				<visible>StringCompare(Container(9000).ListItem.Property(Widget),radio)</visible>
				<!-- <hitrect x="0" y="0" w="800" h="1080" /> -->
				<posx>938</posx>
				<posy>130</posy>
				<height>504</height>
				<width>325</width>
				<onup>9002</onup>
				<ondown>9002</ondown>
				<onleft>9000</onleft>
				<onright>9000</onright>
				<focusposition>0</focusposition>
				<scrolltime tween="elastic" easing="out">5000</scrolltime>
				<itemlayout  width="325" height="50">
					<control type="label">
						<posx>-15</posx>
						<posy>15</posy>
						<height>20</height>
						<width>325</width>
						<label>$INFO[ListItem.Label]</label>
						<align>right</align>
						<aligny>center</aligny>
						<font>font-18</font>
						<textcolor>white</textcolor>
					</control>
				</itemlayout>
				<focusedlayout width="325" height="50">
					<control type="image">
						<posx>0</posx>
						<posy>0</posy>
						<height>50</height>
						<width>325</width>
						<texture background="true">main/main_focus.png</texture>
					</control>
					<control type="label">
						<posx>-15</posx>
						<posy>15</posy>
						<height>20</height>
						<width>325</width>
						<label>[B]$INFO[ListItem.Label][/B]</label>
						<align>right</align>
						<aligny>center</aligny>
						<font>font-18</font>
						<textcolor>white</textcolor>
						<shadowcolor>black</shadowcolor>
					</control>
				</focusedlayout>
				<content target="video">pvr://channels/radio/All channels/</content>
			</control>
			
			<!-- Music Videos Widget -->
			<control type="list" id="9002">
				<orientation>vertical</orientation>
				<visible>StringCompare(Container(9000).ListItem.Property(Widget),musicvideos)</visible>
				<!-- <hitrect x="0" y="0" w="800" h="1080" /> -->
				<posx>938</posx>
				<posy>130</posy>
				<height>504</height>
				<width>325</width>
				<onup>9002</onup>
				<ondown>9002</ondown>
				<onleft>9000</onleft>
				<onright>9000</onright>
				<focusposition>0</focusposition>
				<scrolltime tween="elastic" easing="out">5000</scrolltime>
				<itemlayout  width="325" height="50">
					<control type="label">
						<posx>-15</posx>
						<posy>15</posy>
						<height>20</height>
						<width>325</width>
						<label>$INFO[ListItem.Label]</label>
						<align>right</align>
						<aligny>center</aligny>
						<font>font-18</font>
						<textcolor>white</textcolor>
					</control>
				</itemlayout>
				<focusedlayout width="325" height="50">
					<control type="image">
						<posx>0</posx>
						<posy>0</posy>
						<height>50</height>
						<width>325</width>
						<texture background="true">main/main_focus.png</texture>
					</control>
					<control type="label">
						<posx>-15</posx>
						<posy>15</posy>
						<height>20</height>
						<width>325</width>
						<label>[B]$INFO[ListItem.Label][/B]</label>
						<align>right</align>
						<aligny>center</aligny>
						<font>font-18</font>
						<textcolor>white</textcolor>
						<shadowcolor>black</shadowcolor>
					</control>
				</focusedlayout>
				<content target="video">videodb://musicvideos/titles/</content>
			</control>

		</control>

	</include>
	<include name="widget_tagname">
		<control type="button">
			<posx>1277</posx>
			<posy>290</posy>
			<height>70</height>
			<width>70</width>
			<pulseonselect>false</pulseonselect>
			<texturefocus colordiffuse="$VAR[main_color]">main/arrowup.png</texturefocus>
			<texturenofocus colordiffuse="grey">main/arrowdown.png</texturenofocus>
			<label>-</label>
			<align>center</align>
			<aligny>center</aligny>
			<font>-</font>
			<animation effect="rotate" start="0" end="90" center="auto" time="0" condition="!Control.HasFocus(9002)">Conditional</animation>
			<animation effect="rotate" start="0" end="270" center="auto" time="0" condition="Control.HasFocus(9002)">Conditional</animation>
			<onclick>SetFocus(9000)</onclick>
		</control>
		<control type="button">
			<posx>1110</posx>
			<posy>550</posy>
			<height>20</height>
			<width>400</width>
			<pulseonselect>false</pulseonselect>
			<focusedcolor>grey_a</focusedcolor>
			<textoffsetx>0</textoffsetx>
			<texturefocus>-</texturefocus>
			<texturenofocus>-</texturenofocus>
			<label>[B]$VAR[widget_name][/B]</label>
			<align>right</align>
			<aligny>center</aligny>
			<font>menu</font>
			<animation effect="rotate" start="0" end="90" center="auto" time="0" condition="true">Conditional</animation>
			<onclick>SetFocus(9000)</onclick>
			<textcolor>$VAR[main_color]</textcolor>
			<shadowcolor>black</shadowcolor>
		</control>
	</include>
	<include name="long_widgetbg">
		<control type="image">
			<posx>0</posx>
			<posy>36</posy>
			<width>1329</width>
			<height>1036</height>
			<texture background="true">main/main_menu.png</texture>
			<animation effect="fade" end="96" time="0" condition="true">Conditional</animation>
		</control>
		<control type="image">
			<posx>37</posx>
			<posy>112</posy>
			<width>1226</width>
			<height>881</height>
			<texture background="true" colordiffuse="grey_50">dialogs/white.png</texture>
			<animation effect="fade" end="96" time="0" condition="true">Conditional</animation>
		</control>
		<control type="image">
			<posx>37</posx>
			<posy>634</posy>
			<width>1226</width>
			<height>63</height>
			<texture background="true" colordiffuse="$VAR[main_color]">white.png</texture>
		</control>
		<control type="image">
			<posx>37</posx>
			<posy>112</posy>
			<width>1226</width>
			<height>17</height>
			<texture background="true" colordiffuse="$VAR[main_color]">white.png</texture>
		</control>
		<include>widget_tagname</include>
	</include>
	<include name="short_widgetbg">
		<control type="image">
			<posx>0</posx>
			<posy>36</posy>
			<width>1329</width>
			<height>700</height>
			<texture background="true">main/main_menu.png</texture>
			<animation effect="fade" end="96" time="0" condition="true">Conditional</animation>
		</control>
		<control type="image">
			<posx>37</posx>
			<posy>112</posy>
			<width>1226</width>
			<height>575</height>
			<texture background="true" colordiffuse="grey_50">dialogs/white.png</texture>
			<animation effect="fade" end="96" time="0" condition="true">Conditional</animation>
		</control>
		<control type="image">
			<posx>37</posx>
			<posy>634</posy>
			<width>1226</width>
			<height>63</height>
			<texture background="true" colordiffuse="$VAR[main_color]">white.png</texture>
		</control>
		<control type="image">
			<posx>37</posx>
			<posy>112</posy>
			<width>1226</width>
			<height>23</height>
			<texture background="true" colordiffuse="$VAR[main_color]">white.png</texture>
		</control>
		<include>widget_tagname</include>
	</include>
	<variable name="widget_name">
		<value condition="StringCompare(Container(9000).ListItem.Property(Widget),RecentMovies)">$LOCALIZE[31500]</value>
		<value condition="StringCompare(Container(9000).ListItem.Property(Widget),RandomMovies)">$LOCALIZE[31501]</value>
		<value condition="StringCompare(Container(9000).ListItem.Property(Widget),RecommendedMovies)">$LOCALIZE[31502]</value>
		<value condition="StringCompare(Container(9000).ListItem.Property(Widget),RecentEpisodes)">$LOCALIZE[31503]</value>
		<value condition="StringCompare(Container(9000).ListItem.Property(Widget),RandomEpisodes)">$LOCALIZE[31504]</value>
		<value condition="StringCompare(Container(9000).ListItem.Property(Widget),RecommendedEpisodes)">$LOCALIZE[31505]</value>
		<value condition="StringCompare(Container(9000).ListItem.Property(Widget),RecentAlbums)">$LOCALIZE[31506]</value>
		<value condition="StringCompare(Container(9000).ListItem.Property(Widget),RandomAlbums)">$LOCALIZE[31507]</value>
		<value condition="StringCompare(Container(9000).ListItem.Property(Widget),RecommendedAlbums)">$LOCALIZE[31508]</value>
		<value condition="StringCompare(Container(9000).ListItem.Property(Widget),WeatherWidget)">$LOCALIZE[8]</value>
		<value condition="StringCompare(Container(9000).ListItem.Property(Widget),VideoAddons)">$LOCALIZE[1037]</value>
		<value condition="StringCompare(Container(9000).ListItem.Property(Widget),MusicAddons)">$LOCALIZE[1038]</value>
		<value condition="StringCompare(Container(9000).ListItem.Property(Widget),PictureAddons)">$LOCALIZE[1039]</value>
		<value condition="StringCompare(Container(9000).ListItem.Property(Widget),ProgramAddons)">$LOCALIZE[1043]</value>
		<value condition="StringCompare(Container(9000).ListItem.Property(Widget),Favourites)">$LOCALIZE[10134]</value>
		<value condition="StringCompare(Container(9000).ListItem.Property(Widget),PVR)">$LOCALIZE[19191]</value>
		<value condition="StringCompare(Container(9000).ListItem.Property(Widget),radio)">$LOCALIZE[19024]</value>
		<value condition="StringCompare(Container(9000).ListItem.Property(Widget),Playlist)">$LOCALIZE[559]</value>
		<value condition="StringCompare(Container(9000).ListItem.Property(Widget),musicvideos)">$LOCALIZE[20389]</value>
	</variable> 
	<variable name="varBackground">
		<value condition="StringCompare(Container(9000).ListItem.Property(Background),movie)">special://skin/backgrounds/</value>
		<value condition="StringCompare(Container(9000).ListItem.Property(Background),movieFanart)">$INFO[Window(Home).Property(script.grab.fanart.Movie.FanArt)]</value>
		<value condition="StringCompare(Container(9000).ListItem.Property(Background),tvshowsFanart)">$INFO[Window(Home).Property(script.grab.fanart.TV.FanArt)]</value>
		<value condition="StringCompare(Container(9000).ListItem.Property(Background),musicFanart)">$INFO[Window(Home).Property(script.grab.fanart.Music.FanArt)]</value>
		<value condition="StringCompare(Container(9000).ListItem.Property(Background),weather)">special://skin/backgrounds/weather/$INFO[Window(Weather).Property(Current.FanartCode)]/weather-$INFO[Window(Weather).Property(Current.FanartCode)].jpg</value>
		<value condition="StringCompare(Container(9000).ListItem.Property(Background),playlistBackground)">$INFO[Container(30).ListItem.Art(fanart)]</value>
		<value condition="!IsEmpty(Container(9000).ListItem.Property(Background)">$INFO[Container(9000).ListItem.Property(Background)]</value>
		<value>special://skin/backgrounds/defualt.jpg</value>
	</variable>

	<!--END OF Super-Menu --> 
	<include name="home-videowindow">
		<control type="videowindow">
			<posx>0</posx>
			<posy>0</posy>
			<width>1920</width>
			<height>1080</height>
			<visible>Player.HasVideo</visible>
		</control>
	</include>
	<include name="home-visualisation1">
		<control type="visualisation">
			<description>visualisation</description>
			<posx>0</posx>
			<posy>0</posy>
			<width>1920</width>
			<height>1080</height>
			<visible>Player.HasAudio + ![StringCompare(Visualisation.Name,waveform) | StringCompare(Visualisation.Name,opengl spectrum) | StringCompare(Visualisation.Name,directx spectrum)] + IsEmpty(Window(Videos).Property(TvTunesIsAlive))</visible>
		</control>
	</include>
	

	<include name="WeatherInfo">
		<control type="group">
			<posx>0</posx>
			<posy>717</posy>
			<visible>Container(5040).HasFocus(10) + ![Player.HasVideo + !Skin.HasSetting(homepageVideoinfo)] + ![Player.HasAudio + !Skin.HasSetting(homepageMusicinfo)] + IsEmpty(Window(Weather).Property(Daily.IsFetched))</visible>
			<include>HomeInfoAnimation</include>
			<animation effect="slide" end="0,-102" time="0" condition="Skin.HasSetting(HorizontalHomeMenu)">Conditional</animation>
			<control type="image">
				<description>gradient</description>
				<posx>0</posx>
				<posy>0</posy>
				<width>630</width>
				<height>45</height>
				<texture border="2">gradient2.png</texture>
			</control>
			<control type="image">
				<description>gradient</description>
				<posx>0</posx>
				<posy>40</posy>
				<width>630</width>
				<height>266</height>
				<texture border="3">gradient2.png</texture>
			</control>
			<include condition="Skin.HasSetting(Animate_Home_Weather_Icon)">Home_Weather_Icon</include>
			<include condition="!Skin.HasSetting(Animate_Home_Weather_Icon)">Home_Animated_Weather_Icon</include>
			<control type="label">
				<description>Weather label</description>
				<posx>180</posx>
				<posy>4</posy>
				<height>30</height>
				<width>300</width>
				<label>[B]$LOCALIZE[12600][/B]</label>
				<align>center</align>
				<aligny>center</aligny>
				<font>font-30</font>
				<textcolor>blue</textcolor>
				<shadowcolor>black</shadowcolor>
			</control>
			<control type="label">
				<description>location label</description>
				<posx>225</posx>
				<posy>90</posy>
				<height>45</height>
				<width>1155</width>
				<label>$INFO[Window(Weather).Property(Location)]</label>
				<align>left</align>
				<aligny>center</aligny>
				<font>font-23</font>
				<shadowcolor>black</shadowcolor>
			</control>
			<control type="label">
				<description>Conditions Label</description>
				<posx>225</posx>
				<posy>128</posy>
				<height>45</height>
				<width>1155</width>
				<label>$INFO[Window(Weather).Property(Current.Condition)]</label>
				<align>left</align>
				<aligny>center</aligny>
				<font>font-23</font>
				<shadowcolor>black</shadowcolor>
			</control>
			<control type="label">
				<description>Temp Label</description>
				<posx>225</posx>
				<posy>165</posy>
				<height>45</height>
				<width>1155</width>
				<label>$INFO[Weather.Temperature]</label>
				<align>left</align>
				<aligny>center</aligny>
				<font>font-23</font>
				<shadowcolor>black</shadowcolor>
			</control>
		</control>
	</include>
	<include name="Home_Animated_Weather_Icon">
		<control type="multiimage">
			<description>Weather image</description>
			<posx>0</posx>
			<posy>52</posy>
			<width>204</width>
			<height>204</height>
			<imagepath>weather/$INFO[Window(Weather).Property(Current.FanartCode)]</imagepath>
			<timeperimage>100</timeperimage>
			<randomize>false</randomize>
			<fadetime>0</fadetime>
		</control>
	</include>
	<include name="Home_Weather_Icon">
		<control type="image">
			<description>Weather image</description>
			<posx>0</posx>
			<posy>10</posy>
			<width>204</width>
			<height>204</height>
			<texture>$INFO[Window(Weather).Property(Current.ConditionIcon)]</texture>
		</control>
	</include>
	<include name="WeatherExtendedInfo">
		<control type="group">
			<posx>0</posx>
			<posy>717</posy>
			<visible>Container(5040).HasFocus(10) + ![Player.HasVideo + !Skin.HasSetting(homepageVideoinfo)] + ![Player.HasAudio + !Skin.HasSetting(homepageMusicinfo)] + !IsEmpty(Window(Weather).Property(Daily.IsFetched))</visible>
			<include>HomeInfoAnimation</include>
			<animation effect="slide" end="0,-102" time="0" condition="Skin.HasSetting(HorizontalHomeMenu)">Conditional</animation>
			<control type="image">
				<description>gradient</description>
				<posx>0</posx>
				<posy>0</posy>
				<width>630</width>
				<height>45</height>
				<texture border="2">gradient2.png</texture>
			</control>
			<control type="image">
				<description>gradient</description>
				<posx>0</posx>
				<posy>40</posy>
				<width>630</width>
				<height>266</height>
				<texture border="3">gradient2.png</texture>
			</control>
			<include condition="Skin.HasSetting(Animate_Home_Weather_Icon)">Home_Weather_Icons</include>
			<include condition="!Skin.HasSetting(Animate_Home_Weather_Icon)">Home_Animated_Weather_Icons</include>
			<control type="label">
				<description>location label</description>
				<posx>225</posx>
				<posy>1</posy>
				<height>45</height>
				<width>1155</width>
				<label>[B]$INFO[Window(Weather).Property(Location)][/B]</label>
				<align>left</align>
				<aligny>center</aligny>
				<font>font-25</font>
				<textcolor>blue</textcolor>
				<shadowcolor>black</shadowcolor>
			</control>
			<control type="label">
				<description>Conditions Label</description>
				<posx>128</posx>
				<posy>72</posy>
				<height>45</height>
				<width>1155</width>
				<label>$INFO[Window(Weather).Property(Current.Condition)][COLOR=lightblue]$LOCALIZE[33020]: [/COLOR] $INFO[Window(Weather).Property(Daily.1.WindSpeed)] $INFO[Window(Weather).Property(Daily.1.ShortWindDirection)][COLOR=lightblue]$LOCALIZE[404]:[/COLOR]</label>
				<align>left</align>
				<aligny>center</aligny>
				<font>font-21</font>
				<shadowcolor>black</shadowcolor>
			</control>
			<control type="label">
				<description>Temp Label</description>
				<posx>128</posx>
				<posy>102</posy>
				<height>45</height>
				<width>1155</width>
				<label>$INFO[Weather.Temperature][COLOR=lightblue]$LOCALIZE[401]: [/COLOR]   $INFO[Window(Weather).Property(Daily.1.HighTemperature)][COLOR=lightblue]$LOCALIZE[419]: [/COLOR]   $INFO[Window(Weather).Property(Daily.1.LowTemperature)][COLOR=lightblue]$LOCALIZE[418]: [/COLOR]</label>
				<align>left</align>
				<aligny>center</aligny>
				<font>font-21</font>
				<shadowcolor>black</shadowcolor>
			</control>
			<control type="label">
				<description>Day label</description>
				<posx>15</posx>
				<posy>166</posy>
				<width>120</width>
				<height>30</height>
				<font>font-15c</font>
				<label>[B]$INFO[Window(Weather).Property(Daily.1.ShortDay)][/B]</label>
				<align>center</align>
				<aligny>center</aligny>
				<textcolor>lightblue</textcolor>
			</control>
			<control type="label">
				<description>Day label</description>
				<posx>105</posx>
				<posy>166</posy>
				<width>90</width>
				<height>30</height>
				<font>font-15c</font>
				<label>[B]$INFO[Window(Weather).Property(Daily.2.ShortDay)][/B]</label>
				<align>center</align>
				<aligny>center</aligny>
				<textcolor>lightblue</textcolor>
			</control>
			<control type="label">
				<description>Day label</description>
				<posx>195</posx>
				<posy>166</posy>
				<width>90</width>
				<height>30</height>
				<font>font-15c</font>
				<label>[B]$INFO[Window(Weather).Property(Daily.3.ShortDay)][/B]</label>
				<align>center</align>
				<aligny>center</aligny>
				<textcolor>lightblue</textcolor>
			</control>
			<control type="label">
				<description>Day label</description>
				<posx>285</posx>
				<posy>166</posy>
				<width>90</width>
				<height>30</height>
				<font>font-15c</font>
				<label>[B]$INFO[Window(Weather).Property(Daily.4.ShortDay)][/B]</label>
				<align>center</align>
				<aligny>center</aligny>
				<textcolor>lightblue</textcolor>
			</control>
			<control type="label">
				<description>Day label</description>
				<posx>375</posx>
				<posy>166</posy>
				<width>90</width>
				<height>30</height>
				<font>font-15c</font>
				<label>[B]$INFO[Window(Weather).Property(Daily.5.ShortDay)][/B]</label>
				<align>center</align>
				<aligny>center</aligny>
				<textcolor>lightblue</textcolor>
			</control>
			<control type="label">
				<description>Day label</description>
				<posx>465</posx>
				<posy>166</posy>
				<width>90</width>
				<height>30</height>
				<font>font-15c</font>
				<label>[B]$INFO[Window(Weather).Property(Daily.6.ShortDay)][/B]</label>
				<align>center</align>
				<aligny>center</aligny>
				<textcolor>lightblue</textcolor>
			</control>
			<control type="label">
				<description>Day label</description>
				<posx>555</posx>
				<posy>166</posy>
				<width>90</width>
				<height>30</height>
				<font>font-15c</font>
				<label>[B]$INFO[Window(Weather).Property(Daily.7.ShortDay)][/B]</label>
				<align>center</align>
				<aligny>center</aligny>
				<textcolor>lightblue</textcolor>
			</control>
			<control type="label">
				<description>Day label</description>
				<posx>15</posx>
				<posy>196</posy>
				<width>120</width>
				<height>30</height>
				<font>font-15c</font>
				<label>[B]$INFO[Window(Weather).Property(Daily.1.HighTemperature)][/B]</label>
				<align>center</align>
				<aligny>center</aligny>
			</control>
			<control type="label">
				<description>Day label</description>
				<posx>105</posx>
				<posy>196</posy>
				<width>90</width>
				<height>30</height>
				<font>font-15c</font>
				<label>[B]$INFO[Window(Weather).Property(Daily.2.HighTemperature)][/B]</label>
				<align>center</align>
				<aligny>center</aligny>
			</control>
			<control type="label">
				<description>Day label</description>
				<posx>195</posx>
				<posy>196</posy>
				<width>90</width>
				<height>30</height>
				<font>font-15c</font>
				<label>[B]$INFO[Window(Weather).Property(Daily.3.HighTemperature)][/B]</label>
				<align>center</align>
				<aligny>center</aligny>
			</control>
			<control type="label">
				<description>Day label</description>
				<posx>285</posx>
				<posy>196</posy>
				<width>90</width>
				<height>30</height>
				<font>font-15c</font>
				<label>[B]$INFO[Window(Weather).Property(Daily.4.HighTemperature)][/B]</label>
				<align>center</align>
				<aligny>center</aligny>
			</control>
			<control type="label">
				<description>Day label</description>
				<posx>375</posx>
				<posy>196</posy>
				<width>90</width>
				<height>30</height>
				<font>font-15c</font>
				<label>[B]$INFO[Window(Weather).Property(Daily.5.HighTemperature)][/B]</label>
				<align>center</align>
				<aligny>center</aligny>
			</control>
			<control type="label">
				<description>Day label</description>
				<posx>465</posx>
				<posy>196</posy>
				<width>90</width>
				<height>30</height>
				<font>font-15c</font>
				<label>[B]$INFO[Window(Weather).Property(Daily.6.HighTemperature)][/B]</label>
				<align>center</align>
				<aligny>center</aligny>
			</control>
			<control type="label">
				<description>Day label</description>
				<posx>555</posx>
				<posy>196</posy>
				<width>90</width>
				<height>30</height>
				<font>font-15c</font>
				<label>[B]$INFO[Window(Weather).Property(Daily.7.HighTemperature)][/B]</label>
				<align>center</align>
				<aligny>center</aligny>
			</control>
		</control>
	</include>
	<include name="Home_Animated_Weather_Icons">
		<control type="multiimage">
			<description>Weather image</description>
			<posx>8</posx>
			<posy>52</posy>
			<width>129</width>
			<height>129</height>
			<imagepath>weather/$INFO[Window(Weather).Property(Current.FanartCode)]</imagepath>
			<timeperimage>100</timeperimage>
			<randomize>false</randomize>
			<fadetime>0</fadetime>
		</control>
		<control type="multiimage">
			<description>Weather image</description>
			<posx>22</posx>
			<posy>224</posy>
			<width>60</width>
			<height>60</height>
			<imagepath>weather/$INFO[Window(Weather).Property(Daily.1.FanartCode)]</imagepath>
			<timeperimage>100</timeperimage>
			<randomize>false</randomize>
			<fadetime>0</fadetime>
		</control>
		<control type="multiimage">
			<description>Weather image</description>
			<posx>112</posx>
			<posy>224</posy>
			<width>60</width>
			<height>60</height>
			<imagepath>weather/$INFO[Window(Weather).Property(Daily.2.FanartCode)]</imagepath>
			<timeperimage>100</timeperimage>
			<randomize>false</randomize>
			<fadetime>0</fadetime>
		</control>
		<control type="multiimage">
			<description>Weather image</description>
			<posx>202</posx>
			<posy>224</posy>
			<width>60</width>
			<height>60</height>
			<imagepath>weather/$INFO[Window(Weather).Property(Daily.3.FanartCode)]</imagepath>
			<timeperimage>100</timeperimage>
			<randomize>false</randomize>
			<fadetime>0</fadetime>
		</control>
		<control type="multiimage">
			<description>Weather image</description>
			<posx>292</posx>
			<posy>224</posy>
			<width>60</width>
			<height>60</height>
			<imagepath>weather/$INFO[Window(Weather).Property(Daily.4.FanartCode)]</imagepath>
			<timeperimage>100</timeperimage>
			<randomize>false</randomize>
			<fadetime>0</fadetime>
		</control>
		<control type="multiimage">
			<description>Weather image</description>
			<posx>382</posx>
			<posy>224</posy>
			<width>60</width>
			<height>60</height>
			<imagepath>weather/$INFO[Window(Weather).Property(Daily.5.FanartCode)]</imagepath>
			<timeperimage>100</timeperimage>
			<randomize>false</randomize>
			<fadetime>0</fadetime>
		</control>
		<control type="multiimage">
			<description>Weather image</description>
			<posx>472</posx>
			<posy>224</posy>
			<width>60</width>
			<height>60</height>
			<imagepath>weather/$INFO[Window(Weather).Property(Daily.6.FanartCode)]</imagepath>
			<timeperimage>100</timeperimage>
			<randomize>false</randomize>
			<fadetime>0</fadetime>
		</control>
		<control type="multiimage">
			<description>Weather image</description>
			<posx>562</posx>
			<posy>224</posy>
			<width>60</width>
			<height>60</height>
			<imagepath>weather/$INFO[Window(Weather).Property(Daily.7.FanartCode)]</imagepath>
			<timeperimage>100</timeperimage>
			<randomize>false</randomize>
			<fadetime>0</fadetime>
		</control>
	</include>
	<include name="Home_Weather_Icons">
		<control type="image">
			<description>Weather image</description>
			<posx>1380</posx>
			<posy>0</posy>
			<width>129</width>
			<height>129</height>
			<texture>$INFO[Window(Weather).Property(Current.ConditionIcon)]</texture>
		</control>
		<control type="image">
			<description>Weather image</description>
			<posx>915</posx>
			<posy>164</posy>
			<width>60</width>
			<height>60</height>
			<texture>$INFO[Window(Weather).Property(Daily.1.OutlookIcon)]</texture>
		</control>
		<control type="image">
			<description>Weather image</description>
			<posx>1005</posx>
			<posy>164</posy>
			<width>60</width>
			<height>60</height>
			<texture>$INFO[Window(Weather).Property(Daily.2.OutlookIcon)]</texture>
		</control>
		<control type="image">
			<description>Weather image</description>
			<posx>1095</posx>
			<posy>164</posy>
			<width>60</width>
			<height>60</height>
			<texture>$INFO[Window(Weather).Property(Daily.3.OutlookIcon)]</texture>
		</control>
		<control type="image">
			<description>Weather image</description>
			<posx>1185</posx>
			<posy>164</posy>
			<width>60</width>
			<height>60</height>
			<texture>$INFO[Window(Weather).Property(Daily.4.OutlookIcon)]</texture>
		</control>
		<control type="image">
			<description>Weather image</description>
			<posx>1275</posx>
			<posy>164</posy>
			<width>60</width>
			<height>60</height>
			<texture>$INFO[Window(Weather).Property(Daily.5.OutlookIcon)]</texture>
		</control>
		<control type="image">
			<description>Weather image</description>
			<posx>1365</posx>
			<posy>164</posy>
			<width>60</width>
			<height>60</height>
			<texture>$INFO[Window(Weather).Property(Daily.6.OutlookIcon)]</texture>
		</control>
		<control type="image">
			<description>Weather image</description>
			<posx>1455</posx>
			<posy>164</posy>
			<width>60</width>
			<height>60</height>
			<texture>$INFO[Window(Weather).Property(Daily.7.OutlookIcon)]</texture>
		</control>
	</include>
	<include name="SystemInfo">
		<control type="group">
			<posx>0</posx>
			<posy>717</posy>
			<visible>Container(5040).HasFocus(12) + ![Player.HasVideo + !Skin.HasSetting(homepageVideoinfo)] + ![Player.HasAudio + !Skin.HasSetting(homepageMusicinfo)]</visible>
			<include>HomeInfoAnimation</include>
			<animation effect="slide" end="0,-102" time="0" condition="Skin.HasSetting(HorizontalHomeMenu)">Conditional</animation>
			<control type="image">
				<description>gradient</description>
				<posx>0</posx>
				<posy>0</posy>
				<width>630</width>
				<height>45</height>
				<texture border="2">gradient2.png</texture>
			</control>
			<control type="image">
				<description>gradient</description>
				<posx>0</posx>
				<posy>40</posy>
				<width>630</width>
				<height>266</height>
				<texture border="3">gradient2.png</texture>
			</control>
			<control type="image">
				<description>settings image</description>
				<posx>8</posx>
				<posy>60</posy>
				<width>204</width>
				<height>222</height>
				<texture>homeinfo-system.png</texture>
			</control>
			<control type="label">
				<description>Settings label</description>
				<posx>180</posx>
				<posy>4</posy>
				<width>300</width>
				<height>30</height>
				<label>[B]$LOCALIZE[13000]:[/B]</label>
				<align>center</align>
				<aligny>center</aligny>
				<font>font-30</font>
				<textcolor>blue</textcolor>
				<shadowcolor>black</shadowcolor>
			</control>
			<control type="label">
				<description>CPU Speed Label</description>
				<posx>210</posx>
				<posy>105</posy>
				<width>1155</width>
				<height>45</height>
				<label>$LOCALIZE[13284] $INFO[System.cpufrequency]</label>
				<align>left</align>
				<aligny>center</aligny>
				<font>font-20</font>
				<shadowcolor>black</shadowcolor>
			</control>
			<control type="label">
				<description>Free Memory Label</description>
				<posx>210</posx>
				<posy>135</posy>
				<width>1155</width>
				<height>45</height>
				<label>$LOCALIZE[158]: $INFO[System.FreeMemory] / $INFO[System.Memory(total)]</label>
				<align>left</align>
				<aligny>center</aligny>
				<font>font-20</font>
				<shadowcolor>black</shadowcolor>
			</control>
			<control type="label">
				<description>GPU Make Label</description>
				<posx>210</posx>
				<posy>165</posy>
				<width>1155</width>
				<height>45</height>
				<label>$INFO[System.videoencoderinfo]</label>
				<align>left</align>
				<aligny>center</aligny>
				<font>font-20</font>
				<shadowcolor>black</shadowcolor>
			</control>
			<control type="label">
				<description>IP Address label</description>
				<posx>210</posx>
				<posy>195</posy>
				<width>1155</width>
				<height>45</height>
				<label>$INFO[Network.IPAddress] :$LOCALIZE[150]</label>
				<align>left</align>
				<aligny>center</aligny>
				<font>font-20</font>
				<shadowcolor>black</shadowcolor>
			</control>
		</control>
	</include>
	<include name="VideoInfo"> 
		<control type="group">
			<posx>0</posx>
			<posy>0</posy>
			<animation effect="slide" end="245" tween="circle" easing="out" delay="0" time="700" condition="ControlGroup(9100).HasFocus">Conditional</animation>
			<animation effect="fade" start="0" end="100" time="0" delay="2000" condition="True">Conditional</animation>
			<animation effect="zoom" start="60" end="100" center="0,22" time="800" tween="back" easing="out">WindowOpen</animation>
			<animation effect="zoom" start="100" end="60" center="0,22" time="800" tween="back" easing="in">WindowClose</animation>
			<visible>Player.HasVideo</visible>
			<control type="image">
				<posx>45</posx>
				<posy>30</posy>
				<width>500</width>
				<height>160</height>
				<texture background="true" border="60,34,10,10">baloon.png</texture>
			</control>

			<control type="image">
				<description>Thumb image for Episodes</description>
				<posx>555</posx>
				<posy>58</posy>
				<height>128</height>
				<aspectratio align="left">keep</aspectratio>
				<texture >$INFO[Player.Art(thumb)]</texture>
				<bordertexture colordiffuse="grey">dialogs/white.png</bordertexture>
				<bordersize>2</bordersize>
				<visible>VideoPlayer.Content(Episodes)</visible>
			</control>
			<control type="image">
				<description>Poster</description>
				<posx>555</posx>
				<posy>56</posy>
				<width>140</width>
				<height>134</height>
				<aspectratio align="left">keep</aspectratio>
				<bordertexture colordiffuse="FFe8e8e8">dialogs/white.png</bordertexture>
				<bordersize>3</bordersize>
				<texture>$INFO[Player.Art(thumb)]</texture>
				<visible>!VideoPlayer.Content(Episodes)</visible>
			</control>

			<control type="grouplist" id="9003">
				<posx>432</posx>
				<posy>143</posy>
				<width>300</width>
				<orientation>horizontal</orientation>
				<itemgap>2</itemgap>
				<onup condition="Window.IsActive(home)">9000</onup>
				<onup condition="!Window.IsActive(home)">50</onup>
				<ondown condition="Window.IsActive(home)">9000</ondown>
				<ondown condition="!Window.IsActive(home)">50</ondown>
				<onleft condition="Window.IsActive(home)">9000</onleft>
				<onleft condition="!Window.IsActive(home)">9100</onleft>
				<onright condition="Window.IsActive(home)">9000</onright>
				<onright condition="!Window.IsActive(home)">50</onright>
				<control type="togglebutton" id="9004">
					<description>Play\Pause image</description>
					<width>32</width>
					<height>32</height>
					<label>-</label>
					<font>-</font>
					<texturefocus colordiffuse="$VAR[main_color]">pause.png</texturefocus>
					<texturenofocus colordiffuse="darkgrey">pause.png</texturenofocus>
					<alttexturefocus colordiffuse="$VAR[main_color]">play.png</alttexturefocus>
					<alttexturenofocus colordiffuse="darkgrey">play.png</alttexturenofocus>
					<usealttexture>Player.Paused | Player.Forwarding | Player.Rewinding</usealttexture>
					<onclick>PlayerControl(Play)</onclick>
				</control>
				<control type="button"  id="9005">
					<description>FullScreen - Expand image</description>
					<width>32</width>
					<height>32</height>
					<onclick>PlayerControl(Stop)</onclick>
					<texturefocus colordiffuse="$VAR[main_color]">stop.png</texturefocus>
					<texturenofocus colordiffuse="darkgrey">stop.png</texturenofocus>
				</control>

				<control type="button"  id="9006">
					<description>FullScreen - Expand image</description>
					<width>28</width>
					<height>28</height>
					<onclick>FullScreen</onclick>
					<texturefocus colordiffuse="$VAR[main_color]">expand.png</texturefocus>
					<texturenofocus colordiffuse="darkgrey">expand.png</texturenofocus>
				</control>
			</control> 
			<control type="label">
				<description>Now Playing label</description>

				<posx>540</posx>
				<posy>10</posy>
				<width>380</width>
				<height>45</height>
				<label>$VAR[Now_playing_status]</label>
				<align>right</align>
				<aligny>center</aligny>
				<font>font-25</font>
				<textcolor>white</textcolor>
			</control>
			<control type="label">
				<description>Title label</description>
				<posx>530</posx>
				<posy>60</posy>
				<width>460</width>
				<height>45</height>
				<label>$INFO[VideoPlayer.Title]</label>
				<align>right</align>
				<aligny>center</aligny>
				<font>font-25</font>
				<scroll>true</scroll>
				<textcolor>darkgrey</textcolor>
			</control>
			<control type="label">
				<description>label2</description>
				<posx>530</posx>
				<posy>100</posy>
				<width>460</width>
				<height>45</height>
				<label>$VAR[OSDLabel3]</label>
				<align>right</align>
				<aligny>center</aligny>
				<font>font-20</font>
				<scroll>true</scroll>
				<textcolor>darkgrey</textcolor>
			</control>

			<control type="group">
				<width>468</width>
				<height>22</height>
				<posx>60</posx>
				<posy>145</posy>
				<control type="label">
					<posx>0</posx>
					<posy>5</posy>
					<description>Time Label</description>
					<height>18</height>
					<width>468</width>
					<align>left</align>
					<label>$INFO[VideoPlayer.Time][COLOR=grey_b][B] / [/B][/COLOR]$INFO[Player.Duration]</label>
					<font>font-12</font>
					<textcolor>grey_a</textcolor>
				</control>
				<control type="progress">
					<description>Progressbar</description>
					<posx>0</posx>
					<posy>23</posy>
					<width>468</width>
					<height>22</height>
					<info>Player.Progress</info>
				</control>
				<control type="slider" id="888">
					<description>Slider</description>
					<posx>0</posx>
					<posy>23</posy>
					<width>468</width>
					<height>22</height>
					<action>seek</action>
				</control>
			</control>

		</control>
	</include>
	<include name="MusicInfo">
		<control type="group">
			<posx>0</posx>
			<posy>0</posy>
			<animation effect="slide" end="245" tween="circle" easing="out" delay="0" time="700" condition="ControlGroup(9100).HasFocus">Conditional</animation>
			<animation effect="fade" start="0" end="100" time="0" delay="2000" condition="True">Conditional</animation>
			<animation effect="zoom" start="60" end="100" center="0,22" time="800" tween="back" easing="out">WindowOpen</animation>
			<animation effect="zoom" start="100" end="60" center="0,22" time="800" tween="back" easing="in">WindowClose</animation>
			<visible>Player.HasAudio</visible>
			<visible>IsEmpty(Window(10025).Property(PlayingBackgroundMedia))</visible>
			<control type="image">
				<posx>45</posx>
				<posy>30</posy>
				<width>500</width>
				<height>160</height>
				<texture background="true" border="60,34,10,10">baloon.png</texture>
			</control>
			<control type="image">
				<description>cdart image</description>
				<posx>555</posx>
				<posy>62</posy>
				<width>120</width>
				<height>120</height>
				<texture background="true">$INFO[Player.FolderPath,,cdart.png]</texture>
				<aspectratio>keep</aspectratio>
				<include>cdartspinhome</include>
				<visible>![substring(Player.FolderPath,pvr://) | substring(Player.FolderPath,http://) | substring(Player.FolderPath,https://) | substring(Player.FolderPath,htsp://)]</visible>
			</control>
			<control type="image">
				<description>Cover image</description>
				<posx>555</posx>
				<posy>58</posy>
				<height>128</height>
				<width>128</width>
				<aspectratio align="left">keep</aspectratio>
				<texture >$INFO[Player.Art(thumb)]</texture>
				<bordertexture colordiffuse="grey">dialogs/white.png</bordertexture>
				<bordersize>2</bordersize>
				<texture>$INFO[MusicPlayer.Cover]</texture>
				<visible>Player.HasAudio</visible>
			</control>
			<control type="grouplist" id="9003">
				<posx>432</posx>
				<posy>143</posy>
				<width>300</width>
				<orientation>horizontal</orientation>
				<itemgap>2</itemgap>
				<onup condition="Window.IsActive(home)">9000</onup>
				<onup condition="!Window.IsActive(home)">50</onup>
				<ondown condition="Window.IsActive(home)">9000</ondown>
				<ondown condition="!Window.IsActive(home)">50</ondown>
				<onleft condition="Window.IsActive(home)">9000</onleft>
				<onleft condition="!Window.IsActive(home)">9100</onleft>
				<onright condition="Window.IsActive(home)">9000</onright>
				<onright condition="!Window.IsActive(home)">50</onright>
				<control type="togglebutton" id="9004">
					<description>Play\Pause image</description>
					<width>32</width>
					<height>32</height>
					<label>-</label>
					<font>-</font>
					<texturefocus colordiffuse="$VAR[main_color]">pause.png</texturefocus>
					<texturenofocus colordiffuse="darkgrey">pause.png</texturenofocus>
					<alttexturefocus colordiffuse="$VAR[main_color]">play.png</alttexturefocus>
					<alttexturenofocus colordiffuse="darkgrey">play.png</alttexturenofocus>
					<usealttexture>Player.Paused | Player.Forwarding | Player.Rewinding</usealttexture>
					<onclick>PlayerControl(Play)</onclick>
				</control>
				<control type="button"  id="9005">
					<description>FullScreen - Expand image</description>
					<width>32</width>
					<height>32</height>
					<onclick>PlayerControl(Stop)</onclick>
					<texturefocus colordiffuse="$VAR[main_color]">stop.png</texturefocus>
					<texturenofocus colordiffuse="darkgrey">stop.png</texturenofocus>
				</control>

				<control type="button"  id="9006">
					<description>FullScreen - Expand image</description>
					<width>28</width>
					<height>28</height>
					<onclick>FullScreen</onclick>
					<texturefocus colordiffuse="$VAR[main_color]">expand.png</texturefocus>
					<texturenofocus colordiffuse="darkgrey">expand.png</texturenofocus>
				</control>
			</control> 
			<control type="label">
				<description>Now Playing label</description>
				<posx>540</posx>
				<posy>10</posy>
				<width>380</width>
				<height>45</height>
				<label>$VAR[Now_playing_status]</label>
				<align>right</align>
				<aligny>center</aligny>
				<font>font-25</font>
				<textcolor>white</textcolor>
			</control>
			<control type="label">
				<description>Title label</description>
				<posx>530</posx>
				<posy>60</posy>
				<width>460</width>
				<height>45</height>
				<label>$INFO[MusicPlayer.Title]</label>
				<align>right</align>
				<aligny>center</aligny>
				<font>font-25</font>
				<scroll>true</scroll>
				<textcolor>darkgrey</textcolor>
			</control>
			<control type="label">
				<description>label2</description>
				<posx>530</posx>
				<posy>100</posy>
				<width>460</width>
				<height>45</height>
				<label>$INFO[MusicPlayer.Artist] - $INFO[MusicPlayer.Album]</label>
				<align>right</align>
				<aligny>center</aligny>
				<font>font-20</font>
				<scroll>true</scroll>
				<textcolor>darkgrey</textcolor>
			</control>

			<control type="group">
				<width>468</width>
				<height>22</height>
				<posx>60</posx>
				<posy>145</posy>
				<control type="label">
					<posx>0</posx>
					<posy>5</posy>
					<description>Time Label</description>
					<height>18</height>
					<width>468</width>
					<align>left</align>
					<label>$INFO[MusicPlayer.Time][COLOR=grey_b][B] / [/B][/COLOR]$INFO[Player.Duration]</label>
					<font>font-12</font>
					<textcolor>grey_a</textcolor>
				</control>
				<control type="progress">
					<description>Progressbar</description>
					<posx>0</posx>
					<posy>23</posy>
					<width>468</width>
					<height>22</height>
					<info>Player.Progress</info>
				</control>
				<control type="slider" id="888">
					<description>Slider</description>
					<posx>0</posx>
					<posy>23</posy>
					<width>468</width>
					<height>22</height>
					<action>seek</action>
				</control>
			</control>

		</control>
	</include>


</includes>
