<?xml version="1.0" encoding="UTF-8"?>
<includes>
	<include name="debuginfo">
		<control type="group">
			<posx>30</posx>
			<posy>150</posy>
			<visible>!Skin.HasSetting(DebugMode)</visible>
			<control type="label">
				<posx>0</posx>
				<posy>0</posy>
				<width>1860</width>
				<height>60</height>
				<label>Container.FolderPath: $INFO[Container.FolderPath]</label>
				<shadowcolor>black</shadowcolor>
			</control>
			<control type="label">
				<posx>0</posx>
				<posy>30</posy>
				<width>1860</width>
				<height>60</height>
				<label>Container.FolderName: $INFO[Container.FolderName]</label>
				<shadowcolor>black</shadowcolor>
			</control>
			<control type="label">
				<posx>0</posx>
				<posy>60</posy>
				<width>1860</width>
				<height>60</height>
				<label>ListItem.FileName: $INFO[ListItem.FileName]</label>
				<shadowcolor>black</shadowcolor>
			</control>
			<control type="label">
				<posx>0</posx>
				<posy>90</posy>
				<width>1860</width>
				<height>60</height>
				<label>ListItem.Path: $INFO[ListItem.Path]</label>
				<shadowcolor>black</shadowcolor>
			</control>
			<control type="label">
				<posx>0</posx>
				<posy>120</posy>
				<width>1860</width>
				<height>60</height>
				<label>ListItem.FolderName: $INFO[ListItem.FolderName]</label>
				<shadowcolor>black</shadowcolor>
			</control>
			<control type="label">
				<posx>0</posx>
				<posy>150</posy>
				<width>1860</width>
				<height>60</height>
				<label>ListItem.FileNameAndPath: $INFO[ListItem.FileNameAndPath]</label>
				<shadowcolor>black</shadowcolor>
			</control>
			<control type="label">
				<posx>0</posx>
				<posy>180</posy>
				<width>1860</width>
				<height>60</height>
				<label>ListItem.FolderPath: $INFO[ListItem.FolderPath]</label>
				<shadowcolor>black</shadowcolor>
			</control>
			<control type="label">
				<posx>0</posx>
				<posy>210</posy>
				<width>1860</width>
				<height>60</height>
				<label>ListItem.VideoCodec: $INFO[ListItem.VideoCodec]</label>
				<shadowcolor>black</shadowcolor>
				<visible>Window.IsVisible(Videos)</visible>
			</control>
			<control type="label">
				<posx>0</posx>
				<posy>240</posy>
				<width>1860</width>
				<height>60</height>
				<label>ListItem.VideoResolution: $INFO[ListItem.VideoResolution]</label>
				<shadowcolor>black</shadowcolor>
				<visible>Window.IsVisible(Videos)</visible>
			</control>
			<control type="label">
				<posx>0</posx>
				<posy>270</posy>
				<width>1860</width>
				<height>60</height>
				<label>ListItem.VideoAspect: $INFO[ListItem.VideoAspect]</label>
				<shadowcolor>black</shadowcolor>
				<visible>Window.IsVisible(Videos)</visible>
			</control>
			<control type="label">
				<posx>0</posx>
				<posy>300</posy>
				<width>1860</width>
				<height>60</height>
				<label>ListItem.AudioCodec: $INFO[ListItem.AudioCodec]</label>
				<shadowcolor>black</shadowcolor>
				<visible>Window.IsVisible(Videos)</visible>
			</control>
			<control type="label">
				<posx>0</posx>
				<posy>330</posy>
				<width>1860</width>
				<height>60</height>
				<label>ListItem.AudioChannels: $INFO[ListItem.AudioChannels]</label>
				<shadowcolor>black</shadowcolor>
				<visible>Window.IsVisible(Videos)</visible>
			</control>
			<control type="label">
				<posx>0</posx>
				<posy>360</posy>
				<width>1860</width>
				<height>60</height>
				<label>ListItem.AudioLanguage: $INFO[ListItem.AudioLanguage]</label>
				<shadowcolor>black</shadowcolor>
				<visible>Window.IsVisible(Videos)</visible>
			</control>
			<control type="label">
				<posx>0</posx>
				<posy>390</posy>
				<width>1860</width>
				<height>60</height>
				<label>Fanart.Image: $INFO[Fanart.Image]</label>
				<shadowcolor>black</shadowcolor>
			</control>
			<control type="label">
				<posx>0</posx>
				<posy>420</posy>
				<width>1860</width>
				<height>60</height>
				<label>ListItem.Property(Fanart_Image): $INFO[ListItem.Property(Fanart_Image)]</label>
				<shadowcolor>black</shadowcolor>
			</control>
			<control type="label">
				<posx>0</posx>
				<posy>450</posy>
				<width>1860</width>
				<height>60</height>
				<label>ListItem.Art(fanart): $INFO[ListItem.Art(fanart)]</label>
				<shadowcolor>black</shadowcolor>
			</control>
			<control type="label">
				<posx>0</posx>
				<posy>480</posy>
				<width>1860</width>
				<height>60</height>
				<label>ListItem.Art(poster): $INFO[ListItem.Art(poster)]</label>
				<shadowcolor>black</shadowcolor>
			</control>
			<control type="label">
				<posx>0</posx>
				<posy>510</posy>
				<width>1860</width>
				<height>60</height>
				<label>ListItem.Art(banner): $INFO[ListItem.Art(banner)]</label>
				<shadowcolor>black</shadowcolor>
			</control>
			<control type="label">
				<posx>0</posx>
				<posy>540</posy>
				<width>1860</width>
				<height>60</height>
				<label>ListItem.Art(thumb): $INFO[ListItem.Art(thumb)]</label>
				<shadowcolor>black</shadowcolor>
			</control>
			<control type="label">
				<posx>0</posx>
				<posy>570</posy>
				<width>1860</width>
				<height>60</height>
				<label>ListItem.Thumb: $INFO[ListItem.Thumb]</label>
				<shadowcolor>black</shadowcolor>
			</control>
			<control type="label">
				<posx>0</posx>
				<posy>600</posy>
				<width>1860</width>
				<height>60</height>
				<label>ListItem.Icon: $INFO[ListItem.Icon]</label>
				<shadowcolor>black</shadowcolor>
			</control>
		</control>
	</include>
	<include name="debuginfovideoplayer">
		<control type="group">
			<posx>30</posx>
			<posy>150</posy>
			<visible>Skin.HasSetting(DebugMode)</visible>
			<control type="label">
				<posx>0</posx>
				<posy>0</posy>
				<width>1860</width>
				<height>60</height>
				<label>VideoPlayer.SubtitleLanguage: $INFO[VideoPlayer.SubtitleLanguage]</label>
				<shadowcolor>black</shadowcolor>
			</control>
			<control type="label">
				<posx>0</posx>
				<posy>30</posy>
				<width>1860</width>
				<height>60</height>
				<label>VideoPlayer.VideoCodec: $INFO[VideoPlayer.VideoCodec]</label>
				<shadowcolor>black</shadowcolor>
			</control>
			<control type="label">
				<posx>0</posx>
				<posy>60</posy>
				<width>1860</width>
				<height>60</height>
				<label>VideoPlayer.VideoResolution: $INFO[VideoPlayer.VideoResolution]</label>
				<shadowcolor>black</shadowcolor>
			</control>
			<control type="label">
				<posx>0</posx>
				<posy>90</posy>
				<width>1860</width>
				<height>60</height>
				<label>VideoPlayer.VideoAspect: $INFO[VideoPlayer.VideoAspect]</label>
				<shadowcolor>black</shadowcolor>
			</control>
			<control type="label">
				<posx>0</posx>
				<posy>120</posy>
				<width>1860</width>
				<height>60</height>
				<label>VideoPlayer.AudioCodec: $INFO[VideoPlayer.AudioCodec]</label>
				<shadowcolor>black</shadowcolor>
			</control>
			<control type="label">
				<posx>0</posx>
				<posy>150</posy>
				<width>1860</width>
				<height>60</height>
				<label>VideoPlayer.AudioChannels: $INFO[VideoPlayer.AudioChannels]</label>
				<shadowcolor>black</shadowcolor>
			</control>
			<control type="label">
				<posx>0</posx>
				<posy>180</posy>
				<width>1860</width>
				<height>60</height>
				<label>Player.FolderPath: $INFO[Player.FolderPath]</label>
				<shadowcolor>black</shadowcolor>
			</control>
			<control type="label">
				<posx>0</posx>
				<posy>210</posy>
				<width>1860</width>
				<height>60</height>
				<label>Player.FileNameAndPath: $INFO[Player.FileNameAndPath]</label>
				<shadowcolor>black</shadowcolor>
			</control>
		</control>
	</include>
	<include name="debuginfomusicplayer">
		<control type="group">
			<posx>30</posx>
			<posy>150</posy>
			<visible>Skin.HasSetting(DebugMode)</visible>
			<control type="label">
				<posx>0</posx>
				<posy>0</posy>
				<width>1860</width>
				<height>60</height>
				<label>MusicPlayer.Codec: $INFO[MusicPlayer.Codec]</label>
				<shadowcolor>black</shadowcolor>
			</control>
			<control type="label">
				<posx>0</posx>
				<posy>30</posy>
				<width>1860</width>
				<height>60</height>
				<label>Player.FolderPath: $INFO[Player.FolderPath]</label>
				<shadowcolor>black</shadowcolor>
			</control>
			<control type="label">
				<posx>0</posx>
				<posy>60</posy>
				<width>1860</width>
				<height>60</height>
				<label>Player.FileNameAndPath: $INFO[Player.FileNameAndPath]</label>
				<shadowcolor>black</shadowcolor>
			</control>
			<control type="label">
				<posx>0</posx>
				<posy>90</posy>
				<width>1860</width>
				<height>60</height>
				<label>MusicPlayer.Property(Fanart_Image): $INFO[MusicPlayer.Property(Fanart_Image)]</label>
				<shadowcolor>black</shadowcolor>
			</control>
		</control>
	</include>
</includes>
