<?xml version="1.0" encoding="UTF-8"?>
<includes>
	<include name="T-Level">
		<include condition="Skin.String(Trans,10)">T-Level10</include>
		<include condition="Skin.String(Trans,20)">T-Level20</include>
		<include condition="Skin.String(Trans,30)">T-Level30</include>
		<include condition="Skin.String(Trans,40)">T-Level40</include>
		<include condition="Skin.String(Trans,50)">T-Level50</include>
		<include condition="Skin.String(Trans,60)">T-Level60</include>
		<include condition="Skin.String(Trans,70)">T-Level70</include>
		<include condition="Skin.String(Trans,80)">T-Level80</include>
		<include condition="Skin.String(Trans,90)">T-Level90</include>
		<include condition="Skin.String(Trans,100)">T-Level100</include>
	</include>
	<include name="T-Level-SB">
		<include condition="Skin.String(Trans,10)">T-Level-SB10</include>
		<include condition="Skin.String(Trans,20)">T-Level-SB20</include>
		<include condition="Skin.String(Trans,30)">T-Level-SB30</include>
		<include condition="Skin.String(Trans,40)">T-Level-SB40</include>
		<include condition="Skin.String(Trans,50)">T-Level-SB50</include>
		<include condition="Skin.String(Trans,60)">T-Level-SB60</include>
		<include condition="Skin.String(Trans,70)">T-Level-SB70</include>
		<include condition="Skin.String(Trans,80)">T-Level-SB80</include>
		<include condition="Skin.String(Trans,90)">T-Level-SB90</include>
		<include condition="Skin.String(Trans,100)">T-Level-SB100</include>
	</include>
	<include name="T-Level10">
		<colordiffuse>18FFFFFF</colordiffuse>
	</include>
	<include name="T-Level20">
		<colordiffuse>2FFFFFFF</colordiffuse>
	</include>
	<include name="T-Level30">
		<colordiffuse>48FFFFFF</colordiffuse>
	</include>
	<include name="T-Level40">
		<colordiffuse>5FFFFFFF</colordiffuse>
	</include>
	<include name="T-Level50">
		<colordiffuse>78FFFFFF</colordiffuse>
	</include>
	<include name="T-Level60">
		<colordiffuse>8FFFFFFF</colordiffuse>
	</include>
	<include name="T-Level70">
		<colordiffuse>A8FFFFFF</colordiffuse>
	</include>
	<include name="T-Level80">
		<colordiffuse>BFFFFFFF</colordiffuse>
	</include>
	<include name="T-Level90">
		<colordiffuse>DFFFFFFF</colordiffuse>
	</include>
	<include name="T-Level100">
		<colordiffuse>FFFFFFFF</colordiffuse>
	</include>
	<include name="T-Level-SB10">
		<colordiffuse>98FFFFFF</colordiffuse>
	</include>
	<include name="T-Level-SB20">
		<colordiffuse>AFFFFFFF</colordiffuse>
	</include>
	<include name="T-Level-SB30">
		<colordiffuse>B8FFFFFF</colordiffuse>
	</include>
	<include name="T-Level-SB40">
		<colordiffuse>BFFFFFFF</colordiffuse>
	</include>
	<include name="T-Level-SB50">
		<colordiffuse>CBFFFFFF</colordiffuse>
	</include>
	<include name="T-Level-SB60">
		<colordiffuse>D8FFFFFF</colordiffuse>
	</include>
	<include name="T-Level-SB70">
		<colordiffuse>DFFFFFFF</colordiffuse>
	</include>
	<include name="T-Level-SB80">
		<colordiffuse>E8FFFFFF</colordiffuse>
	</include>
	<include name="T-Level-SB90">
		<colordiffuse>F4FFFFFF</colordiffuse>
	</include>
	<include name="T-Level-SB100">
		<colordiffuse>FFFFFFFF</colordiffuse>
	</include>
	<include name="T-Black1">
		<control type="image">
			<posx>0</posx>
			<posy>1038</posy>
			<width>1920</width>
			<height>42</height>
			<texture>black.png</texture>
			<colordiffuse>80000000</colordiffuse>
			<visible>!IsEmpty(Window.Property(Alerts.RSS))</visible>
		</control>
	</include>
	<include name="T-Header1">
		<control type="image">
			<posx>0</posx>
			<posy>0</posy>
			<width>1920</width>
			<height>111</height>
			<texture>Header.png</texture>
			<include>T-Level</include>
		</control>
	</include>
	<include name="T-Footer1">
		<control type="image">
			<posx>0</posx>
			<posy>99r</posy>
			<width>1920</width>
			<height>99</height>
			<texture>Footer.png</texture>
			<include>T-Level</include>
		</control>
	</include>
	<include name="T-Panel1">
		<control type="image">
			<posx>230</posx>
			<posy>132</posy>
			<width>1464</width>
			<height>818</height>
			<texture border="30">panel.png</texture>
			<bordertexture border="45">panel-shadow.png</bordertexture>
			<bordersize>22</bordersize>
			<animation effect="zoom" start="230,132,976,545" end="230,132,976,391" time="300" condition="Control.IsVisible(50) + Skin.HasSetting(FanartShort)">Conditional</animation>
			<animation effect="zoom" start="230,132,976,545" end="230,132,976,820" time="300" condition="Control.IsVisible(50) + Skin.HasSetting(FanartLong)">Conditional</animation>
			<animation effect="zoom" start="230,132,976,545" end="0,30,1280,645" time="300" condition="[Window.IsVisible(TVGuide) | Window.IsVisible(RadioGuide)] + Control.IsVisible(10)">Conditional</animation>
			<animation effect="fade" start="100" end="0" time="300" condition="Window.IsVisible(SkinSettings) + [Skin.String(SkinSettings,8) | Skin.String(SkinSettings,9)]">Conditional</animation>
			<include>T-Level</include>
		</control>
	</include>
	<include name="T-Panel3">
		<control type="image">
			<posx>124</posx>
			<posy>57</posy>
			<width>1671</width>
			<height>690</height>
			<texture border="30">panel.png</texture>
			<bordersize>22</bordersize>
			<include>T-Level</include>
		</control>
	</include>
	<include name="T-Panel4">
		<control type="image">
			<posx>450</posx>
			<posy>64</posy>
			<width>1605</width>
			<height>300</height>
			<texture border="30">panel.png</texture>
			<include>T-Level</include>
		</control>
	</include>
	<include name="T-Panel5">
		<control type="image">
			<posx>510</posx>
			<posy>64</posy>
			<width>1605</width>
			<height>300</height>
			<texture border="30">panel.png</texture>
			<include>T-Level</include>
		</control>
	</include>
	<include name="T-Panel7">
		<control type="image">
			<posx>0</posx>
			<posy>0</posy>
			<width>1200</width>
			<height>788</height>
			<texture border="30">panel.png</texture>
			<bordertexture border="45">panel-shadow.png</bordertexture>
			<bordersize>22</bordersize>
			<include>T-Level</include>
		</control>
	</include>
	<include name="T-Panel8">
		<control type="image">
			<posx>80</posx>
			<posy>132</posy>
			<width>1764</width>
			<height>900</height>
			<texture border="30">panel.png</texture>
			<bordertexture border="45">panel-shadow.png</bordertexture>
			<bordersize>22</bordersize>
			<include>T-Level</include>
		</control>
	</include>
	<include name="T-Panel9">
		<control type="image">
			<posx>0</posx>
			<posy>30</posy>
			<width>450</width>
			<height>675</height>
			<texture border="30">panel.png</texture>
			<bordertexture border="45">panel-shadow.png</bordertexture>
			<bordersize>22</bordersize>
			<include>T-Level</include>
		</control>
	</include>
	<include name="T-Panel10">
		<control type="image">
			<posx>124</posx>
			<posy>81</posy>
			<width>1671</width>
			<height>975</height>
			<colordiffuse>AAFFFFFF</colordiffuse>
			<texture border="30">panel.png</texture>
			<bordertexture border="45">panel-shadow.png</bordertexture>
			<bordersize>22</bordersize>
			<include>T-Level</include>
		</control>
	</include>
	<include name="T-Button_Home_NoFocus1">
		<control type="image">
			<posx>0</posx>
			<posy>0</posy>
			<height>60</height>
			<texture border="15">Button_Home_NoFocus.png</texture>
			<include condition="!Skin.HasSetting(WideHomeMenu)">HomeButtonNormal</include>
			<include condition="Skin.HasSetting(WideHomeMenu)">HomeButtonWide</include>
			<include>T-Level</include>
		</control>
	</include>
	<include name="T-Button_Home_NoFocus2">
		<control type="image">
			<posx>0</posx>
			<posy>0</posy>
			<height>60</height>
			<texture border="15">Button_Home_NoFocus.png</texture>
			<include condition="!Skin.HasSetting(WideHomeMenu)">HomeButtonNormal</include>
			<include condition="Skin.HasSetting(WideHomeMenu)">HomeButtonWide</include>
			<visible>!Control.HasFocus(5040)</visible>
			<include>T-Level</include>
		</control>
	</include>
	<include name="T-Button_Home_Focus1">
		<control type="image">
			<posx>0</posx>
			<posy>0</posy>
			<height>60</height>
			<texture border="15">Button_Home_Focus.png</texture>
			<animation effect="fade" start="100" end="90" time="900" pulse="true" condition="Control.HasFocus(5040)">conditional</animation>
			<visible>Control.HasFocus(5040)</visible>
			<include condition="!Skin.HasSetting(WideHomeMenu)">HomeButtonNormal</include>
			<include condition="Skin.HasSetting(WideHomeMenu)">HomeButtonWide</include>
			<include>T-Level</include>
		</control>
	</include>
	<include name="T-Button_Home_NoFocus_Hor1">
		<control type="image">
			<posx>0</posx>
			<posy>0</posy>
			<width>320</width>
			<height>60</height>
			<texture border="15">Button_Home_NoFocus_Hor.png</texture>
			<include>T-Level</include>
		</control>
	</include>
	<include name="T-Button_Home_NoFocus_Hor2">
		<control type="image">
			<posx>0</posx>
			<posy>0</posy>
			<width>320</width>
			<height>60</height>
			<texture border="15">Button_Home_NoFocus_Hor.png</texture>
			<visible>!Control.HasFocus(5040)</visible>
			<include>T-Level</include>
		</control>
	</include>
	<include name="T-Button_Home_Focus_Hor1">
		<control type="image">
			<posx>0</posx>
			<posy>0</posy>
			<width>320</width>
			<height>60</height>
			<texture border="15">Button_Home_Focus_Hor.png</texture>
			<animation effect="fade" start="100" end="90" time="900" pulse="true" condition="Control.HasFocus(5040)">conditional</animation>
			<visible>Control.HasFocus(5040)</visible>
			<include>T-Level</include>
		</control>
	</include>
	<include name="T-Button_Home_NoFocus_Hor_Wide1">
		<control type="image">
			<posx>0</posx>
			<posy>0</posy>
			<width>356</width>
			<height>60</height>
			<texture border="15">Button_Home_NoFocus_Hor.png</texture>
			<include>T-Level</include>
		</control>
	</include>
	<include name="T-Button_Home_NoFocus_Hor_Wide2">
		<control type="image">
			<posx>0</posx>
			<posy>0</posy>
			<width>356</width>
			<height>60</height>
			<texture border="15">Button_Home_NoFocus_Hor.png</texture>
			<visible>!Control.HasFocus(5040)</visible>
			<include>T-Level</include>
		</control>
	</include>
	<include name="T-Button_Home_Focus_Hor_Wide1">
		<control type="image">
			<posx>0</posx>
			<posy>0</posy>
			<width>356</width>
			<height>60</height>
			<texture border="15">Button_Home_Focus_Hor.png</texture>
			<animation effect="fade" start="100" end="90" time="900" pulse="true" condition="Control.HasFocus(5040)">conditional</animation>
			<visible>Control.HasFocus(5040)</visible>
			<include>T-Level</include>
		</control>
	</include>
	<include name="T-ButtonCommonValues1">
		<texturefocus border="10">Button_Side_Focus2.png</texturefocus>
		<texturenofocus border="10">Button_Side_NoFocus2.png</texturenofocus>
		<include>T-Level-SB</include>
	</include>
	<include name="T-ButtonToggleCommonValues1">
		<alttexturefocus border="10">Button_Side_Focus2.png</alttexturefocus>
		<alttexturenofocus border="10">Button_Side_NoFocus2.png</alttexturenofocus>
		<include>T-Level-SB</include>
	</include>
	<include name="T-Home_Ver_Sub">
		<control type="image">
			<posx>298</posx>
			<posy>328</posy>
			<width>315</width>
			<height>420</height>
			<texture border="0,30,30,30">submenu-ver.png</texture>
			<include condition="!Skin.HasSetting(WideHomeMenu)">VerticalSubMenuButtonAnim</include>
			<include condition="Skin.HasSetting(WideHomeMenu)">VerticalSubMenuButtonAnimWide</include>
			<animation effect="slide" start="0,0" end="75,0" time="0" condition="Skin.HasSetting(WideHomeMenu)">Conditional</animation>
			<visible>ControlGroup(8000).HasFocus</visible>
			<include>T-Level</include>
		</control>
	</include>
	<include name="T-Home_Hor_Sub">
		<control type="image">
			<posx>172</posx>
			<posy>849</posy>
			<width>1575</width>
			<height>52</height>
			<texture border="30,0,30,0">submenu-hor.png</texture>
			<animation effect="zoom" start="172,902,1050,1" end="172,849,1050,35" time="200">Visible</animation>
			<animation effect="zoom" start="172,849,1050,35" end="172,902,1050,1" time="200">Hidden</animation>
			<visible>ControlGroup(8000).HasFocus</visible>
			<include>T-Level</include>
		</control>
	</include>
	<include name="T-Gradient1">
		<control type="image">
			<posx>645</posx>
			<posy>0</posy>
			<width>900</width>
			<height>225</height>
			<texture border="2">gradient.png</texture>
			<include>T-Level</include>
		</control>
	</include>
	<include name="T-Gradient2">
		<control type="image">
			<posx>-8</posx>
			<posy>75</posy>
			<width>900</width>
			<height>135</height>
			<texture border="3">gradient2.png</texture>
			<visible>[!Container.Content(Movies) + !Container.Content(Episodes) + !Container.Content(MusicVideos)] | Control.IsVisible(592)</visible>
			<include>T-Level</include>
		</control>
	</include>
	<include name="T-Gradient3">
		<control type="image">
			<posx>-8</posx>
			<posy>135</posy>
			<width>900</width>
			<height>75</height>
			<texture border="3">gradient2.png</texture>
			<visible>[Container.Content(Movies) | Container.Content(Episodes) | Container.Content(MusicVideos)] + !Control.IsVisible(592)</visible>
			<include>T-Level</include>
		</control>
	</include>
	<include name="T-Gradient4">
		<control type="image">
			<posx>-30</posx>
			<posy>0</posy>
			<width>750</width>
			<height>120</height>
			<texture border="2">gradient2.png</texture>
			<include>T-Level</include>
		</control>
	</include>
	<include name="T-Gradient6">
		<control type="image">
			<posx>-8</posx>
			<posy>75</posy>
			<width>900</width>
			<height>135</height>
			<texture border="3">gradient2.png</texture>
			<visible>[!Container.Content(Movies) + !Container.Content(Episodes) + !Container.Content(MusicVideos)] | Control.IsVisible(592)</visible>
			<include>T-Level</include>
		</control>
	</include>
	<include name="T-Gradient7">
		<control type="image">
			<posx>-8</posx>
			<posy>135</posy>
			<width>900</width>
			<height>75</height>
			<texture border="3">gradient2.png</texture>
			<visible>[Container.Content(Movies) | Container.Content(Episodes) | Container.Content(MusicVideos)] + !Control.IsVisible(592)</visible>
			<include>T-Level</include>
		</control>
	</include>
	<include name="T-Gradient8">
		<control type="image">
			<posx>-3</posx>
			<posy>50</posy>
			<width>642</width>
			<height>258</height>
			<texture border="2">gradient-up.png</texture>
			<include>T-Level</include>
		</control>
	</include>
	<include name="T-Gradient9">
		<control type="image">
			<posx>-3</posx>
			<posy>50</posy>
			<width>642</width>
			<height>258</height>
			<texture border="2">gradient-down.png</texture>
			<include>T-Level</include>
		</control>
	</include>
	<include name="T-KeyboardInput1">
		<control type="image">
			<posx>502</posx>
			<posy>45</posy>
			<width>936</width>
			<height>90</height>
			<texture border="0,45,0,0">keyboard-input.png</texture>
			<animation effect="zoom" start="502,135,624,1" end="502,45,624,60" time="300" delay="300">WindowOpen</animation>
			<animation effect="zoom" start="502,45,624,60" end="502,135,624,1" time="200" delay="150">WindowClose</animation>
			<include>T-Level</include>
		</control>
	</include>
	<include name="T-KeyboardInput2">
		<control type="image">
			<posx>820</posx>
			<posy>30</posy>
			<width>303</width>
			<height>135</height>
			<texture border="45,45,45,0">keyboard-input.png</texture>
			<animation effect="zoom" start="820,135,202,1" end="820,30,202,80" time="300" delay="300">WindowOpen</animation>
			<animation effect="zoom" start="820,30,202,80" end="820,135,202,1" time="200" delay="150">WindowClose</animation>
			<include>T-Level</include>
		</control>
	</include>
	<include name="T-KeyboardInput3">
		<control type="image">
			<posx>507</posx>
			<posy>0</posy>
			<width>936</width>
			<height>60</height>
			<texture border="0,40,0,0">keyboard-input.png</texture>
			<animation effect="zoom" start="507,60,624,1" end="507,0,624,40" time="300" delay="300">WindowOpen</animation>
			<animation effect="zoom" start="507,0,624,40" end="507,60,624,1" time="200" delay="150">WindowClose</animation>
			<visible>System.HasLoginScreen + System.LoggedOn</visible>
			<include>T-Level</include>
		</control>
	</include>
	<include name="T-KeyboardInputReverse1">
		<control type="image">
			<posx>75</posx>
			<posy>447</posy>
			<width>666</width>
			<height>117</height>
			<texture border="0,0,0,45">keyboard-input-reverse.png</texture>
			<animation effect="zoom" start="75,447,444,1" end="75,537,444,78" time="300" delay="300">WindowOpen</animation>
			<animation effect="zoom" start="75,537,444,78" end="75,447,444,1" time="200" delay="150">WindowClose</animation>
			<include>T-Level</include>
		</control>
	</include>
	<include name="T-KeyboardInputReverse2">
		<control type="image">
			<posx>507</posx>
			<posy>180</posy>
			<width>936</width>
			<height>90</height>
			<texture border="0,0,0,45">keyboard-input-reverse.png</texture>
			<animation effect="zoom" start="507,180,624,1" end="507,270,624,60" time="300" delay="300">WindowOpen</animation>
			<animation effect="zoom" start="507,270,624,60" end="507,180,624,1" time="200" delay="150">WindowClose</animation>
			<include>T-Level</include>
		</control>
	</include>
	<include name="T-SettingsHeader1">
		<control type="image">
			<posx>360</posx>
			<posy>108</posy>
			<width>1200</width>
			<height>78</height>
			<texture border="20">settings-header.png</texture>
			<include>T-Level</include>
		</control>
	</include>
	<include name="T-SettingsHeader2">
		<control type="image">
			<posx>360</posx>
			<posy>212</posy>
			<width>1200</width>
			<height>78</height>
			<texture border="20">settings-header.png</texture>
			<include>T-Level</include>
		</control>
	</include>
	<include name="T-Underlay11">
		<control type="image">
			<posx>0</posx>
			<posy>3</posy>
			<width>1920</width>
			<height>122</height>
			<texture diffuse="underlay-diffuse.png" border="0,10,0,10">underlay.png</texture>
			<visible>[Container.Content(Movies) + Skin.HasSetting(Enable_Movies_Media_Flags)] | [[Container.Content(TVShows) | Container.Content(Seasons)] + Skin.HasSetting(Enable_TVShows_Media_Flags)]</visible>
			<include>T-Level</include>
		</control>
	</include>
	<include name="T-Underlay12">
		<control type="image">
			<posx>0</posx>
			<posy>20</posy>
			<width>1920</width>
			<height>150</height>
			<texture diffuse="underlay-diffuse.png" border="0,10,0,10">underlay.png</texture>
			<visible>[Container.Content(Movies) + !Skin.HasSetting(Enable_Movies_Media_Flags)] | [[Container.Content(TVShows) | Container.Content(Seasons)] + !Skin.HasSetting(Enable_TVShows_Media_Flags)]</visible>
			<include>T-Level</include>
		</control>
	</include>
	<include name="T-Underlay14">
		<control type="image">
			<posx>0</posx>
			<posy>825</posy>
			<width>1312</width>
			<height>237</height>
			<texture border="10">underlay.png</texture>
			<visible>!Skin.HasSetting(Enable_Movies_Media_Flags)</visible>
			<include>T-Level</include>
		</control>
	</include>
	<include name="T-Underlay15">
		<control type="image">
			<posx>0</posx>
			<posy>825</posy>
			<width>1312</width>
			<height>184</height>
			<texture border="10">underlay.png</texture>
			<visible>Skin.HasSetting(Enable_Movies_Media_Flags)</visible>
			<include>T-Level</include>
		</control>
	</include>
	<include name="T-Underlay16">
		<control type="image">
			<posx>0</posx>
			<posy>783</posy>
			<width>1312</width>
			<height>279</height>
			<texture border="10">underlay.png</texture>
			<include>T-Level</include>
		</control>
	</include>
	<include name="T-Underlay18">
		<control type="image">
			<posx>0</posx>
			<posy>783</posy>
			<width>1312</width>
			<height>279</height>
			<texture border="10">underlay.png</texture>
			<visible>[Container.Content(Episodes) + !Skin.HasSetting(Enable_TVShows_Media_Flags)] | [Container.Content(MusicVideos) + !Skin.HasSetting(Enable_MusicVideos_Media_Flags)]</visible>
			<include>T-Level</include>
		</control>
	</include>
	<include name="T-Underlay19">
		<control type="image">
			<posx>0</posx>
			<posy>783</posy>
			<width>1312</width>
			<height>226</height>
			<texture border="10">underlay.png</texture>
			<visible>[Container.Content(Episodes) + Skin.HasSetting(Enable_TVShows_Media_Flags)] | [Container.Content(MusicVideos) + Skin.HasSetting(Enable_MusicVideos_Media_Flags)]</visible>
			<include>T-Level</include>
		</control>
	</include>
	<include name="T-Underlay110">
		<control type="image">
			<posx>0</posx>
			<posy>840</posy>
			<width>1312</width>
			<height>222</height>
			<texture border="10">underlay.png</texture>
			<include>T-Level</include>
		</control>
	</include>
	<include name="T-Underlay111">
		<control type="image">
			<posx>0</posx>
			<posy>840</posy>
			<width>1312</width>
			<height>222</height>
			<texture border="10">underlay.png</texture>
			<visible>!Container.Content(MusicVideos)</visible>
			<include>T-Level</include>
		</control>
	</include>
	<include name="T-Underlay112">
		<control type="image">
			<posx>0</posx>
			<posy>878</posy>
			<width>1312</width>
			<height>172</height>
			<texture border="10">underlay.png</texture>
			<include>T-Level</include>
		</control>
	</include>
	<include name="T-Underlay113">
		<control type="image">
			<posx>0</posx>
			<posy>6</posy>
			<width>1920</width>
			<height>136</height>
			<texture diffuse="underlay-diffuse.png" border="0,10,0,10">underlay.png</texture>
			<include>T-Level</include>
		</control>
	</include>
	<include name="T-Underlay114">
		<control type="image">
			<posx>0</posx>
			<posy>20</posy>
			<width>1920</width>
			<height>122</height>
			<texture diffuse="underlay-diffuse.png" border="0,10,0,10">underlay.png</texture>
			<visible>Skin.HasSetting(Enable_Movies_Media_Flags)</visible>
			<include>T-Level</include>
		</control>
	</include>
	<include name="T-Underlay115">
		<control type="image">
			<posx>0</posx>
			<posy>20</posy>
			<width>1920</width>
			<height>150</height>
			<texture diffuse="underlay-diffuse.png" border="0,10,0,10">underlay.png</texture>
			<visible>!Skin.HasSetting(Enable_Movies_Media_Flags)</visible>
			<include>T-Level</include>
		</control>
	</include>
	<include name="T-Underlay116">
		<control type="image">
			<posx>0</posx>
			<posy>783</posy>
			<width>1312</width>
			<height>279</height>
			<texture border="10">underlay.png</texture>
			<visible>Container.Content(MusicVideos)</visible>
			<include>T-Level</include>
		</control>
	</include>
	<include name="T-Underlay117">
		<control type="image">
			<posx>0</posx>
			<posy>878</posy>
			<width>1312</width>
			<height>172</height>
			<texture border="10">underlay.png</texture>
			<include>T-Level</include>
		</control>
	</include>
	<include name="T-Underlay118">
		<control type="image">
			<posx>0</posx>
			<posy>840</posy>
			<width>1312</width>
			<height>210</height>
			<texture border="10">underlay.png</texture>
			<include>T-Level</include>
		</control>
	</include>
	<include name="T-Underlay119">
		<control type="image">
			<posx>0</posx>
			<posy>172</posy>
			<width>1920</width>
			<height>780</height>
			<texture diffuse="underlay-diffuse.png" border="0,10,0,10">underlay.png</texture>
			<include>Window_OpenClose_Animation</include>
			<include>T-Level</include>
		</control>
	</include>
	<include name="T-Underlay120">
		<control type="image">
			<posx>0</posx>
			<posy>278</posy>
			<width>1920</width>
			<height>630</height>
			<texture diffuse="underlay-diffuse.png" border="0,10,0,10">underlay.png</texture>
			<include>Window_OpenClose_Animation</include>
			<include>T-Level</include>
		</control>
	</include>
	<include name="T-Underlay21">
		<control type="image">
			<posx>135</posx>
			<posy>723</posy>
			<width>1650</width>
			<height>315</height>
			<texture diffuse="underlay-diffuse.png" border="20">underlay2.png</texture>
			<include>T-Level</include>
		</control>
	</include>
	<include name="T-Underlay22">
		<control type="image">
			<posx>495</posx>
			<posy>927</posy>
			<width>939</width>
			<height>63</height>
			<texture diffuse="underlay2-diffuse.png" border="4">underlay2.png</texture>
			<visible>!Skin.HasSetting(Enable_TVShows_Media_Flags) + Container.Content(Episodes)</visible>
			<include>T-Level</include>
		</control>
	</include>
	<include name="T-Underlay23">
		<control type="image">
			<posx>495</posx>
			<posy>927</posy>
			<width>939</width>
			<height>63</height>
			<texture diffuse="underlay2-diffuse.png" border="4">underlay2.png</texture>
			<visible>!Skin.HasSetting(Enable_MusicVideos_Media_Flags) + Container.Content(MusicVideos)</visible>
			<include>T-Level</include>
		</control>
	</include>
	<include name="T-Underlay25">
		<control type="image">
			<posx>495</posx>
			<posy>927</posy>
			<width>939</width>
			<height>63</height>
			<texture diffuse="underlay2-diffuse.png" border="4">underlay2.png</texture>
			<visible>!Skin.HasSetting(Enable_Movies_Media_Flags) + Container.Content(Movies)</visible>
			<include>T-Level</include>
		</control>
	</include>
	<include name="T-Underlay26">
		<control type="image">
			<posx>495</posx>
			<posy>927</posy>
			<width>939</width>
			<height>63</height>
			<texture diffuse="underlay2-diffuse.png" border="4">underlay2.png</texture>
			<include>T-Level</include>
			<visible>PVR.HasTimer</visible>
		</control>
	</include>
	<include name="T-Underlay27">
		<control type="image">
			<posx>0</posx>
			<posy>50</posy>
			<width>1920</width>
			<height>516</height>
			<texture diffuse="underlay-diffuse.png" border="100,2,100,2">underlay2.png</texture>
			<include>T-Level</include>
		</control>
	</include>
	<include name="T-Underlay28">
		<control type="image">
			<posx>0</posx>
			<posy>566</posy>
			<width>1920</width>
			<height>516</height>
			<texture diffuse="underlay-diffuse.png" border="100,2,100,2">underlay2.png</texture>
			<include>T-Level</include>
		</control>
	</include>
	<include name="T-Underlay29">
		<control type="image">
			<posx>0</posx>
			<posy>50</posy>
			<width>1920</width>
			<height>1035</height>
			<texture diffuse="underlay-diffuse.png" border="100,2,100,2">underlay2.png</texture>
			<include>T-Level</include>
		</control>
	</include>
	<include name="T-Underlay36">
		<control type="image">
			<posx>450</posx>
			<posy>-142</posy>
			<width>1470</width>
			<height>405</height>
			<texture diffuse="underlay-diffuse.png" border="0,11,0,11">underlay3.png</texture>
			<include>T-Level</include>
		</control>
	</include>
	<include name="T-Underlay42">
		<control type="image">
			<posx>0</posx>
			<posy>8</posy>
			<width>1920</width>
			<height>165</height>
			<texture border="0,11,0,11">underlay4.png</texture>
			<include>T-Level</include>
		</control>
	</include>
	<include name="T-Underlay51">
		<control type="image">
			<posx>240</posx>
			<posy>190</posy>
			<width>1440</width>
			<height>508</height>
			<texture diffuse="underlay5-diffuse.png" border="0,10,0,10">underlay5.png</texture>
			<include>T-Level</include>
		</control>
	</include>
	<include name="T-Underlay52">
		<control type="image">
			<posx>-90</posx>
			<posy>960</posy>
			<width>1920</width>
			<height>120</height>
			<texture border="10">underlay5.png</texture>
			<include>T-Level</include>
		</control>
	</include>
	<include name="T-Underlay53">
		<control type="image">
			<posx>0</posx>
			<posy>831</posy>
			<width>1920</width>
			<height>267</height>
			<texture border="10">underlay5.png</texture>
			<include>Window_OpenClose_Visible_FanartInfo_Animation</include>
			<include>T-Level</include>
			<visible>Control.IsVisible(590)</visible>
		</control>
	</include>
	<include name="T-Underlay54">
		<control type="image">
			<posx>360</posx>
			<posy>945</posy>
			<width>1200</width>
			<height>123</height>
			<texture diffuse="underlay-diffuse.png" border="0,10,0,10">underlay5.png</texture>
			<include>T-Level</include>
		</control>
	</include>
	<include name="T-Underlay55">
		<control type="image">
			<posx>360</posx>
			<posy>960</posy>
			<width>1200</width>
			<height>150</height>
			<texture diffuse="underlay-diffuse.png" border="0,10,0,10">underlay5.png</texture>
			<include>T-Level</include>
		</control>
	</include>
	<include name="T-Underlay56">
		<control type="image">
			<posx>0</posx>
			<posy>0</posy>
			<width>1020</width>
			<height>150</height>
			<texture diffuse="underlay-diffuse.png" border="0,10,0,10">underlay5.png</texture>
			<include>T-Level</include>
		</control>
	</include>
	<include name="T-Underlay57">
		<control type="image">
			<posx>240</posx>
			<posy>188</posy>
			<width>1440</width>
			<height>225</height>
			<texture diffuse="underlay5-diffuse.png" border="0,10,0,10">underlay5.png</texture>
			<include>T-Level</include>
		</control>
	</include>
</includes>
