<?xml version="1.0" encoding="UTF-8"?>
<includes>
	<include name="MusicMediaFlags">
		<control type="group">
			<posx>1155</posx>
			<posy>945</posy>
			<width>154</width>
			<height>114</height>
			<!-- Audio Codec (ListItem) -->
			<control type="image">
				<posx>0</posx>
				<posy>0</posy>
				<width>154</width>
				<height>114</height>
				<animation effect="zoom" start="0" end="65" time="0" condition="Control.IsVisible(56) | Control.IsVisible(592)">Conditional</animation>
				<texture fallback="mediaflag-audiocodec.png">$VAR[IncludesMediaFlagsMusic]</texture>
				<visible>[Container.Content(Songs) | Window.IsVisible(MusicFiles)] + ![Window.IsVisible(MusicPlaylist) + Player.HasAudio] + !stringcompare(ListItem.Label,..)</visible>
			</control>
			<!-- Audio Codec (MusicPlayer) -->
			<control type="image">
				<posx>0</posx>
				<posy>0</posy>
				<width>154</width>
				<height>114</height>
				<animation effect="zoom" start="0" end="65" time="0" condition="Control.IsVisible(56) | Control.IsVisible(592)">Conditional</animation>
				<texture fallback="mediaflag-audiocodec.png">$VAR[IncludesMediaFlagsMusicPlayer]</texture>
				<visible>Window.IsVisible(MusicPlaylist)</visible>
			</control>
			<!-- Record Label -->
			<control type="image">
				<posx>0</posx>
				<posy>0</posy>
				<width>154</width>
				<height>114</height>
				<texture>mediaflag.png</texture>
				<animation effect="zoom" start="0" end="65" time="0" condition="Control.IsVisible(56) | Control.IsVisible(592)">Conditional</animation>
				<visible>Container.Content(Albums) + !stringcompare(ListItem.Label,..)</visible>
			</control>
			<control type="image">
				<posx>15</posx>
				<posy>15</posy>
				<width>124</width>
				<height>84</height>
				<animation effect="zoom" start="0" end="65" time="0" condition="Control.IsVisible(56) | Control.IsVisible(592)">Conditional</animation>
				<animation effect="slide" start="0,0" end="1,1" time="0" condition="Control.IsVisible(56) | Control.IsVisible(592)">Conditional</animation>
				<texture fallback="mediaflag-recordlabel.png">flags/music/recordlabel/$INFO[ListItem.Property(Album_Label),,.png]</texture>
				<visible>Container.Content(Albums) + !stringcompare(ListItem.Label,..)</visible>
			</control>
		</control>
	</include>
</includes>
