<?xml version="1.0" encoding="UTF-8"?>
<includes>
	<include name="FullScreenVideoMediaFlags">
		<control type="image">
			<posx>0</posx>
			<posy>0</posy>
			<width>80</width>
			<height>60</height>
			<texture fallback="mediaflag-resolution.png">flags/movies/resolution/$INFO[VideoPlayer.VideoResolution,,.png]</texture>
		</control>
		<control type="image">
			<posx>75</posx>
			<posy>0</posy>
			<width>80</width>
			<height>60</height>
			<texture fallback="mediaflag-aspectratio.png">flags/movies/aspectratio/$INFO[VideoPlayer.VideoAspect,,.png]</texture>
		</control>
		<control type="image">
			<posx>150</posx>
			<posy>0</posy>
			<width>80</width>
			<height>60</height>
			<texture fallback="mediaflag-videocodec.png">flags/movies/videocodec/$INFO[VideoPlayer.VideoCodec,,.png]</texture>
		</control>
		<control type="image">
			<posx>225</posx>
			<posy>0</posy>
			<width>80</width>
			<height>60</height>
			<texture fallback="mediaflag-audiocodec.png">$VAR[IncludesMediaFlagsVideoFullScreenAudioCodec]</texture>
		</control>
		<control type="image">
			<posx>300</posx>
			<posy>0</posy>
			<width>80</width>
			<height>60</height>
			<texture fallback="mediaflag-rating.png">$VAR[IncludesMediaFlagsVideoFullScreenRating]</texture>
		</control>
		<control type="image">
			<posx>375</posx>
			<posy>0</posy>
			<width>80</width>
			<height>60</height>
			<texture>mediaflag.png</texture>
		</control>
		<control type="image">
			<posx>382</posx>
			<posy>8</posy>
			<width>64</width>
			<height>45</height>
			<texture fallback="mediaflag-studio.png">$VAR[IncludesMediaFlagsVideoFullScreenStudio]</texture>
		</control>
	</include>
</includes>
