<?xml version="1.0" encoding="UTF-8"?>
<includes>

	<include name="cdart-musicvisualisation">
		<control type="image">
			<description>dirty hack for showing cdart image</description>
			<width>300</width>
			<height>300</height>
			<posx>52</posx>
			<posy>-6</posy>
			<texture fallback="defaultdvdfull.png" diffuse="disc_mask.png" background="true">$INFO[Player.FolderPath,,cdart.png]</texture>
			<aspectratio>keep</aspectratio>
			<!--<include>cdartspin</include>
			<visible>![substring(Player.FolderPath,pvr://) | substring(Player.FolderPath,http://) | substring(Player.FolderPath,https://) | substring(Player.FolderPath,htsp://)]</visible>-->
		</control>
		<!--<control type="image">
			<description>dirty hack for showing cdart image</description>
			<width>300</width>
			<height>300</height>
			<posx>52</posx>
			<posy>-6</posy>
			<texture diffuse="disc_mask.png" background="true">disc.png</texture>
			<aspectratio>keep</aspectratio>
			<include>cdartspin</include>
			<visible>substring(Player.FolderPath,pvr://) | substring(Player.FolderPath,http://) | substring(Player.FolderPath,https://) | substring(Player.FolderPath,htsp://)</visible>
		</control>-->
	</include>
	<include name="clearart-dialogfullscreeninfo">
		<control type="image" id="7017">
			<description>dirty hack for showing clearart image (episodes in tv show folder)</description>
			<posx>15</posx>
			<posy>274</posy>
			<width>418</width>
			<height>236</height>
			<texture background="true">$INFO[Player.FolderPath,,clearart.png]</texture>
			<aspectratio align="center" aligny="bottom">keep</aspectratio>
			<include>VisibleFadeEffect</include>
			<animation effect="slide" start="-345,0" end="0,0" time="300">WindowOpen</animation>
			<animation effect="slide" start="0,0" end="-345,0" time="300">WindowClose</animation>
			<visible>![substring(Player.FolderPath,pvr://) | substring(Player.FolderPath,http://) | substring(Player.FolderPath,https://) | substring(Player.FolderPath,htsp://)]</visible>
		</control>
		<control type="image" id="7018">
			<description>dirty hack for showing clearart image (episodes in season folders)</description>
			<posx>15</posx>
			<posy>274</posy>
			<width>418</width>
			<height>236</height>
			<texture background="true">$INFO[Player.FolderPath,,../clearart.png]</texture>
			<aspectratio align="center" aligny="bottom">keep</aspectratio>
			<include>VisibleFadeEffect</include>
			<animation effect="slide" start="-345,0" end="0,0" time="300">WindowOpen</animation>
			<animation effect="slide" start="0,0" end="-345,0" time="300">WindowClose</animation>
			<visible>![substring(Player.FolderPath,pvr://) | substring(Player.FolderPath,http://) | substring(Player.FolderPath,https://) | substring(Player.FolderPath,htsp://)]</visible>
		</control>
	</include>
	<include name="clearart-dialogseekbar">
		<control type="image" id="7019">
			<description>dirty hack for showing clearart image (episodes in tv show folder)</description>
			<posx>1</posx>
			<posy>94</posy>
			<width>418</width>
			<height>236</height>
			<texture background="true">$INFO[Player.FolderPath,,clearart.png]</texture>
			<aspectratio align="right" aligny="bottom">keep</aspectratio>
			<include>VisibleFadeEffect</include>
			<visible>VideoPlayer.Content(Episodes) + Window.IsVisible(FullscreenVideo) + !Window.IsVisible(FullscreenInfo) + !Window.IsVisible(VideoOSD) + ![substring(Player.FolderPath,pvr://) | substring(Player.FolderPath,http://) | substring(Player.FolderPath,https://) | substring(Player.FolderPath,htsp://)]</visible>
		</control>
		<control type="image" id="7020">
			<description>dirty hack for showing clearart image (episodes in season folders)</description>
			<posx>1</posx>
			<posy>94</posy>
			<width>418</width>
			<height>236</height>
			<texture background="true">$INFO[Player.FolderPath,,../clearart.png]</texture>
			<aspectratio align="right" aligny="bottom">keep</aspectratio>
			<include>VisibleFadeEffect</include>
			<visible>VideoPlayer.Content(Episodes) + Window.IsVisible(FullscreenVideo) + !Window.IsVisible(FullscreenInfo) + !Window.IsVisible(VideoOSD) + ![substring(Player.FolderPath,pvr://) | substring(Player.FolderPath,http://) | substring(Player.FolderPath,https://) | substring(Player.FolderPath,htsp://)]</visible>
		</control>
	</include>
	<include name="fanartslideshow-musicvisualisation">
		<control type="multiimage" id="6101">
			<description>dirty hack for showing fanart slideshow</description>
			<posx>0</posx>
			<posy>0</posy>
			<width>1920</width>
			<height>1080</height>
			<imagepath background="true">$INFO[Player.FolderPath,,../extrafanart/]</imagepath>
			<aspectratio>scale</aspectratio>
			<timeperimage>5000</timeperimage>
			<randomize>true</randomize>
			<fadetime>750</fadetime>
			<include condition="Skin.HasSetting(Vis-Animation)">backgroundanimation2</include>
			<include>VisibleFadeEffect</include>
			<animation effect="fade" start="100" end="20" time="0" condition="![Window.IsVisible(Home) + Skin.HasSetting(HideHomeVizBackground)] + ![StringCompare(Visualisation.Name,waveform) | StringCompare(Visualisation.Name,opengl spectrum) | StringCompare(Visualisation.Name,directx spectrum)] + !Skin.HasSetting(Vis-Visualization)">Conditional</animation>
			<visible>Player.HasAudio + Skin.HasSetting(Vis-Slideshow) + ![substring(Player.FolderPath,pvr://) | substring(Player.FolderPath,http://) | substring(Player.FolderPath,https://) | substring(Player.FolderPath,htsp://)]</visible>
		</control>
	</include>
	<include name="fanart-mymusicplaylisteditor">
		<control type="image">
			<description>dirty hack for fanart in album and song view</description>
			<posx>0</posx>
			<posy>0</posy>
			<width>1920</width>
			<height>1080</height>
			<texture background="true">$INFO[ListItem.Path,,../fanart.jpg]</texture>
			<aspectratio>scale</aspectratio>
			<fadetime>FanartCrossfadeTime</fadetime>
			<include>VisibleFadeEffect</include>
			<include condition="Skin.HasSetting(AnimateFanart)">backgroundanimation</include>
			<visible>IsEmpty(ListItem.Property(Fanart_Image)) + IsEmpty(Fanart.Image) + ![substring(ListItem.Path,plugin://) | substring(Container.FolderPath,plugin://) | substring(Container.FolderPath,addon://)] + ![Player.HasVideo + Skin.HasSetting(VideoBackgrounds)]</visible>
		</control>
		<control type="image">
			<description>dirty hack for fanart for album up icon</description>
			<posx>0</posx>
			<posy>0</posy>
			<width>1920</width>
			<height>1080</height>
			<texture background="true">$INFO[Container.FolderPath,,fanart.jpg]</texture>
			<aspectratio>scale</aspectratio>
			<fadetime>FanartCrossfadeTime</fadetime>
			<include>VisibleFadeEffect</include>
			<include condition="Skin.HasSetting(AnimateFanart)">backgroundanimation</include>
			<visible>IsEmpty(ListItem.Property(Fanart_Image)) + IsEmpty(Fanart.Image) + ![substring(ListItem.Path,plugin://) | substring(Container.FolderPath,plugin://) | substring(Container.FolderPath,addon://)] + ![Player.HasVideo + Skin.HasSetting(VideoBackgrounds)]</visible>
		</control>
		<control type="image">
			<description>dirty hack for fanart in artist view and song up icon</description>
			<posx>0</posx>
			<posy>0</posy>
			<width>1920</width>
			<height>1080</height>
			<texture background="true">$INFO[ListItem.Path,,fanart.jpg]</texture>
			<aspectratio>scale</aspectratio>
			<fadetime>FanartCrossfadeTime</fadetime>
			<include>VisibleFadeEffect</include>
			<include condition="Skin.HasSetting(AnimateFanart)">backgroundanimation</include>
			<visible>IsEmpty(ListItem.Property(Fanart_Image)) + IsEmpty(Fanart.Image) + ![substring(ListItem.Path,plugin://) | substring(Container.FolderPath,plugin://) | substring(Container.FolderPath,addon://)] + ![Player.HasVideo + Skin.HasSetting(VideoBackgrounds)]</visible>
		</control>
	</include>
	<include name="fanart-mymusicsongs">
		<control type="image">
			<description>dirty hack for fanart in album and song view</description>
			<posx>0</posx>
			<posy>0</posy>
			<width>1920</width>
			<height>1080</height>
			<texture background="true">$INFO[ListItem.Path,,../fanart.jpg]</texture>
			<aspectratio>scale</aspectratio>
			<fadetime>FanartCrossfadeTime</fadetime>
			<include>VisibleFadeEffect</include>
			<include condition="Skin.HasSetting(AnimateFanart)">backgroundanimation</include>
			<visible>![substring(ListItem.Path,plugin://) | substring(ListItem.Path,special://musicplaylists/) | substring(Container.FolderPath,plugin://) | substring(Container.FolderPath,addon://)] + ![Player.HasVideo + Skin.HasSetting(VideoBackgrounds)]</visible>
		</control>
		<control type="image">
			<description>dirty hack for fanart for album up icon</description>
			<posx>0</posx>
			<posy>0</posy>
			<width>1920</width>
			<height>1080</height>
			<texture background="true">$INFO[Container.FolderPath,,fanart.jpg]</texture>
			<aspectratio>scale</aspectratio>
			<fadetime>FanartCrossfadeTime</fadetime>
			<include>VisibleFadeEffect</include>
			<include condition="Skin.HasSetting(AnimateFanart)">backgroundanimation</include>
			<visible>![substring(ListItem.Path,plugin://) | substring(ListItem.Path,special://musicplaylists/) | substring(Container.FolderPath,plugin://) | substring(Container.FolderPath,addon://)] + ![Player.HasVideo + Skin.HasSetting(VideoBackgrounds)]</visible>
		</control>
		<control type="image">
			<description>dirty hack for fanart in artist view and song up icon</description>
			<posx>0</posx>
			<posy>0</posy>
			<width>1920</width>
			<height>1080</height>
			<texture background="true">$INFO[listitem.fileNameAndPath,,fanart.jpg]</texture>
			<aspectratio>scale</aspectratio>
			<include>VisibleFadeEffect</include>
			<fadetime>FanartCrossfadeTime</fadetime>
			<include condition="Skin.HasSetting(AnimateFanart)">backgroundanimation</include>
			<visible>![substring(ListItem.Path,plugin://) | substring(ListItem.Path,special://musicplaylists/) | substring(Container.FolderPath,plugin://) | substring(Container.FolderPath,addon://)] + ![Player.HasVideo + Skin.HasSetting(VideoBackgrounds)]</visible>
		</control>
	</include>
	<include name="fanart-Programs_Pictures">
		<control type="image">
			<description>dirty hack for (inside folder) fanart in programs pictures</description>
			<posx>0</posx>
			<posy>0</posy>
			<width>1920</width>
			<height>1080</height>
			<texture background="true">$INFO[Container.FolderPath,,fanart.jpg]</texture>
			<aspectratio>scale</aspectratio>
			<fadetime>FanartCrossfadeTime</fadetime>
			<include>VisibleFadeEffect</include>
			<include condition="Skin.HasSetting(AnimateFanart)">backgroundanimation</include>
			<visible>IsEmpty(ListItem.Property(Fanart_Image)) + IsEmpty(Fanart.Image) + ![substring(ListItem.Path,androidapp://) | substring(Container.FolderPath,androidapp://) | substring(ListItem.Path,plugin://) | substring(ListItem.Path,special://) | substring(Container.FolderPath,plugin://) | substring(Container.FolderPath,addon://)] + ![Player.HasVideo + Skin.HasSetting(VideoBackgrounds)]</visible>
		</control>
		<control type="image">
			<description>dirty hack for (inside folder) fanart in programs pictures</description>
			<posx>0</posx>
			<posy>0</posy>
			<width>1920</width>
			<height>1080</height>
			<texture background="true">$INFO[ListItem.FolderPath,,fanart.jpg]</texture>
			<aspectratio>scale</aspectratio>
			<fadetime>FanartCrossfadeTime</fadetime>
			<include>VisibleFadeEffect</include>
			<include condition="Skin.HasSetting(AnimateFanart)">backgroundanimation</include>
			<visible>IsEmpty(ListItem.Property(Fanart_Image)) + IsEmpty(Fanart.Image) + ![substring(ListItem.Path,androidapp://) | substring(Container.FolderPath,androidapp://) | substring(ListItem.FolderPath,addons://) | substring(ListItem.Path,special://)] + ![Player.HasVideo + Skin.HasSetting(VideoBackgrounds)]</visible>
		</control>
	</include>
	<include name="fanart-extra-movies">
		<control type="multiimage" id="6102">
			<posx>0</posx>
			<posy>0</posy>
			<width>1920</width>
			<height>1080</height>
			<timeperimage>5000</timeperimage>
			<randomize>true</randomize>
			<fadetime>2000</fadetime>
			<imagepath background="true">$INFO[ListItem.Path]extrafanart/</imagepath>
			<aspectratio>scale</aspectratio>
			<include>VisibleFadeEffect</include>
			<include condition="Skin.HasSetting(AnimateFanart)">backgroundanimation</include>
			<visible>Container.Content(Movies) + !IsEmpty(ListItem.Path) + ![substring(ListItem.Path,plugin://) | substring(ListItem.Path,special://videoplaylists/) | substring(Container.FolderPath,plugin://) | substring(Container.FolderPath,addons://)] + ![Player.HasVideo + Skin.HasSetting(VideoBackgrounds)]</visible>
		</control>
	</include>
	<include name="fanart-extra-tvshows">
		<control type="multiimage" id="6105">
			<posx>0</posx>
			<posy>0</posy>
			<width>1920</width>
			<height>1080</height>
			<timeperimage>5000</timeperimage>
			<randomize>true</randomize>
			<fadetime>2000</fadetime>
			<imagepath background="true">$INFO[ListItem.Path,,extrafanart/]</imagepath>
			<aspectratio>scale</aspectratio>
			<include>VisibleFadeEffect</include>
			<include condition="Skin.HasSetting(AnimateFanart)">backgroundanimation</include>
			<visible>[Container.Content(TVShows) | Container.Content(Seasons)] + !IsEmpty(ListItem.Path) + ![substring(ListItem.Path,plugin://) | substring(ListItem.Path,special://videoplaylists/) | substring(Container.FolderPath,plugin://) | substring(Container.FolderPath,addons://)] + ![Player.HasVideo + Skin.HasSetting(VideoBackgrounds)]</visible>
		</control>
		<control type="multiimage" id="6106">
			<posx>0</posx>
			<posy>0</posy>
			<width>1920</width>
			<height>1080</height>
			<timeperimage>5000</timeperimage>
			<randomize>true</randomize>
			<fadetime>2000</fadetime>
			<imagepath background="true">$INFO[ListItem.Path,,../extrafanart/]</imagepath>
			<aspectratio>scale</aspectratio>
			<include>VisibleFadeEffect</include>
			<include condition="Skin.HasSetting(AnimateFanart)">backgroundanimation</include>
			<visible>Container.Content(Episodes) + !IsEmpty(ListItem.Path) + ![substring(ListItem.Path,plugin://) | substring(ListItem.Path,special://videoplaylists/) | substring(Container.FolderPath,plugin://) | substring(Container.FolderPath,addons://)] + ![Player.HasVideo + Skin.HasSetting(VideoBackgrounds)]</visible>
		</control>
	</include>
	<include name="fanart-extra-musicvideos">
		<control type="multiimage" id="6107">
			<posx>0</posx>
			<posy>0</posy>
			<width>1920</width>
			<height>1080</height>
			<timeperimage>5000</timeperimage>
			<randomize>true</randomize>
			<fadetime>2000</fadetime>
			<imagepath background="true">$INFO[ListItem.Path]extrafanart/</imagepath>
			<aspectratio>scale</aspectratio>
			<include>VisibleFadeEffect</include>
			<include condition="Skin.HasSetting(AnimateFanart)">backgroundanimation</include>
			<visible>[Container.Content(MusicVideos) | Container.Content(MusicVideos)] + !IsEmpty(ListItem.Path) + ![substring(ListItem.Path,plugin://) | substring(ListItem.Path,special://videoplaylists/) | substring(Container.FolderPath,plugin://) | substring(Container.FolderPath,addons://)] + ![Player.HasVideo + Skin.HasSetting(VideoBackgrounds)]</visible>
		</control>
	</include>
	<include name="fanart-extra-music">
		<control type="multiimage" id="6110">
			<posx>0</posx>
			<posy>0</posy>
			<width>1920</width>
			<height>1080</height>
			<timeperimage>5000</timeperimage>
			<randomize>true</randomize>
			<fadetime>2000</fadetime>
			<imagepath background="true">$INFO[Skin.String(Music_Folder_Path)]$INFO[ListItem.Artist,,/extrafanart/]</imagepath>
			<aspectratio>scale</aspectratio>
			<include>VisibleFadeEffect</include>
			<include condition="Skin.HasSetting(AnimateFanart)">backgroundanimation</include>
			<visible>[Container.Content(Artists) | Container.Content(Albums) | Container.Content(Songs)] + !stringcompare(ListItem.Label,..) + ![substring(ListItem.Path,plugin://) | substring(ListItem.Path,special://musicplaylists/) | substring(Container.FolderPath,plugin://) | substring(Container.FolderPath,addon://)] + ![Player.HasVideo + Skin.HasSetting(VideoBackgrounds)]</visible>
		</control>
	</include>
	<include name="fanart-extra-music-files">
		<control type="multiimage" id="6111">
			<posx>0</posx>
			<posy>0</posy>
			<width>1920</width>
			<height>1080</height>
			<timeperimage>5000</timeperimage>
			<randomize>true</randomize>
			<fadetime>2000</fadetime>
			<imagepath background="true">$INFO[ListItem.FileNameAndPath,,extrafanart/]</imagepath>
			<aspectratio>scale</aspectratio>
			<include>VisibleFadeEffect</include>
			<include condition="Skin.HasSetting(AnimateFanart)">backgroundanimation</include>
			<visible>![substring(ListItem.Path,plugin://) | substring(ListItem.Path,special://musicplaylists/) | substring(Container.FolderPath,plugin://) | substring(Container.FolderPath,addon://)] + ![Player.HasVideo + Skin.HasSetting(VideoBackgrounds)]</visible>
		</control>
		<control type="multiimage" id="6112">
			<posx>0</posx>
			<posy>0</posy>
			<width>1920</width>
			<height>1080</height>
			<timeperimage>5000</timeperimage>
			<randomize>true</randomize>
			<fadetime>2000</fadetime>
			<imagepath background="true">$INFO[Container.FolderPath,,extrafanart/]</imagepath>
			<aspectratio>scale</aspectratio>
			<include>VisibleFadeEffect</include>
			<include condition="Skin.HasSetting(AnimateFanart)">backgroundanimation</include>
			<visible>![substring(ListItem.Path,plugin://) | substring(ListItem.Path,special://musicplaylists/) | substring(Container.FolderPath,plugin://) | substring(Container.FolderPath,addon://)] + ![Player.HasVideo + Skin.HasSetting(VideoBackgrounds)]</visible>
		</control>
		<control type="multiimage" id="6113">
			<posx>0</posx>
			<posy>0</posy>
			<width>1920</width>
			<height>1080</height>
			<timeperimage>5000</timeperimage>
			<randomize>true</randomize>
			<fadetime>2000</fadetime>
			<imagepath background="true">$INFO[Container.FolderPath,,../extrafanart/]</imagepath>
			<aspectratio>scale</aspectratio>
			<include>VisibleFadeEffect</include>
			<include condition="Skin.HasSetting(AnimateFanart)">backgroundanimation</include>
			<visible>![substring(ListItem.Path,plugin://) | substring(ListItem.Path,special://musicplaylists/) | substring(Container.FolderPath,plugin://) | substring(Container.FolderPath,addon://)] + ![Player.HasVideo + Skin.HasSetting(VideoBackgrounds)]</visible>
		</control>
	</include>
	<include name="fanart-extra-programs">
		<control type="multiimage" id="6114">
			<posx>0</posx>
			<posy>0</posy>
			<width>1920</width>
			<height>1080</height>
			<timeperimage>5000</timeperimage>
			<randomize>true</randomize>
			<fadetime>2000</fadetime>
			<imagepath background="true">$INFO[Skin.String(Programs_Folder_Path)]$INFO[ListItem.label,,/extrafanart/]</imagepath>
			<aspectratio>scale</aspectratio>
			<include>VisibleFadeEffect</include>
			<include condition="Skin.HasSetting(AnimateFanart)">backgroundanimation</include>
			<visible>!stringcompare(ListItem.Label,..) + !IsEmpty(ListItem.Path) + ![Player.HasVideo + Skin.HasSetting(VideoBackgrounds)]</visible>
		</control>
	</include>
	<include name="fanart-seasons">
		<control type="image">
			<posx>0</posx>
			<posy>0</posy>
			<width>1920</width>
			<height>1080</height>
			<texture background="true">$INFO[ListItem.Path]$INFO[ListItem.Label,,/fanart.jpg]</texture>
			<aspectratio>scale</aspectratio>
			<fadetime>FanartCrossfadeTime</fadetime>
			<include>VisibleFadeEffect</include>
			<include condition="Skin.HasSetting(AnimateFanart)">backgroundanimation</include>
			<visible>Container.Content(Seasons) + !IsEmpty(ListItem.Path) + ![substring(ListItem.Path,plugin://) | substring(ListItem.Path,special://videoplaylists/) | substring(Container.FolderPath,plugin://) | substring(Container.FolderPath,addons://)] + ![Player.HasVideo + Skin.HasSetting(VideoBackgrounds)]</visible>
		</control>
		<control type="image">
			<posx>0</posx>
			<posy>0</posy>
			<width>1920</width>
			<height>1080</height>
			<texture background="true">$INFO[ListItem.Path,,fanart.jpg]</texture>
			<aspectratio>scale</aspectratio>
			<fadetime>FanartCrossfadeTime</fadetime>
			<include>VisibleFadeEffect</include>
			<include condition="Skin.HasSetting(AnimateFanart)">backgroundanimation</include>
			<visible>Container.Content(Episodes) + !IsEmpty(ListItem.Path) + ![substring(ListItem.Path,plugin://) | substring(ListItem.Path,special://videoplaylists/) | substring(Container.FolderPath,plugin://) | substring(Container.FolderPath,addons://)] + ![Player.HasVideo + Skin.HasSetting(VideoBackgrounds)]</visible>
		</control>
	</include>
	<include name="logo-artists">
		<control type="image">
			<posx>15</posx>
			<posy>45</posy>
			<width>345</width>
			<height>134</height>
			<texture background="true">$INFO[Skin.String(Music_Folder_Path)]$INFO[ListItem.Artist,,/logo.png]</texture>
			<fadetime>IconCrossfadeTime</fadetime>
			<animation effect="rotate" start="0" end="15" center="auto" time="0" condition="true">Conditional</animation>
			<visible>[Control.IsVisible(50) | Control.IsVisible(55) | Control.IsVisible(595)] + ![substring(ListItem.Path,plugin://) | substring(ListItem.Path,special://musicplaylists/) | substring(Container.FolderPath,plugin://) | substring(Container.FolderPath,addons://)]</visible>
		</control>
	</include>
	<include name="logo-artists-files">
		<control type="image">
			<posx>15</posx>
			<posy>45</posy>
			<width>345</width>
			<height>134</height>
			<texture background="true">$INFO[ListItem.FileNameAndPath,,logo.png]</texture>
			<fadetime>IconCrossfadeTime</fadetime>
			<animation effect="rotate" start="0" end="15" center="auto" time="0" condition="true">Conditional</animation>
			<visible>[Control.IsVisible(50) | Control.IsVisible(55) | Control.IsVisible(595)] + ![substring(ListItem.Path,plugin://) | substring(ListItem.Path,special://musicplaylists/) | substring(Container.FolderPath,plugin://) | substring(Container.FolderPath,addons://)]</visible>
		</control>
		<control type="image">
			<posx>15</posx>
			<posy>45</posy>
			<width>345</width>
			<height>134</height>
			<texture background="true">$INFO[ListItem.Path,,logo.png]</texture>
			<fadetime>IconCrossfadeTime</fadetime>
			<animation effect="rotate" start="0" end="15" center="auto" time="0" condition="true">Conditional</animation>
			<visible>[Control.IsVisible(50) | Control.IsVisible(55) | Control.IsVisible(595)] + ![substring(ListItem.Path,plugin://) | substring(ListItem.Path,special://musicplaylists/) | substring(Container.FolderPath,plugin://) | substring(Container.FolderPath,addons://)]</visible>
		</control>
	</include>
	<include name="logo-artists-visualisation">
		<control type="image">
			<posx>15</posx>
			<posy>45</posy>
			<width>345</width>
			<height>134</height>
			<texture background="true">$INFO[Skin.String(Music_Folder_Path)]$INFO[MusicPlayer.Artist,,/logo.png]</texture>
			<fadetime>IconCrossfadeTime</fadetime>
			<animation effect="rotate" start="0" end="15" center="auto" time="0" condition="true">Conditional</animation>
			<animation effect="fade" start="100" end="20" time="0" condition="![StringCompare(Visualisation.Name,waveform) | StringCompare(Visualisation.Name,opengl spectrum) | StringCompare(Visualisation.Name,directx spectrum)] + !Skin.HasSetting(Vis-Visualization)">Conditional</animation>
		</control>
	</include>
	<include name="logo-movies">
		<control type="image">
			<posx>15</posx>
			<posy>45</posy>
			<width>345</width>
			<height>134</height>
			<texture background="true">$INFO[ListItem.Path,,logo.png]</texture>
			<fadetime>IconCrossfadeTime</fadetime>
			<animation effect="rotate" start="0" end="15" center="auto" time="0" condition="true">Conditional</animation>
			<animation effect="slide" start="0,0" end="0,38" time="0" condition="Control.IsVisible(57)">Conditional</animation>
			<visible>[Control.IsVisible(55) | Control.IsVisible(57) | Control.IsVisible(590) | Control.IsVisible(596)] + Container.Content(Movies) + ![substring(ListItem.Path,plugin://) | substring(ListItem.Path,special://videoplaylists/) | substring(Container.FolderPath,plugin://) | substring(Container.FolderPath,addons://)]</visible>
		</control>
	</include>
	<include name="logo-tv">
		<control type="image">
			<posx>15</posx>
			<posy>45</posy>
			<width>345</width>
			<height>134</height>
			<texture background="true">$INFO[ListItem.Path,,logo.png]</texture>
			<fadetime>IconCrossfadeTime</fadetime>
			<animation effect="rotate" start="0" end="15" center="auto" time="0" condition="true">Conditional</animation>
			<visible>[Control.IsVisible(55) | Control.IsVisible(590) | Control.IsVisible(596)] + [Container.Content(TVShows) | Container.Content(Seasons)] + ![substring(ListItem.Path,plugin://) | substring(ListItem.Path,special://videoplaylists/) | substring(Container.FolderPath,plugin://) | substring(Container.FolderPath,addons://)]</visible>
		</control>
		<control type="image">
			<posx>15</posx>
			<posy>45</posy>
			<width>345</width>
			<height>134</height>
			<texture background="true">$INFO[ListItem.Path,,../logo.png]</texture>
			<fadetime>IconCrossfadeTime</fadetime>
			<animation effect="rotate" start="0" end="15" center="auto" time="0" condition="true">Conditional</animation>
			<visible>[Control.IsVisible(55) | Control.IsVisible(590) | Control.IsVisible(596)] + Container.Content(Episodes) + ![substring(ListItem.Path,plugin://) | substring(ListItem.Path,special://videoplaylists/) | substring(Container.FolderPath,plugin://) | substring(Container.FolderPath,addons://)]</visible>
		</control>
	</include>
	<include name="moviedisc-dvd-View_Icons">
		<!-- <texture fallback="disc-dvd.png" diffuse="disc_mask.png" background="true">$INFO[ListItem.Path,,disc.png]</texture> -->
		<texture fallback="disc-dvd.png" diffuse="disc_mask.png" background="true">$INFO[ListItem.Path]$INFO[ListItem.Label,,-discart.png]</texture>
		<visible>!stringcompare(ListItem.Label,..)</visible>
	</include>
	<include name="moviedisc-bluray-View_Icons">
		<!--<texture fallback="disc-bluray.png" diffuse="disc_mask.png" background="true">$INFO[ListItem.Path,,disc.png]</texture> -->
		<texture fallback="disc-bluray.png" diffuse="disc_mask.png" background="true">$INFO[ListItem.Path]$INFO[ListItem.Label,,-discart.png]</texture>
		<visible>!stringcompare(ListItem.Label,..)</visible>
	</include>
	<include name="movienodisc-View_Icons">
		<texture>disc.png</texture>
	</include>
	<include name="moviedisc-dvd-View_Item">
		<texture fallback="disc-dvd.png" diffuse="disc_mask.png" background="true">$INFO[ListItem.Path,,disc.png]</texture>
		<visible>!stringcompare(ListItem.Label,..)</visible>
	</include>
	<include name="moviedisc-bluray-View_Item">
		<texture fallback="disc-bluray.png" diffuse="disc_mask.png" background="true">$INFO[ListItem.Path,,disc.png]</texture>
		<visible>!stringcompare(ListItem.Label,..)</visible>
	</include>
	<include name="movienodisc-View_Item">
		<texture diffuse="disc_mask.png">disc-dvd.png</texture>
	</include>
	<include name="musicalbumsnodisc-View_Icons">
		<texture>disc.png</texture>
	</include>
	<include name="musicalbumsdisc-View_Icons">
		<texture diffuse="disc_mask.png" fallback="disc.png" background="true">$INFO[Skin.String(Music_Folder_Path)]$INFO[ListItem.Artist]$INFO[ListItem.Album,/,/cdart.png]</texture>
	</include>
	<include name="musicalbumsdisc0-View_Icons">
		<texture diffuse="disc_mask.png" fallback="disc.png" background="true">$INFO[Skin.String(Music_Folder_Path)]$INFO[ListItem(-1).Artist]$INFO[ListItem(-1).Album,/,/cdart.png]</texture>
	</include>
	<include name="musicalbumsdisc1-View_Icons">
		<texture diffuse="disc_mask.png" fallback="disc.png" background="true">$INFO[Skin.String(Music_Folder_Path)]$INFO[ListItem(1).Artist]$INFO[ListItem(1).Album,/,/cdart.png]</texture>
	</include>
	<include name="musicsongsnodisc-View_Icons">
		<texture>disc.png</texture>
	</include>
	<include name="musicsongsdisc-View_Icons">
		<texture diffuse="disc_mask.png" fallback="disc.png" background="true">$INFO[ListItem.Path,,cdart.png]</texture>
	</include>
	<include name="thumbs-extra-movies">
		<animation effect="slide" start="0,0" end="15,300" time="0" condition="Control.IsVisible(50)">Conditional</animation>
		<animation effect="slide" start="0,0" end="1530,188" time="0" condition="Control.IsVisible(57)">Conditional</animation>
		<animation effect="slide" start="0,0" end="1560,240" time="0" condition="Control.IsVisible(590)">Conditional</animation>
		<control type="multiimage">
			<posx>21</posx>
			<posy>21</posy>
			<width>318</width>
			<height>180</height>
			<imagepath background="true" diffuse="video-diffuse.png">$INFO[ListItem.Path,,extrathumbs/]</imagepath>
			<aspectratio scalediffuse="false">scale</aspectratio>
			<timeperimage>4000</timeperimage>
			<randomize>true</randomize>
			<fadetime>IconCrossfadeTime</fadetime>
			<visible>!stringcompare(ListItem.Label,..) + ![substring(ListItem.Path,plugin://) | substring(ListItem.Path,special://videoplaylists/) | substring(Container.FolderPath,plugin://) | substring(Container.FolderPath,addons://)]</visible>
		</control>
	</include>
</includes>
