<?xml version="1.0" encoding="UTF-8"?>
<window>
	<controls>
		<control type="karvisualisation" id="1">
			<description>visualisation</description>
			<posx>0</posx>
			<posy>0</posy>
			<width>1920</width>
			<height>1080</height>
		</control>
		<control type="image" id="2">
			<description>fullscreen image</description>
			<posx>0</posx>
			<posy>0</posy>
			<width>1920</width>
			<height>1080</height>
		</control>
		<control type="button">
			<posx>1860</posx>
			<posy>30</posy>
			<width>30</width>
			<height>30</height>
			<texturefocus>close-window-focus.png</texturefocus>
			<texturenofocus>close-window-nofocus.png</texturenofocus>
			<onclick>Dialog.Close(karaokelyrics)</onclick>
			<visible>Skin.HasSetting(TouchScreenMode)</visible>
		</control>
		<control type="group">
			<posx>0</posx>
			<posy>930</posy>
			<animation effect="slide" start="0,150" end="0,0" time="300">Visible</animation>
			<animation effect="slide" start="0,0" end="0,150" time="300">Hidden</animation>
			<visible>MusicPlayer.HasNext + !IntegerGreaterThan(Player.TimeRemaining,20)</visible>
			<control type="image">
				<description>media info background image</description>
				<posx>480</posx>
				<posy>34</posy>
				<width>1653</width>
				<height>330</height>
				<texture border="42">panel-shadow-reverse.png</texture>
			</control>
			<include condition="Skin.HasSetting(HateTransparency)">T-Panel5</include>
			<control type="image">
				<description>media info background image</description>
				<posx>510</posx>
				<posy>64</posy>
				<width>1605</width>
				<height>300</height>
				<texture border="30">panel.png</texture>
			</control>
			<control type="label" id="402">
				<description>Next Song Name</description>
				<posx>540</posx>
				<posy>69</posy>
				<width>998</width>
				<height>90</height>
				<font>font-23</font>
				<textcolor>white</textcolor>
				<label>[COLOR=lightblue]$LOCALIZE[209]: [/COLOR]$INFO[MusicPlayer.Offset(1).Title]</label>
				<align>left</align>
				<aligny>center</aligny>
			</control>
		</control>
	</controls>
</window>
