<?xml version="1.0" encoding="UTF-8"?>
<window>
	<defaultcontrol allways="true">6</defaultcontrol>
	<allowoverlay>no</allowoverlay>
	<controls>
		<include condition="Skin.HasSetting(VideoBackgrounds)">CommonVideoPlayingBackground</include>
		<control type="image">
			<description>album and song fanart in library section</description>
			<posx>0</posx>
			<posy>0</posy>
			<width>1920</width>
			<height>1080</height>
			<texture background="true">$INFO[Fanart.Image]</texture>
			<aspectratio>scale</aspectratio>
			<fadetime>FanartCrossfadeTime</fadetime>
			<include>VisibleFadeEffect</include>
			<include condition="Skin.HasSetting(AnimateFanart)">backgroundanimation</include>
			<visible>!IsEmpty(Fanart.Image) + ![Player.HasVideo + Skin.HasSetting(VideoBackgrounds)]</visible>
		</control>
		<control type="image">
			<description>artist fanart in library section</description>
			<posx>0</posx>
			<posy>0</posy>
			<width>1920</width>
			<height>1080</height>
			<texture background="true">$INFO[ListItem.Property(Fanart_Image)]</texture>
			<aspectratio>scale</aspectratio>
			<fadetime>FanartCrossfadeTime</fadetime>
			<include>VisibleFadeEffect</include>
			<include condition="Skin.HasSetting(AnimateFanart)">backgroundanimation</include>
			<visible>!IsEmpty(ListItem.Property(Fanart_Image)) + ![Player.HasVideo + Skin.HasSetting(VideoBackgrounds)]</visible>
		</control>
		<control type="multiimage">
			<posx>0</posx>
			<posy>0</posy>
			<width>1920</width>
			<height>1080</height>
			<timeperimage>5000</timeperimage>
			<randomize>true</randomize>
			<fadetime>2000</fadetime>
			<imagepath fallback="special://skin/backgrounds/background-music.jpg" background="true">$INFO[Skin.String(Custom_Back_Music_Folder)]</imagepath>
			<aspectratio>scale</aspectratio>
			<include condition="Skin.HasSetting(AnimateBackgrounds)">backgroundanimation</include>
			<include>VisibleFadeEffect</include>
			<visible>IsEmpty(ListItem.Property(Fanart_Image)) + IsEmpty(Fanart.Image) + ![Player.HasVideo + Skin.HasSetting(VideoBackgrounds)]</visible>
		</control>
		<include condition="!Skin.HasSetting(SafeMode)">fanart-mymusicplaylisteditor</include>
		<include condition="Skin.HasSetting(VizBackgrounds)">CommonVisualizationBackground</include>
		<control type="group">
			<include>ContentFade</include>
			<control type="image">
				<include>Window_OpenClose_Animation</include>
				<posx>717</posx>
				<posy>141</posy>
				<width>486</width>
				<height>24</height>
				<texture>shadow-top.png</texture>
			</control>
			<control type="image">
				<include>Window_OpenClose_Animation</include>
				<posx>717</posx>
				<posy>165</posy>
				<width>486</width>
				<height>552</height>
				<colordiffuse>BBFFFFFF</colordiffuse>
				<texture border="4">black-back.png</texture>
			</control>
			<control type="image">
				<include>Window_OpenClose_Animation</include>
				<posx>717</posx>
				<posy>915</posy>
				<width>486</width>
				<height>24</height>
				<texture>shadow-bottom.png</texture>
			</control>
			<control type="group">
				<posy>128</posy>
				<include>Window_OpenClose_Animation</include>
				<visible>Control.HasFocus(50) | Control.HasFocus(100)</visible>
				<include>VisibleFadeEffect</include>
				<control type="group">
					<visible>Control.HasFocus(50)</visible>
					<control type="image">
						<posx>825</posx>
						<posy>68</posy>
						<width>255</width>
						<height>255</height>
						<texture background="true">$INFO[Container(50).ListItem.Icon]</texture>
						<visible>stringcompare(ListItem.Label,..)</visible>
					</control>
					<control type="image">
						<posx>825</posx>
						<posy>68</posy>
						<width>255</width>
						<height>255</height>
						<aspectratio scalediffuse="false">scale</aspectratio>
						<texture diffuse="thumb-diffuse.png" background="true">$INFO[Container(50).ListItem.Icon]</texture>
						<visible>![substring(Container.FolderPath,musicdb://albums/) | substring(Container.FolderPath,musicdb://songs/) | substring(Container.FolderPath,musicdb://recentlyaddedalbums/) | substring(Container.FolderPath,musicdb://recentlyplayedalbums/) | substring(Container.FolderPath,musicdb://compilations/)] + !stringcompare(ListItem.Label,..)</visible>
					</control>
					<control type="image">
						<posx>843</posx>
						<posy>72</posy>
						<width>248</width>
						<height>248</height>
						<texture background="true">$INFO[Container(50).ListItem.Icon]</texture>
						<visible>[substring(Container.FolderPath,musicdb://albums/) | substring(Container.FolderPath,musicdb://songs/) | substring(Container.FolderPath,musicdb://recentlyaddedalbums/) | substring(Container.FolderPath,musicdb://recentlyplayedalbums/) | substring(Container.FolderPath,musicdb://compilations/)] + !stringcompare(ListItem.Label,..)</visible>
					</control>
					<control type="image">
						<posx>820</posx>
						<posy>68</posy>
						<width>279</width>
						<height>255</height>
						<texture>cdcase.png</texture>
						<visible>[substring(Container.FolderPath,musicdb://albums/) | substring(Container.FolderPath,musicdb://songs/) | substring(Container.FolderPath,musicdb://recentlyaddedalbums/) | substring(Container.FolderPath,musicdb://recentlyplayedalbums/) | substring(Container.FolderPath,musicdb://compilations/)] + !stringcompare(ListItem.Label,..) + !Skin.HasSetting(HideMusicCase)</visible>
					</control>
					<control type="textbox">
						<posx>732</posx>
						<posy>330</posy>
						<width>456</width>
						<height>278</height>
						<font>font-19</font>
						<align>center</align>
						<textcolor>white</textcolor>
						<shadowcolor>black</shadowcolor>
						<label>$INFO[Container(50).ListItem.Artist,[COLOR=lightblue][B]$LOCALIZE[557]:[/B][/COLOR] ,[CR]]$INFO[Container(50).ListItem.Album,[COLOR=lightblue][B]$LOCALIZE[558]:[/B][/COLOR] ,[CR]]$INFO[Container(50).ListItem.Title,[COLOR=lightblue][B]$LOCALIZE[556]:[/B][/COLOR] ,[CR]]$INFO[Container(50).ListItem.TrackNumber,[COLOR=lightblue][B]$LOCALIZE[554]:[/B][/COLOR] ,    ]$INFO[Container(50).ListItem.Duration,[COLOR=lightblue][B]$LOCALIZE[555]:[/B][/COLOR]][CR]$INFO[Container(50).ListItem.Genre,[COLOR=lightblue][B]$LOCALIZE[515]:[/B][/COLOR] ,[CR]]</label>
					</control>
				</control>
				<control type="group">
					<visible>Control.HasFocus(100)</visible>
					<control type="image">
						<posx>843</posx>
						<posy>72</posy>
						<width>248</width>
						<height>248</height>
						<texture background="true">$INFO[Container(100).ListItem.Icon]</texture>
					</control>
					<control type="image">
						<posx>820</posx>
						<posy>68</posy>
						<width>279</width>
						<height>255</height>
						<texture>cdcase.png</texture>
						<visible>!Skin.HasSetting(HideMusicCase)</visible>
					</control>
					<control type="textbox">
						<posx>732</posx>
						<posy>330</posy>
						<width>456</width>
						<height>308</height>
						<font>font-19</font>
						<align>center</align>
						<textcolor>white</textcolor>
						<shadowcolor>black</shadowcolor>
						<label>$INFO[Container(100).ListItem.Artist,[COLOR=lightblue][B]$LOCALIZE[557]:[/B][/COLOR] ,[CR]]$INFO[Container(100).ListItem.Album,[COLOR=lightblue][B]$LOCALIZE[558]:[/B][/COLOR] ,[CR]]$INFO[Container(100).ListItem.Title,[COLOR=lightblue][B]$LOCALIZE[556]:[/B][/COLOR] ,[CR]]$INFO[Container(100).ListItem.TrackNumber,[COLOR=lightblue][B]$LOCALIZE[554]:[/B][/COLOR] ,    ]$INFO[Container(100).ListItem.Duration,[COLOR=lightblue][B]$LOCALIZE[555]:[/B][/COLOR] ,[CR]]$INFO[Container(100).ListItem.Genre,[COLOR=lightblue][B]$LOCALIZE[515]:[/B][/COLOR] ,[CR]]</label>
					</control>
				</control>
			</control>
			<control type="group">
				<animation effect="slide" start="-720,0" end="0,0" time="500" tween="quadratic" easing="out">WindowOpen</animation>
				<animation effect="slide" end="-720,0" start="0,0" time="500" tween="quadratic" easing="out">WindowClose</animation>
				<control type="image">
					<posx>0</posx>
					<posy>141</posy>
					<width>717</width>
					<height>24</height>
					<texture>shadow-top.png</texture>
				</control>
				<control type="image">
					<posx>0</posx>
					<posy>165</posy>
					<width>720</width>
					<height>750</height>
					<texture border="4">black-back.png</texture>
				</control>
				<control type="image">
					<posx>0</posx>
					<posy>915</posy>
					<width>717</width>
					<height>24</height>
					<texture>shadow-bottom.png</texture>
				</control>
				<control type="label">
					<posx>38</posx>
					<posy>202</posy>
					<width>645</width>
					<height>45</height>
					<font>font-32</font>
					<textcolor>blue</textcolor>
					<align>center</align>
					<aligny>center</aligny>
					<label>31058</label>
				</control>
				<control type="image">
					<posx>38</posx>
					<posy>255</posy>
					<width>645</width>
					<height>1</height>
					<texture>separator.png</texture>
				</control>
				<control type="scrollbar" id="30">
					<posx>686</posx>
					<posy>264</posy>
					<width>30</width>
					<height>622</height>
					<texturesliderbackground border="0,10,0,10">scrollbar-back.png</texturesliderbackground>
					<texturesliderbar border="0,10,0,10">scrollbar-front-nofocus.png</texturesliderbar>
					<texturesliderbarfocus border="0,10,0,10">scrollbar-front.png</texturesliderbarfocus>
					<textureslidernib>scrollbar-nib-nofocus.png</textureslidernib>
					<textureslidernibfocus>scrollbar-nib.png</textureslidernibfocus>
					<onleft>31</onleft>
					<onright>50</onright>
					<showonepage>false</showonepage>
					<orientation>vertical</orientation>
				</control>
				<control type="list" id="50">
					<posx>38</posx>
					<posy>270</posy>
					<width>705</width>
					<height>616</height>
					<onleft>30</onleft>
					<onright>6</onright>
					<onup>50</onup>
					<ondown>50</ondown>
					<viewtype label="535">list</viewtype>
					<pagecontrol>30</pagecontrol>
					<scrolltime>200</scrolltime>
					<preloaditems>2</preloaditems>
					<itemlayout width="645" height="44">
						<control type="image">
							<posx>0</posx>
							<posy>0</posy>
							<width>645</width>
							<height>45</height>
							<colordiffuse>AAFFFFFF</colordiffuse>
							<texture border="7">list-nofocus.png</texture>
							<include>VisibleFadeEffect</include>
						</control>
						<control type="label">
							<posx>15</posx>
							<posy>0</posy>
							<width>615</width>
							<height>45</height>
							<font>font-20</font>
							<textcolor>lightgrey</textcolor>
							<selectedcolor>blue</selectedcolor>
							<align>left</align>
							<aligny>center</aligny>
							<label>$INFO[ListItem.Label]</label>
						</control>
						<control type="label">
							<posx>15</posx>
							<posy>0</posy>
							<width>615</width>
							<height>45</height>
							<font>font-20</font>
							<textcolor>lightgrey</textcolor>
							<selectedcolor>blue</selectedcolor>
							<align>right</align>
							<aligny>center</aligny>
							<label>$INFO[ListItem.Label2]</label>
						</control>
					</itemlayout>
					<focusedlayout width="600" height="44">
						<control type="image">
							<posx>0</posx>
							<posy>0</posy>
							<width>645</width>
							<height>45</height>
							<colordiffuse>AAFFFFFF</colordiffuse>
							<texture border="7">list-nofocus.png</texture>
							<include>VisibleFadeEffect</include>
						</control>
						<control type="image">
							<posx>0</posx>
							<posy>0</posy>
							<width>645</width>
							<height>45</height>
							<colordiffuse>AAFFFFFF</colordiffuse>
							<texture border="7">list-focus2.png</texture>
							<visible>Control.HasFocus(50)</visible>
							<include>VisibleFadeEffect</include>
							<include>ListFocusScroll23</include>
						</control>
						<control type="label">
							<posx>15</posx>
							<posy>0</posy>
							<width>615</width>
							<height>45</height>
							<font>font-20</font>
							<textcolor>white</textcolor>
							<selectedcolor>blue</selectedcolor>
							<align>left</align>
							<aligny>center</aligny>
							<label>$INFO[ListItem.Label]</label>
						</control>
						<control type="label">
							<posx>15</posx>
							<posy>0</posy>
							<width>615</width>
							<height>45</height>
							<font>font-20</font>
							<textcolor>white</textcolor>
							<selectedcolor>blue</selectedcolor>
							<align>right</align>
							<aligny>center</aligny>
							<label>$INFO[ListItem.Label2]</label>
						</control>
					</focusedlayout>
				</control>
			</control>
			<control type="group">
				<animation effect="slide" start="720,0" end="0,0" time="500" tween="quadratic" easing="out">WindowOpen</animation>
				<animation effect="slide" end="720,0" start="0,0" time="500" tween="quadratic" easing="out">WindowClose</animation>
				<posx>1200</posx>
				<control type="image">
					<posx>3</posx>
					<posy>141</posy>
					<width>717</width>
					<height>24</height>
					<texture>shadow-top.png</texture>
				</control>
				<control type="image">
					<posx>0</posx>
					<posy>165</posy>
					<width>720</width>
					<height>750</height>
					<texture border="4">black-back.png</texture>
				</control>
				<control type="image">
					<posx>3</posx>
					<posy>915</posy>
					<width>717</width>
					<height>24</height>
					<texture>shadow-bottom.png</texture>
				</control>
				<control type="label">
					<posx>38</posx>
					<posy>202</posy>
					<width>645</width>
					<height>45</height>
					<font>font-32</font>
					<textcolor>blue</textcolor>
					<align>center</align>
					<aligny>center</aligny>
					<label>31059</label>
				</control>
				<control type="image">
					<posx>38</posx>
					<posy>255</posy>
					<width>645</width>
					<height>1</height>
					<texture>separator.png</texture>
				</control>
				<control type="scrollbar" id="31">
					<posx>686</posx>
					<posy>264</posy>
					<width>30</width>
					<height>622</height>
					<texturesliderbackground border="0,10,0,10">scrollbar-back.png</texturesliderbackground>
					<texturesliderbar border="0,10,0,10">scrollbar-front-nofocus.png</texturesliderbar>
					<texturesliderbarfocus border="0,10,0,10">scrollbar-front.png</texturesliderbarfocus>
					<textureslidernib>scrollbar-nib-nofocus.png</textureslidernib>
					<textureslidernibfocus>scrollbar-nib.png</textureslidernibfocus>
					<onleft>100</onleft>
					<onright>30</onright>
					<showonepage>false</showonepage>
					<orientation>vertical</orientation>
				</control>
				<control type="list" id="100">
					<posx>38</posx>
					<posy>270</posy>
					<width>705</width>
					<height>616</height>
					<onleft>6</onleft>
					<onright>31</onright>
					<onup>100</onup>
					<ondown>100</ondown>
					<viewtype label="535">list</viewtype>
					<pagecontrol>31</pagecontrol>
					<scrolltime>200</scrolltime>
					<preloaditems>2</preloaditems>
					<itemlayout width="645" height="44">
						<control type="image">
							<posx>0</posx>
							<posy>0</posy>
							<width>645</width>
							<height>45</height>
							<colordiffuse>AAFFFFFF</colordiffuse>
							<texture border="7">list-nofocus.png</texture>
							<include>VisibleFadeEffect</include>
						</control>
						<control type="label">
							<posx>15</posx>
							<posy>0</posy>
							<width>615</width>
							<height>45</height>
							<font>font-20</font>
							<textcolor>lightgrey</textcolor>
							<selectedcolor>blue</selectedcolor>
							<align>left</align>
							<aligny>center</aligny>
							<label>$INFO[ListItem.Label]</label>
						</control>
						<control type="label">
							<posx>15</posx>
							<posy>0</posy>
							<width>615</width>
							<height>45</height>
							<font>font-20</font>
							<textcolor>lightgrey</textcolor>
							<selectedcolor>blue</selectedcolor>
							<align>right</align>
							<aligny>center</aligny>
							<label>$INFO[ListItem.Label2]</label>
						</control>
					</itemlayout>
					<focusedlayout width="600" height="44">
						<control type="image">
							<posx>0</posx>
							<posy>0</posy>
							<width>645</width>
							<height>45</height>
							<colordiffuse>AAFFFFFF</colordiffuse>
							<texture border="7">list-nofocus.png</texture>
							<include>VisibleFadeEffect</include>
						</control>
						<control type="image">
							<posx>0</posx>
							<posy>0</posy>
							<width>645</width>
							<height>45</height>
							<colordiffuse>AAFFFFFF</colordiffuse>
							<texture border="7">list-focus2.png</texture>
							<visible>Control.HasFocus(100)</visible>
							<include>VisibleFadeEffect</include>
							<include>ListFocusScroll8</include>
						</control>
						<control type="label">
							<posx>15</posx>
							<posy>0</posy>
							<width>615</width>
							<height>45</height>
							<font>font-20</font>
							<textcolor>white</textcolor>
							<selectedcolor>blue</selectedcolor>
							<align>left</align>
							<aligny>center</aligny>
							<label>$INFO[ListItem.Label]</label>
						</control>
						<control type="label">
							<posx>15</posx>
							<posy>0</posy>
							<width>615</width>
							<height>45</height>
							<font>font-20</font>
							<textcolor>white</textcolor>
							<selectedcolor>blue</selectedcolor>
							<align>right</align>
							<aligny>center</aligny>
							<label>$INFO[ListItem.Label2]</label>
						</control>
					</focusedlayout>
				</control>
			</control>
			<control type="group" id="9000">
				<posx>717</posx>
				<posy>711</posy>
				<include>Window_OpenClose_Animation</include>
				<control type="image">
					<posx>0</posx>
					<posy>3</posy>
					<width>486</width>
					<height>201</height>
					<texture border="4">black-back.png</texture>
				</control>
				<control type="button" id="6">
					<description>Open Button</description>
					<posx>3</posx>
					<posy>6</posy>
					<label>31055</label>
					<align>center</align>
					<height>66</height>
					<width>480</width>
					<font>font-20</font>
					<textcolor>white</textcolor>
					<focusedcolor>white</focusedcolor>
					<shadowcolor>black</shadowcolor>
					<pulseonselect>true</pulseonselect>
					<texturenofocus border="7">button-nofocus.png</texturenofocus>
					<texturefocus border="7">button-nofocus.png</texturefocus>
					<onleft>50</onleft>
					<onright>100</onright>
					<onup>8</onup>
					<ondown>7</ondown>
				</control>
				<control type="button" id="7">
					<description>Save Button</description>
					<posx>3</posx>
					<posy>70</posy>
					<label>31056</label>
					<align>center</align>
					<height>66</height>
					<width>480</width>
					<font>font-20</font>
					<textcolor>white</textcolor>
					<focusedcolor>white</focusedcolor>
					<shadowcolor>black</shadowcolor>
					<pulseonselect>true</pulseonselect>
					<texturenofocus border="7">button-nofocus.png</texturenofocus>
					<texturefocus border="7">button-nofocus.png</texturefocus>
					<onleft>50</onleft>
					<onright>100</onright>
					<onup>6</onup>
					<ondown>8</ondown>
				</control>
				<control type="button" id="8">
					<description>Clear button</description>
					<posx>3</posx>
					<posy>135</posy>
					<label>31057</label>
					<align>center</align>
					<height>66</height>
					<width>480</width>
					<font>font-20</font>
					<textcolor>white</textcolor>
					<focusedcolor>white</focusedcolor>
					<shadowcolor>black</shadowcolor>
					<pulseonselect>true</pulseonselect>
					<texturenofocus border="7">button-nofocus.png</texturenofocus>
					<texturefocus border="7">button-nofocus.png</texturefocus>
					<onleft>50</onleft>
					<onright>100</onright>
					<onup>7</onup>
					<ondown>6</ondown>
				</control>
				<control type="image">
					<posx>3</posx>
					<posy>6</posy>
					<height>66</height>
					<width>480</width>
					<texture border="7">button-focus.png</texture>
					<animation effect="slide" start="0,0" end="0,64" time="200" condition="Control.HasFocus(7)">Conditional</animation>
					<animation effect="slide" start="0,0" end="0,129" time="200" condition="Control.HasFocus(8)">Conditional</animation>
					<visible>Control.HasFocus(6) | Control.HasFocus(7) | Control.HasFocus(8)</visible>
				</control>
			</control>
			<control type="group">
				<include>ContentFade</include>
				<include>Window_OpenClose_Header_Animation</include>
				<include condition="Skin.HasSetting(HateTransparency)">T-Header1</include>
				<control type="image">
					<posx>0</posx>
					<posy>0</posy>
					<width>1920</width>
					<height>111</height>
					<texture>Header.png</texture>
				</control>
				<control type="grouplist">
					<include>Breadcrumbs</include>
					<include>Breadcrumbs-MusicPlaylistEditor</include>
				</control>
				<include>CommonFileCount8</include>
				<include>CommonFileCount9</include>
			</control>
		</control>
	</controls>
</window>
