<?xml version="1.0" encoding="UTF-8"?>
<window>
	<onload condition="!Skin.HasSetting(TvTunes) + !SubString(Window(Videos).Property(CinemaExperienceRunning),True)">RunScript(script.tvtunes,backend=True)</onload>
	<onload condition="!Skin.HasSetting(NextAired)">RunScript(script.tv.show.next.aired,backend=True)</onload>
	<defaultcontrol always="true">50</defaultcontrol>
	<views>50</views>
	<controls>
		<include>FS_Video</include>
		<!--<control type="multiimage">
			<posy>80</posy>
			<width>1386</width>
			<height>780</height>
			<timeperimage>5000</timeperimage>
			<randomize>true</randomize>
			<fadetime>2000</fadetime>
			<imagepath fallback="special://skin/backgrounds/background-videos.jpg" background="true">$INFO[Skin.String(Custom_Back_Videos_Folder)]</imagepath>
			<aspectratio>scale</aspectratio>
			<include condition="Skin.HasSetting(AnimateBackgrounds)">backgroundanimation</include>
			<include>VisibleFadeEffect</include>
			<visible>[IsEmpty(ListItem.Property(Fanart_Image)) + IsEmpty(Fanart.Image) + !substring(Container.FolderPath,videodb://movies/) + !substring(Container.FolderPath,videodb://tvshows/) + !substring(Container.FolderPath,videodb://musicvideos/) + !substring(Container.FolderPath,videodb://recentlyaddedmovies/) + !substring(Container.FolderPath,videodb://recentlyaddedepisodes/)] + ![Player.HasVideo + Skin.HasSetting(VideoBackgrounds)]</visible>
		</control>
		<control type="multiimage">
			<posx>0</posx>
			<posy>80</posy>
			<width>1386</width>
			<height>780</height>
			<timeperimage>5000</timeperimage>
			<randomize>true</randomize>
			<fadetime>2000</fadetime>
			<imagepath fallback="special://skin/backgrounds/background-movies.jpg" background="true">$INFO[Skin.String(Custom_Back_Movies_Folder)]</imagepath>
			<aspectratio>scale</aspectratio>
			<include condition="Skin.HasSetting(AnimateBackgrounds)">backgroundanimation</include>
			<include>VisibleFadeEffect</include>
			<visible>IsEmpty(ListItem.Property(Fanart_Image)) + IsEmpty(Fanart.Image) + [substring(Container.FolderPath,videodb://movies/) | substring(Container.FolderPath,videodb://recentlyaddedmovies/)] + ![Control.IsVisible(592) + !Window.IsVisible(MovieInformation)] + ![Player.HasVideo + Skin.HasSetting(VideoBackgrounds)]</visible>
		</control>
		<control type="multiimage">
			<posx>0</posx>
			<posy>80</posy>
			<width>1386</width>
			<height>780</height>
			<timeperimage>5000</timeperimage>
			<randomize>true</randomize>
			<fadetime>2000</fadetime>
			<imagepath fallback="special://skin/backgrounds/background-tvshows.jpg" background="true">$INFO[Skin.String(Custom_Back_TVShows_Folder)]</imagepath>
			<aspectratio>scale</aspectratio>
			<include condition="Skin.HasSetting(AnimateBackgrounds)">backgroundanimation</include>
			<include>VisibleFadeEffect</include>
			<visible>IsEmpty(ListItem.Property(Fanart_Image)) + IsEmpty(Fanart.Image) + [substring(Container.FolderPath,videodb://tvshows/) | substring(Container.FolderPath,videodb://recentlyaddedepisodes/)] + ![[Control.IsVisible(592) | Control.IsVisible(598)] + !Window.IsVisible(MovieInformation)] + ![Player.HasVideo + Skin.HasSetting(VideoBackgrounds)]</visible>
		</control>
		<control type="multiimage">
			<posx>0</posx>
			<posy>80</posy>
			<width>1386</width>
			<height>780</height>
			<timeperimage>5000</timeperimage>
			<randomize>true</randomize>
			<fadetime>2000</fadetime>
			<imagepath fallback="special://skin/backgrounds/background-musicvideos.jpg" background="true">$INFO[Skin.String(Custom_Back_MusicVideos_Folder)]</imagepath>
			<aspectratio>scale</aspectratio>
			<include condition="Skin.HasSetting(AnimateBackgrounds)">backgroundanimation</include>
			<include>VisibleFadeEffect</include>
			<visible>IsEmpty(ListItem.Property(Fanart_Image)) + IsEmpty(Fanart.Image) + substring(Container.FolderPath,videodb://musicvideos/) + ![Control.IsVisible(598) + !Window.IsVisible(MovieInformation)] + ![Player.HasVideo + Skin.HasSetting(VideoBackgrounds)]</visible>
		</control>
		<include condition="Skin.HasSetting(MoviesExtraFanart) + !Skin.HasSetting(SafeMode)">fanart-extra-movies</include>
		<include condition="Skin.HasSetting(TVShowsExtraFanart) + !Skin.HasSetting(SafeMode)">fanart-extra-tvshows</include>
		<include condition="Skin.HasSetting(MusicVideosExtraFanart) + !Skin.HasSetting(SafeMode)">fanart-extra-musicvideos</include>
		<control type="image">
			<posx>0</posx>
			<posy>80</posy>
			<width>1386</width>
			<height>780</height>
			<texture background="true">$INFO[Fanart.Image]</texture>
			<aspectratio>scale</aspectratio>
			<fadetime>FanartCrossfadeTime</fadetime>
			<include>VisibleFadeEffect</include>
			<include condition="Skin.HasSetting(AnimateFanart)">backgroundanimation</include>
			<visible>[[Container.Content(Seasons) | Container.Content(Episodes)] + stringcompare(ListItem.Label,..)] + ![Container.Content(Seasons) + Skin.HasSetting(TVShowsExtraFanart) + !IsEmpty(Control.GetLabel(6105)) + !stringcompare(ListItem.Label,..)] + ![Container.Content(Episodes) + Skin.HasSetting(TVShowsExtraFanart) + !IsEmpty(Control.GetLabel(6106)) + !stringcompare(ListItem.Label,..)] + !IsEmpty(Fanart.Image) + ![[Control.IsVisible(592) | Control.IsVisible(598)] + !Window.IsVisible(MovieInformation)] + ![Player.HasVideo + Skin.HasSetting(VideoBackgrounds)]</visible>
		</control>
		
		<control type="image">
			<posx>0</posx>
			<posy>0</posy>
			<width>1920</width>
			<height>1080</height>
			<texture background="true">$INFO[Skin.String(Video_Genre_Folder)]$INFO[ListItem.Label,,.jpg]</texture>
			<aspectratio>scale</aspectratio>
			<fadetime>FanartCrossfadeTime</fadetime>
			<include>VisibleFadeEffect</include>
			<include condition="Skin.HasSetting(AnimateFanart)">backgroundanimation</include>
			<visible>Container.Content(Genres) + Skin.HasSetting(VideoGenreBackgrounds) + ![Player.HasVideo + Skin.HasSetting(VideoBackgrounds)]</visible>
		</control> 
		<include condition="Skin.HasSetting(SeasonFanart) + !Skin.HasSetting(SafeMode)">fanart-seasons</include>
		<include condition="Skin.HasSetting(TVLogo) + !Skin.HasSetting(SafeMode)">logo-tv</include>
		<include condition="Skin.HasSetting(MovieLogo) + !Skin.HasSetting(SafeMode)">logo-movies</include>
		<include condition="Skin.HasSetting(VizBackgrounds)">CommonVisualizationBackground</include>
		-->

		<control type="group">
			<control type="group">
			<!-- view id=50 -->
				<include>Fanart-Videos</include>
				<include>letter_scroll</include>
			</control>
		</control>
		<control type="group">
			<!--<include>ContentFade2</include>
			<include condition="!Skin.HasSetting(Hide-Videos-FullList)">FullList_Extras</include>
			<include condition="!Skin.HasSetting(Hide-Videos-List)">List_Extras</include>
			<include condition="!Skin.HasSetting(Hide-Videos-Thumbnail)">Thumbnail-Videos_Extras</include>
			<include condition="!Skin.HasSetting(Hide-Videos-Icons)">Icons-Movies_Extras</include>
			<include condition="!Skin.HasSetting(Hide-Videos-MediaInfo)">MediaInfo-Movies_Extras</include>
			<include>Fanart-Videos_Root_Extras</include>
			<include>Fanart-Videos_Extras</include>-->
		</control>
		<control type="group">
			<posy>80</posy>
			
			
			<visible>![Skin.HasSetting(KioskMode) + !Player.HasMedia]</visible>
			<control type="group">
				<animation effect="slide" end="270" tween="linear" easing="out" time="400" condition="ControlGroup(9100).HasFocus">Conditional</animation>
			<!--<animation effect="slide" start="270" end="0" tween="linear" time="400">UnFocus</animation> -->
				<control type="image">
					<posx>-270</posx>
					<posy>0</posy>
					<width>270</width>
					<height>780</height>
					<texture>main/main_focus.png</texture>
				</control>
				<control type="label">
					<posx>-270</posx>
					<posy>0</posy>
					<height>40</height>
					<width>270</width>
					<textcolor>grey_b</textcolor>
					<align>center</align>
					<label>5</label>
					<font>font-28</font>
				</control>
				<control type="image">
					<posx>-270</posx>
					<posy>54</posy>
					<width>270</width>
					<height>2</height>
					<texture colordiffuse="grey_b">dialogs/white.png</texture>
				</control>

				<control type="grouplist" id="9100">
					<posx>-270</posx>
					<posy>60</posy>
					<align>left</align>
					<width>270</width>
					<height>700</height>
					<onleft>50</onleft>
					<onright>50</onright>
					<onup>9100</onup>
					<ondown>9100</ondown>
					<onback>50</onback>
					<itemgap>2</itemgap>
					<usecontrolcoords>true</usecontrolcoords>
					<orientation>vertical</orientation>
					<visible>!Skin.HasSetting(KioskMode)</visible>
					<control type="button" id="2">
						<description>View As button</description>
						<width>270</width>
						<label>-</label>
					</control>
					<control type="button" id="3">
						<description>Sort by button</description>
						<posx>40</posx>
						<width>230</width>
						<label>103</label>
					</control>
					<control type="togglebutton" id="4">
						<description>Sort asc</description>
						<posx>0</posx>
						<posy>-45</posy>
						<width>45</width>
						<align>left</align>
						<label>-</label>
						<altlabel>-</altlabel>
					</control>
					<control type="button" id="10">
						<description>Watched Toggle</description>
						<label>20367</label>
						<width>270</width>
					</control>
					<control type="button" id="8">
						<description>Search</description>
						<width>270</width>
						<label>137</label>
					</control>
					<control type="edit" id="19">
						<description>Filter</description>
						<posx>0</posx>
						<posy>0</posy>
						<width>270</width>
						<height>45</height>
						<label>587</label>
						<textcolor>grey_b</textcolor>
						<focusedcolor>darkgrey</focusedcolor>
						<visible>Container.CanFilter + !Container.CanFilterAdvanced</visible>
					</control>
					<control type="radiobutton" id="23">
						<description>Advanced Filter</description>
						<posx>0</posx>
						<posy>0</posy>
						<width>270</width>
						<height>45</height>
						<align>center</align>
						<textcolor>grey_b</textcolor>
						<focusedcolor>darkgrey</focusedcolor>
						<label>587</label>
						<onclick>right</onclick>
						<onclick>Filter</onclick>
						<selected>Container.Filtered</selected>
						<visible>Container.CanFilterAdvanced</visible>
					</control>
					<control type="togglebutton" id="20">
						<description>Update Library</description>
						<posx>0</posx>
						<posy>0</posy>
						<width>270</width>
						<height>45</height>
						<align>center</align>
						<label>653</label>
						<altlabel>13353</altlabel>
						<textcolor>grey_b</textcolor>
						<focusedcolor>darkgrey</focusedcolor>
						<texturefocus>dialogs/grey1.png</texturefocus>
						<texturenofocus>-</texturenofocus>
						<alttexturefocus>dialogs/grey1.png</alttexturefocus>
						<alttexturenofocus>-</alttexturenofocus>
						<usealttexture>library.isscanningvideo</usealttexture>
					</control>
					<control type="radiobutton" id="16">
					<description>PartyMode</description>
					<posx>0</posx>
						<posy>0</posy>
						<width>270</width>
						<height>45</height>
						<align>center</align>
						<textcolor>grey_b</textcolor>
						<focusedcolor>darkgrey</focusedcolor>
					<label>589</label>
				</control>
				<control type="radiobutton" id="11">
					<description>Unlock Shares</description>
					<posx>0</posx>
						<posy>0</posy>
						<width>270</width>
						<height>45</height>
						<align>center</align>
						<textcolor>grey_b</textcolor>
						<focusedcolor>darkgrey</focusedcolor>
					<label>12333</label>
					<pulseonselect>no</pulseonselect>
					<onclick>Xbmc.MasterMode</onclick>
					<selected>System.IsMaster</selected>
					<visible>System.HasLocks</visible>
				</control>

				<control type="button" id="611">
					<description>FullScreen</description>
					<width>270</width>
					<label>244</label>
					<onclick>FullScreen</onclick>
					<visible>Player.HasAudio | Player.HasVideo</visible>
				</control>
				<control type="button" id="22">
					<description>now playing</description>
					<width>270</width>
					<label>13350</label>
					<onclick>ActivateWindow(videoplaylist)</onclick>
					<visible>!StringCompare(Playlist.Length(video),0)</visible>
				</control>
				</control>
	
			</control>
		</control>
		<include condition="!Skin.HasSetting(NextAired)">NextAiredInfo</include>
		<include condition="Skin.HasSetting(DebugMode)">debuginfo</include>
	</controls>
</window>
