<?xml version="1.0" encoding="UTF-8"?>
<window>
	<defaultcontrol always="true">403</defaultcontrol>
	<include>dialogeffect7</include>
	<visible>[System.HasMediaDVD | Player.HasMedia] + Window.IsActive(PlayerControls) + !Window.IsActive(FullscreenVideo) + !Window.IsActive(Visualisation)</visible>
	<coordinates>
		<posx>562</posx>
		<posy>232</posy>
	</coordinates>
	<controls>
		<include condition="Skin.HasSetting(HateTransparency)">T-KeyboardInputReverse1</include>
		<control type="image">
			<posx>75</posx>
			<posy>447</posy>
			<width>666</width>
			<height>117</height>
			<texture border="0,0,0,45">keyboard-input-reverse.png</texture>
			<animation effect="zoom" start="75,447,444,1" end="75,537,444,78" time="300" delay="300">WindowOpen</animation>
			<animation effect="zoom" start="75,537,444,78" end="75,447,444,1" time="200" delay="150">WindowClose</animation>
		</control>
		<control type="image">
			<posx>0</posx>
			<posy>138</posy>
			<width>795</width>
			<height>339</height>
			<texture border="50">keyboard.png</texture>
		</control>
		<control type="button">
			<posx>714</posx>
			<posy>183</posy>
			<width>30</width>
			<height>30</height>
			<texturefocus>close-window-focus.png</texturefocus>
			<texturenofocus>close-window-nofocus.png</texturenofocus>
			<onclick>Dialog.Close(playercontrols)</onclick>
			<visible>Skin.HasSetting(TouchScreenMode)</visible>
		</control>
		<control type="label">
			<posx>330</posx>
			<posy>183</posy>
			<width>435</width>
			<height>45</height>
			<label>13350</label>
			<align>left</align>
			<aligny>center</aligny>
			<font>font-30</font>
			<textcolor>blue</textcolor>
			<shadowcolor>black</shadowcolor>
		</control>
		<control type="group">
			<posx>0</posx>
			<posy>190</posy>
			<visible>Player.HasVideo</visible>
			<control type="videowindow">
				<posx>51</posx>
				<posy>0</posy>
				<width>260</width>
				<height>234</height>
				<aligny>bottom</aligny>
				<visible>!Window.IsVisible(FullScreenVideo)</visible>
			</control>
			<control type="label">
				<posx>330</posx>
				<posy>45</posy>
				<width>435</width>
				<height>30</height>
				<label>$INFO[VideoPlayer.Title]</label>
				<align>left</align>
				<aligny>center</aligny>
				<font>font-20</font>
				<textcolor>lightblue</textcolor>
				<shadowcolor>black</shadowcolor>
			</control>
			<control type="label">
				<posx>330</posx>
				<posy>82</posy>
				<width>435</width>
				<height>30</height>
				<label>$VAR[PlayerControlsLabel]</label>
				<align>left</align>
				<aligny>center</aligny>
				<font>font-20</font>
				<textcolor>blue</textcolor>
				<shadowcolor>black</shadowcolor>
			</control>
			<control type="label">
				<posx>330</posx>
				<posy>120</posy>
				<width>435</width>
				<height>30</height>
				<label>$INFO[VideoPlayer.Year]</label>
				<align>left</align>
				<aligny>center</aligny>
				<font>font-20</font>
				<textcolor>white</textcolor>
				<shadowcolor>black</shadowcolor>
			</control>
			<control type="grouplist">
				<posx>330</posx>
				<posy>165</posy>
				<width>428</width>
				<height>45</height>
				<orientation>horizontal</orientation>
				<control type="label">
					<width min="15" max="144">auto</width>
					<height>18</height>
					<label>$INFO[VideoPlayer.Time]</label>
					<aligny>center</aligny>
					<font>font-17</font>
					<textcolor>lightblue</textcolor>
					<shadowcolor>black</shadowcolor>
				</control>
				<control type="group">
					<width>180</width>
					<height>22</height>
					<control type="progress">
						<description>Progressbar Cache</description>
						<posx>0</posx>
						<posy>0</posy>
						<width>180</width>
						<height>22</height>
						<info>Player.ProgressCache</info>
						<midtexture border="10,0,10,0">ProgressCache.png</midtexture>
					</control>
					<control type="progress">
						<description>Progressbar</description>
						<posx>0</posx>
						<posy>0</posy>
						<width>180</width>
						<height>22</height>
						<info>Player.Progress</info>
					</control>
					<control type="slider" id="888">
						<description>Slider</description>
						<posx>0</posx>
						<posy>0</posy>
						<width>180</width>
						<height>22</height>
						<action>seek</action>
					</control>
				</control>
				<control type="label">
					<width min="15" max="144">auto</width>
					<height>18</height>
					<label>$INFO[VideoPlayer.Duration]</label>
					<aligny>center</aligny>
					<font>font-17</font>
					<textcolor>lightblue</textcolor>
					<shadowcolor>black</shadowcolor>
				</control>
			</control>
		</control>
		<control type="group">
			<posx>0</posx>
			<posy>190</posy>
			<visible>Player.HasAudio</visible>
			<control type="image">
				<posx>78</posx>
				<posy>4</posy>
				<width>225</width>
				<height>225</height>
				<texture>$INFO[MusicPlayer.Cover]</texture>
			</control>
			<control type="image">
				<posx>51</posx>
				<posy>0</posy>
				<width>260</width>
				<height>234</height>
				<texture>cdcase.png</texture>
			</control>
			<control type="label">
				<posx>330</posx>
				<posy>90</posy>
				<width>435</width>
				<height>30</height>
				<label>$INFO[MusicPlayer.Artist]</label>
				<align>left</align>
				<aligny>center</aligny>
				<font>font-20</font>
				<textcolor>blue</textcolor>
				<shadowcolor>black</shadowcolor>
			</control>
			<control type="label">
				<posx>330</posx>
				<posy>128</posy>
				<width>435</width>
				<height>30</height>
				<label>$INFO[MusicPlayer.Title]</label>
				<align>left</align>
				<aligny>center</aligny>
				<font>font-20</font>
				<textcolor>lightblue</textcolor>
				<shadowcolor>black</shadowcolor>
			</control>
			<control type="label">
				<posx>330</posx>
				<posy>165</posy>
				<width>435</width>
				<height>30</height>
				<label>$INFO[MusicPlayer.Album]</label>
				<align>left</align>
				<aligny>center</aligny>
				<font>font-20</font>
				<textcolor>white</textcolor>
				<shadowcolor>black</shadowcolor>
			</control>
			<control type="grouplist">
				<posx>330</posx>
				<posy>210</posy>
				<width>428</width>
				<height>45</height>
				<orientation>horizontal</orientation>
				<control type="label">
					<width min="15" max="144">auto</width>
					<height>18</height>
					<label>$INFO[MusicPlayer.Time]</label>
					<aligny>center</aligny>
					<font>font-17</font>
					<textcolor>lightblue</textcolor>
					<shadowcolor>black</shadowcolor>
				</control>
				<control type="group">
					<width>180</width>
					<height>22</height>
					<control type="progress">
						<description>Progressbar</description>
						<posx>0</posx>
						<posy>0</posy>
						<width>180</width>
						<height>22</height>
						<info>Player.Progress</info>
					</control>
					<control type="slider" id="888">
						<description>Slider</description>
						<posx>0</posx>
						<posy>0</posy>
						<width>180</width>
						<height>22</height>
						<action>seek</action>
					</control>
				</control>
				<control type="label">
					<width min="15" max="144">auto</width>
					<height>18</height>
					<label>$INFO[MusicPlayer.Duration]</label>
					<aligny>center</aligny>
					<font>font-17</font>
					<textcolor>lightblue</textcolor>
					<shadowcolor>black</shadowcolor>
				</control>
			</control>
		</control>
		<control type="group">
			<posx>126</posx>
			<posy>462</posy>
			<width>600</width>
			<height>60</height>
			<animation effect="slide" start="0,0" end="-30,0" time="0" condition="System.HasMediaDVD">Conditional</animation>
			<animation effect="zoom" start="126,462,400,1" end="126,522,400,40" time="300" delay="300">WindowOpen</animation>
			<animation type="WindowClose">
				<effect type="zoom" start="126,522,400,40" end="126,462,400,1" time="150" delay="150" />
				<effect type="fade" start="100" end="0" time="50" delay="300" />
			</animation>
			<control type="button" id="400">
				<posx>0</posx>
				<posy>0</posy>
				<width>60</width>
				<height>60</height>
				<texturefocus>player-previous-focus.png</texturefocus>
				<texturenofocus>player-previous-nofocus.png</texturenofocus>
				<onleft>409</onleft>
				<onright>401</onright>
				<onup>400</onup>
				<ondown>400</ondown>
				<onclick>PlayerControl(Previous)</onclick>
			</control>
			<control type="button" id="401">
				<posx>60</posx>
				<posy>0</posy>
				<width>60</width>
				<height>60</height>
				<texturefocus>player-rewind-focus.png</texturefocus>
				<texturenofocus>player-rewind-nofocus.png</texturenofocus>
				<onleft>400</onleft>
				<onright>402</onright>
				<onup>401</onup>
				<ondown>401</ondown>
				<onclick>PlayerControl(Rewind)</onclick>
			</control>
			<control type="button" id="402">
				<posx>120</posx>
				<posy>0</posy>
				<width>60</width>
				<height>60</height>
				<texturefocus>player-stop-focus.png</texturefocus>
				<texturenofocus>player-stop-nofocus.png</texturenofocus>
				<onleft>401</onleft>
				<onright>403</onright>
				<onup>402</onup>
				<ondown>402</ondown>
				<onclick>PlayerControl(Stop)</onclick>
			</control>
			<control type="togglebutton" id="403">
				<posx>180</posx>
				<posy>0</posy>
				<width>60</width>
				<height>60</height>
				<texturefocus>player-pause-focus.png</texturefocus>
				<texturenofocus>player-pause-nofocus.png</texturenofocus>
				<usealttexture>Player.Paused | Player.Forwarding | Player.Rewinding</usealttexture>
				<alttexturefocus>player-play-focus.png</alttexturefocus>
				<alttexturenofocus>player-play-nofocus.png</alttexturenofocus>
				<onleft>402</onleft>
				<onright>404</onright>
				<onup>403</onup>
				<ondown>403</ondown>
				<onclick>PlayerControl(Play)</onclick>
			</control>
			<control type="button" id="404">
				<posx>240</posx>
				<posy>0</posy>
				<width>60</width>
				<height>60</height>
				<texturefocus>player-forward-focus.png</texturefocus>
				<texturenofocus>player-forward-nofocus.png</texturenofocus>
				<onleft>403</onleft>
				<onright>405</onright>
				<onup>404</onup>
				<ondown>404</ondown>
				<onclick>PlayerControl(Forward)</onclick>
			</control>
			<control type="button" id="405">
				<posx>300</posx>
				<posy>0</posy>
				<width>60</width>
				<height>60</height>
				<texturefocus>player-next-focus.png</texturefocus>
				<texturenofocus>player-next-nofocus.png</texturenofocus>
				<onleft>404</onleft>
				<onright>406</onright>
				<onup>405</onup>
				<ondown>405</ondown>
				<onclick>PlayerControl(Next)</onclick>
			</control>
			<control type="button" id="406">
				<posx>360</posx>
				<posy>0</posy>
				<width>60</width>
				<height>60</height>
				<texturefocus>-</texturefocus>
				<texturenofocus>-</texturenofocus>
				<onclick>PlayerControl(Repeat)</onclick>
				<onleft>405</onleft>
				<onright>407</onright>
				<onup>406</onup>
				<ondown>406</ondown>
			</control>
			<control type="image">
				<posx>360</posx>
				<posy>0</posy>
				<width>60</width>
				<height>60</height>
				<texture>player-repeat-nofocus.png</texture>
				<visible>!Playlist.IsRepeat + !Playlist.IsRepeatOne + !Control.HasFocus(406)</visible>
			</control>
			<control type="image">
				<posx>360</posx>
				<posy>0</posy>
				<width>60</width>
				<height>60</height>
				<texture>player-repeat-focus.png</texture>
				<visible>!Playlist.IsRepeat + !Playlist.IsRepeatOne + Control.HasFocus(406)</visible>
			</control>
			<control type="image">
				<posx>360</posx>
				<posy>0</posy>
				<width>60</width>
				<height>60</height>
				<texture>player-repeatone-nofocus.png</texture>
				<visible>Playlist.IsRepeatOne + !Control.HasFocus(406)</visible>
			</control>
			<control type="image">
				<posx>360</posx>
				<posy>0</posy>
				<width>60</width>
				<height>60</height>
				<texture>player-repeatone-focus.png</texture>
				<visible>Playlist.IsRepeatOne + Control.HasFocus(406)</visible>
			</control>
			<control type="image">
				<posx>360</posx>
				<posy>0</posy>
				<width>60</width>
				<height>60</height>
				<texture>player-repeatall-nofocus.png</texture>
				<visible>Playlist.IsRepeat + !Control.HasFocus(406)</visible>
			</control>
			<control type="image">
				<posx>360</posx>
				<posy>0</posy>
				<width>60</width>
				<height>60</height>
				<texture>player-repeatall-focus.png</texture>
				<visible>Playlist.IsRepeat + Control.HasFocus(406)</visible>
			</control>
			<control type="togglebutton" id="407">
				<posx>420</posx>
				<posy>0</posy>
				<width>60</width>
				<height>60</height>
				<texturefocus>player-random-focus.png</texturefocus>
				<texturenofocus>player-random-nofocus.png</texturenofocus>
				<usealttexture>Playlist.IsRandom</usealttexture>
				<alttexturefocus>player-randomselected-focus.png</alttexturefocus>
				<alttexturenofocus>player-randomselected-nofocus.png</alttexturenofocus>
				<onclick>PlayerControl(Random)</onclick>
				<onleft>406</onleft>
				<onright>408</onright>
				<onup>407</onup>
				<ondown>407</ondown>
			</control>
			<control type="button" id="408">
				<posx>480</posx>
				<posy>0</posy>
				<width>60</width>
				<height>60</height>
				<texturefocus>player-fullscreen-focus.png</texturefocus>
				<texturenofocus>player-fullscreen-nofocus.png</texturenofocus>
				<onleft>407</onleft>
				<onright>409</onright>
				<onup>408</onup>
				<ondown>408</ondown>
				<onclick>FullScreen</onclick>
			</control>
			<control type="button" id="409">
				<posx>540</posx>
				<posy>0</posy>
				<width>60</width>
				<height>60</height>
				<texturefocus>player-disc-focus.png</texturefocus>
				<texturenofocus>player-disc-nofocus.png</texturenofocus>
				<onleft>408</onleft>
				<onright>400</onright>
				<onup>409</onup>
				<ondown>409</ondown>
				<onclick>PlayDVD()</onclick>
				<visible>System.HasMediaDVD</visible>
			</control>
		</control>
	</controls>
</window>
