<?xml version="1.0" encoding="UTF-8"?>
<window>
	<!-- script-skinshortcuts -->
	<defaultcontrol always="true">211</defaultcontrol>
	<include>DialogZoomAnimation</include>
	<controls>
		<control type="group">
			<posx>0</posx>
			<posy>80</posy>
			<control type="image">
				<posx>0</posx>
				<posy>0</posy>
				<width>1060</width>
				<height>860</height>
				<texture colordiffuse="grey_50">dialogs/white.png</texture>
				<animation effect="fade" end="75" time="0" condition="true">Conditional</animation>
			</control>

			<!-- Heading -->
			<control type="label"> <!-- ID=500 -->
				<posx>0</posx>
				<top>0</top>
				<width>1020</width>
				<height>108</height>
				<align>center</align>
				<label>התאמת מסך הבית</label>
				<font>font-40</font>
			</control>
			<!-- Move down -->
			<control type="button" id="304">
				<left>-300</left>
				<top>-15</top>
				<width>1</width>
				<height>1</height>
				<onleft>303</onleft>
				<onright>9000</onright>
				<onup>Control.Move(211,-1)</onup>
				<ondown>Control.Move(211,1)</ondown>
			</control>
			<!-- Move up -->
			<control type="button" id="303">
				<left>-300</left>
				<top>-15</top>
				<width>1</width>
				<height>1</height>
				<onleft>302</onleft>
				<onright>304</onright>
				<onup>Control.Move(211,-1)</onup>
				<ondown>Control.Move(211,1)</ondown>
			</control>
			<!-- Remove -->
			<control type="button" id="302">
				<left>-300</left>
				<top>-15</top>
				<width>1</width>
				<height>1</height>
				<onleft>9000</onleft>
				<onright>303</onright>
				<onup>Control.Move(211,-1)</onup>
				<ondown>Control.Move(211,1)</ondown>
			</control>
			<!-- List OF Items -->
			<control type="image">
				<posx>1020</posx>
				<posy>0</posy>
				<width>320</width>
				<height>860</height>
				<texture border="1">dialogs/grey1.png</texture>
			</control>
			<control type="list" id="211">
				<posx>1020</posx>
				<posy>10</posy>
				<width>322</width>
				<height>830</height>
				<onleft>304</onleft>
				<onright>noop</onright>
				<onup>noop</onup>
				<ondown>9001</ondown>
				<scrolltime tween="sine" easing="out">240</scrolltime>
				<itemlayout width="560" height="60">
					<control type="label">
						<posx>0</posx>
						<posy>10</posy>
						<width>280</width>
						<height>60</height>
						<textcolor>grey_a</textcolor>
						<align>right</align>
						<label>$INFO[ListItem.Label]</label>
					</control>
					<control type="image">
						<posx>285</posx>
						<posy>15</posy>
						<height>30</height>
						<width>30</width>
						<texture fallback="special://skin/extras/icons/default.png" colordiffuse="grey" background="true">$INFO[ListItem.Thumb]</texture>
					</control>

				</itemlayout>
				<focusedlayout width="560" height="60">
					<control type="image">
						<posx>0</posx>
						<posy>0</posy>
						<width>530</width>
						<height>60</height>
						<texture border="1">dialogs/grey2.png</texture>
					</control>
					<control type="image">
						<posx>285</posx>
						<posy>15</posy>
						<height>30</height>
						<width>30</width>
						<texture fallback="special://skin/extras/icons/default.png" background="true">$INFO[ListItem.Thumb]</texture>
					</control>
					<control type="label">
						<posx>0</posx>
						<posy>10</posy>
						<width>280</width>
						<height>60</height>
						<scroll>true</scroll>
						<textcolor>grey_b</textcolor>
						<align>right</align>
						<label>$INFO[ListItem.Label]</label>
						<animation effect="fade" start="100" end="75" time="0" condition="!Control.HasFocus(211)">Conditional</animation>
					</control>

					<control type="image">
						<posx>60</posx>
						<posy>15</posy>
						<width>32</width>
						<height>32</height>
						<texture colordiffuse="$VAR[main_color]">main/arrowdown.png</texture>
						<visible>Control.HasFocus(304)</visible>
					</control>
					<control type="image">
						<posx>60</posx>
						<posy>15</posy>
						<width>32</width>
						<height>32</height>
						<texture colordiffuse="grey">main/arrowdown.png</texture>
						<visible>!Control.HasFocus(304)</visible>
					</control>

					<control type="image">
						<posx>30</posx>
						<posy>15</posy>
						<width>32</width>
						<height>32</height>
						<texture colordiffuse="$VAR[main_color]">main/arrowup.png</texture>
						<visible>Control.HasFocus(303)</visible>
					</control>
					<control type="image">
						<posx>30</posx>
						<posy>15</posy>
						<width>32</width>
						<height>32</height>
						<texture colordiffuse="grey">main/arrowup.png</texture>
						<visible>!Control.HasFocus(303)</visible>
					</control>
					<control type="image">
						<posx>0</posx>
						<posy>15</posy>
						<width>32</width>
						<height>32</height>
						<texture colordiffuse="$VAR[main_color]">main/trash.png</texture>
						<visible>Control.HasFocus(302)</visible>
					</control>
					<control type="image">
						<posx>0</posx>
						<posy>15</posy>
						<width>32</width>
						<height>32</height>
						<texture colordiffuse="grey">main/trash.png</texture>
						<visible>!Control.HasFocus(302)</visible>
					</control>

				</focusedlayout>
			</control>
			<!-- List OF Options -->


			<control type="grouplist" id="9000">
				<posx>0</posx>
				<posy>130</posy>
				<width>1020</width>
				<height>750</height>
				<itemgap>0</itemgap>
				<onleft>noop</onleft>
				<onright>302</onright>
				<onup>noop</onup>
				<ondown>9001</ondown>
				<orientation>vertical</orientation>
				<scrolltime tween="sine" easing="out">240</scrolltime>
				<!-- Change shortcut -->
				<control type="button" id="401">
					<height>60</height>
					<include>skinbuttons</include>
					<label>קיצור דרך</label>
				</control>
				<!-- Change label -->
				<control type="button" id="305">
					<height>60</height>
					<include>skinbuttons</include>
					<width>1020</width>
					<label>שם כפתור</label>
					<label2>$INFO[Container(211).ListItem.Label]</label2>
				</control>
				<!-- Change background -->
				<control type="button" id="310">
					<height>60</height>
					<include>skinbuttons</include>
					<width>1020</width>
					<label>בחר רקע</label>
					<label2>$INFO[Container(211).ListItem.Property(Background)]</label2>
				</control>
				<!-- Change Icon -->
				<control type="button" id="311">
					<height>60</height>
					<include>skinbuttons</include>
					<width>1020</width>
					<label>בחר אייקון</label>
					<label2>$INFO[Container(211).ListItem.Property(Thumbnail)]</label2>
				</control>
				<!-- Change action -->
				<control type="button" id="307">
					<height>60</height>
					<include>skinbuttons</include>
					<width>1020</width>
					<label>בחר פעולה</label>
					<label2>$INFO[Container(211).ListItem.Property(displaypath)]</label2>
				</control>
				<!-- Edit sub menu -->
				<control type="button" id="405">
					<height>60</height>
					<include>skinbuttons</include>
					<width>1020</width>
					<label>ערוך תת-תפריט</label>
					<visible>StringCompare(Window.Property(groupname),mainmenu)</visible>
				</control>
				<!-- Edit widget -->
				<control type="button" id="309">
					<height>60</height>
					<include>skinbuttons</include>
					<width>1020</width>
					<label>ערוך ווידגט</label>
					<label2>$INFO[Container(211).ListItem.Property(widgetName)]</label2>
					<visible>StringCompare(Window.Property(groupname), mainmenu)</visible>
				</control>
				
			</control>
			<!-- Button grouplist -->
			<control type="grouplist" id="9001">
				<posx>80</posx>
				<top>800</top>
				<width>940</width>
				<itemgap>15</itemgap>
				<onleft>211</onleft>
				<onright>211</onright>
				<onup>9000</onup>
				<ondown>noop</ondown>
				<orientation>horizontal</orientation>
				<!-- Reset all -->
				<control type="button" id="999">
					<align>center</align>
					<width>220</width>
					<onclick>Dialog.Close(all, true)</onclick>
					<onclick>RunScript(script.skinshortcuts,type=resetall)</onclick>
					<label>שחזר הכל</label>
					<include>skinbuttons</include>
					<visible>false</visible>
				</control>
				<!-- Reset -->
				<control type="button" id="308">
					<align>center</align>
					<width>220</width>
					<label>שחזר הכל</label>
					<include>skinbuttons</include>
				</control>
				<!-- Add item -->
				<control type="button" id="301">
					<align>center</align>
					<width>220</width>
					<include>skinbuttons</include>
					<label>הוסף תפריט</label>
				</control>
				<!-- OK Button -->
				<control type="button" id="10">
					<align>center</align>
					<width>220</width>
					<label>186</label>
					<onback condition="StringCompare(Window.Property(groupname),mainmenu)">RunScript(script.skinshortcuts,type=buildxml&amp;mainmenuID=9000&amp;levels=0)</onback>
					<onclick condition="StringCompare(Window.Property(groupname),mainmenu)">RunScript(script.skinshortcuts,type=buildxml&amp;mainmenuID=9000&amp;levels=0)</onclick>
					<onclick>Close</onclick>
					<include>skinbuttons</include>
				</control>


			</control>
		</control>
	</controls>
</window>
