<?xml version='1.0' encoding='UTF-8'?>
<includes>
	<include name="skinshortcuts-mainmenu">
		<item id="1">
			<label>$LOCALIZE[10006]</label>
			<label2>Common Shortcut</label2>
			<icon>DefaultShortcut.png</icon>
			<thumb>special://skin/extras/icons/videos.png</thumb>
			<property name="labelID">videos</property>
			<property name="defaultID">videos</property>
			<onclick>ActivateWindow(Videos,root)</onclick>
			<property name="path">ActivateWindow(Videos,root)</property>
			<visible>StringCompare(System.ProfileName,Master user)</visible>
			<property name="submenuVisibility">videos</property>
			<property name="group">mainmenu</property>
			<property name="widget">VideoAddons</property>
			<property name="widgetName">Video addons</property>
			<property name="background">special://skin/backgrounds/videos.jpg</property>
			<property name="backgroundName">$LOCALIZE[31514]</property>
			<property name="hasSubmenu">True</property>
		</item>
		<item id="2">
			<label>$ADDON[script.skinshortcuts 32032]</label>
			<label2>Common Shortcut</label2>
			<icon>DefaultShortcut.png</icon>
			<thumb>special://skin/extras/icons/dvd.png</thumb>
			<property name="labelID">dvd</property>
			<property name="defaultID">dvd</property>
			<visible>System.HasMediaDVD</visible>
			<onclick>XBMC.PlayDVD()</onclick>
			<property name="path">XBMC.PlayDVD()</property>
			<visible>StringCompare(System.ProfileName,Master user)</visible>
			<property name="submenuVisibility">dvd</property>
			<property name="group">mainmenu</property>
			<property name="hasSubmenu">True</property>
		</item>
		<item id="3">
			<label>$LOCALIZE[342]</label>
			<label2>Common Shortcut</label2>
			<icon>DefaultShortcut.png</icon>
			<thumb>special://skin/extras/icons/movies.png</thumb>
			<property name="labelID">movies</property>
			<property name="defaultID">movies</property>
			<visible>Library.HasContent(Movies)</visible>
			<onclick>ActivateWindow(Videos,MovieTitles,return)</onclick>
			<property name="path">ActivateWindow(Videos,MovieTitles,return)</property>
			<visible>StringCompare(System.ProfileName,Master user)</visible>
			<property name="submenuVisibility">movies</property>
			<property name="group">mainmenu</property>
			<property name="widget">RecentMovies</property>
			<property name="widgetName">Recent movies</property>
			<property name="background">movieFanart</property>
			<property name="backgroundName">$LOCALIZE[31511]</property>
			<property name="hasSubmenu">True</property>
		</item>
		<item id="4">
			<label>$LOCALIZE[20343]</label>
			<label2>Common Shortcut</label2>
			<icon>DefaultShortcut.png</icon>
			<thumb>special://skin/extras/icons/tvshows.png</thumb>
			<property name="labelID">tvshows</property>
			<property name="defaultID">tvshows</property>
			<visible>Library.HasContent(TVShows)</visible>
			<onclick>ActivateWindow(Videos,TVShowTitles,return)</onclick>
			<property name="path">ActivateWindow(Videos,TVShowTitles,return)</property>
			<visible>StringCompare(System.ProfileName,Master user)</visible>
			<property name="submenuVisibility">tvshows</property>
			<property name="group">mainmenu</property>
			<property name="widget">RecentEpisodes</property>
			<property name="widgetName">Recent episodes</property>
			<property name="background">tvshowsFanart</property>
			<property name="backgroundName">$LOCALIZE[31512]</property>
			<property name="hasSubmenu">True</property>
		</item>
		<item id="5">
			<label>$LOCALIZE[24001]</label>
			<label2>Common Shortcut</label2>
			<icon>DefaultShortcut.png</icon>
			<thumb>special://skin/extras/icons/vaddons.png</thumb>
			<property name="labelID">24001</property>
			<property name="defaultID">vaddons</property>
			<onclick>ActivateWindow(Videos,Addons,return)</onclick>
			<property name="path">ActivateWindow(Videos,Addons,return)</property>
			<visible>StringCompare(System.ProfileName,Master user)</visible>
			<property name="submenuVisibility">num-24001</property>
			<property name="group">mainmenu</property>
			<property name="hasSubmenu">False</property>
		</item>
		<item id="6">
			<label>$ADDON[script.skinshortcuts 32022]</label>
			<label2>Common Shortcut</label2>
			<icon>DefaultShortcut.png</icon>
			<thumb>special://skin/extras/icons/tv.png</thumb>
			<property name="labelID">livetv</property>
			<property name="defaultID">tv</property>
			<visible>PVR.HasTVChannels</visible>
			<onclick>ActivateWindow(TVChannels)</onclick>
			<property name="path">ActivateWindow(TVChannels)</property>
			<visible>StringCompare(System.ProfileName,Master user)</visible>
			<property name="submenuVisibility">livetv</property>
			<property name="group">mainmenu</property>
			<property name="widget">PVR</property>
			<property name="widgetName">PVR Channels</property>
			<property name="hasSubmenu">True</property>
		</item>
		<item id="7">
			<label>$LOCALIZE[10005]</label>
			<label2>Common Shortcut</label2>
			<icon>DefaultShortcut.png</icon>
			<thumb>special://skin/extras/icons/music.png</thumb>
			<property name="labelID">music</property>
			<property name="defaultID">music</property>
			<onclick>ActivateWindow(Music,root)</onclick>
			<property name="path">ActivateWindow(Music,root)</property>
			<visible>StringCompare(System.ProfileName,Master user)</visible>
			<property name="submenuVisibility">music</property>
			<property name="group">mainmenu</property>
			<property name="widget">RandomAlbums</property>
			<property name="widgetName">Random albums</property>
			<property name="background">musicFanart</property>
			<property name="backgroundName">$LOCALIZE[31513]</property>
			<property name="hasSubmenu">True</property>
		</item>
		<item id="8">
			<label>$LOCALIZE[20389]</label>
			<label2>Common Shortcut</label2>
			<icon>DefaultShortcut.png</icon>
			<thumb>special://skin/extras/icons/musicvideos.png</thumb>
			<property name="labelID">musicvideos</property>
			<property name="defaultID">musicvideos</property>
			<onclick>ActivateWindow(Videos,videodb://musicvideos/titles/,return)</onclick>
			<property name="path">ActivateWindow(Videos,videodb://musicvideos/titles/,return)</property>
			<visible>StringCompare(System.ProfileName,Master user)</visible>
			<property name="submenuVisibility">musicvideos</property>
			<property name="group">mainmenu</property>
			<property name="widget">MusicVideos</property>
			<property name="widgetName">Music Videos</property>
			<property name="hasSubmenu">False</property>
		</item>
		<item id="9">
			<label>$LOCALIZE[10002]</label>
			<label2>Common Shortcut</label2>
			<icon>DefaultShortcut.png</icon>
			<thumb>special://skin/extras/icons/pictures.png</thumb>
			<property name="labelID">pictures</property>
			<property name="defaultID">pictures</property>
			<onclick>ActivateWindow(Pictures)</onclick>
			<property name="path">ActivateWindow(Pictures)</property>
			<visible>StringCompare(System.ProfileName,Master user)</visible>
			<property name="submenuVisibility">pictures</property>
			<property name="group">mainmenu</property>
			<property name="widget">PictureAddons</property>
			<property name="widgetName">Pictures addons</property>
			<property name="hasSubmenu">True</property>
		</item>
		<item id="10">
			<label>$LOCALIZE[10001]</label>
			<label2>Common Shortcut</label2>
			<icon>DefaultShortcut.png</icon>
			<thumb>special://skin/extras/icons/programs.png</thumb>
			<property name="labelID">programs</property>
			<property name="defaultID">programs</property>
			<onclick>ActivateWindow(Programs,Addons,return)</onclick>
			<property name="path">ActivateWindow(Programs,Addons,return)</property>
			<visible>StringCompare(System.ProfileName,Master user)</visible>
			<property name="submenuVisibility">programs</property>
			<property name="group">mainmenu</property>
			<property name="hasSubmenu">False</property>
		</item>
		<item id="11">
			<label>$LOCALIZE[1036]</label>
			<label2>Common Shortcut</label2>
			<icon>DefaultShortcut.png</icon>
			<thumb>special://skin/extras/icons/favourites.png</thumb>
			<property name="labelID">1036</property>
			<property name="defaultID">favourites</property>
			<onclick>ActivateWindow(favourites)</onclick>
			<property name="path">ActivateWindow(favourites)</property>
			<visible>StringCompare(System.ProfileName,Master user)</visible>
			<property name="submenuVisibility">num-1036</property>
			<property name="group">mainmenu</property>
			<property name="hasSubmenu">False</property>
		</item>
		<item id="12">
			<label>$LOCALIZE[12600]</label>
			<label2>Common Shortcut</label2>
			<icon>DefaultShortcut.png</icon>
			<thumb>special://skin/extras/icons/weather.png</thumb>
			<property name="labelID">weather</property>
			<property name="defaultID">weather</property>
			<visible>!IsEmpty(Weather.Plugin)</visible>
			<onclick>ActivateWindow(Weather)</onclick>
			<property name="path">ActivateWindow(Weather)</property>
			<visible>StringCompare(System.ProfileName,Master user)</visible>
			<property name="submenuVisibility">weather</property>
			<property name="group">mainmenu</property>
			<property name="widget">WeatherWidget</property>
			<property name="widgetName">Weather Forecast</property>
			<property name="background">weather</property>
			<property name="backgroundName">$LOCALIZE[400]</property>
			<property name="hasSubmenu">True</property>
		</item>
		<item id="13">
			<label>$LOCALIZE[137]</label>
			<label2>Custom shortcut</label2>
			<icon>DefaultShortcut.png</icon>
			<thumb>special://skin/extras/icons/search.png</thumb>
			<property name="labelID">script.globalsearch</property>
			<property name="defaultID">script.globalsearch</property>
			<onclick>RunScript(script.globalsearch)</onclick>
			<property name="path">RunScript(script.globalsearch)</property>
			<visible>StringCompare(System.ProfileName,Master user)</visible>
			<property name="submenuVisibility">script-globalsearch</property>
			<property name="group">mainmenu</property>
			<property name="hasSubmenu">False</property>
		</item>
		<item id="14">
			<label>$LOCALIZE[10004]</label>
			<label2>Common Shortcut</label2>
			<icon>DefaultShortcut.png</icon>
			<thumb>special://skin/extras/icons/settings.png</thumb>
			<property name="labelID">settings</property>
			<property name="defaultID">settings</property>
			<onclick>ActivateWindow(Settings)</onclick>
			<property name="path">ActivateWindow(Settings)</property>
			<visible>StringCompare(System.ProfileName,Master user)</visible>
			<property name="submenuVisibility">settings</property>
			<property name="group">mainmenu</property>
			<property name="hasSubmenu">True</property>
		</item>
	</include>
	<include />
	<include name="skinshortcuts-submenu">
		<item id="1">
			<label>$LOCALIZE[1037]</label>
			<label2>$ADDON[script.skinshortcuts 32014]</label2>
			<icon>DefaultAddonVideo.png</icon>
			<thumb />
			<property name="labelID">1037</property>
			<property name="defaultID">1037</property>
			<onclick>ActivateWindow(Videos,Addons,return)</onclick>
			<property name="path">ActivateWindow(Videos,Addons,return)</property>
			<visible>StringCompare(System.ProfileName,Master user) + [StringCompare(Container(9000).ListItem.Property(submenuVisibility),videos)]</visible>
			<property name="isSubmenu">True</property>
			<property name="group">videos</property>
		</item>
		<item id="2">
			<label>$LOCALIZE[744]</label>
			<label2>$ADDON[script.skinshortcuts 32014]</label2>
			<icon>DefaultFolder.png</icon>
			<thumb />
			<property name="labelID">744</property>
			<property name="defaultID">744</property>
			<onclick>ActivateWindow(Videos,Files,return)</onclick>
			<property name="path">ActivateWindow(Videos,Files,return)</property>
			<visible>StringCompare(System.ProfileName,Master user) + [StringCompare(Container(9000).ListItem.Property(submenuVisibility),videos)]</visible>
			<property name="isSubmenu">True</property>
			<property name="group">videos</property>
		</item>
		<item id="3">
			<label>$LOCALIZE[20389]</label>
			<label2>$ADDON[script.skinshortcuts 32034]</label2>
			<icon>DefaultMusicVideos.png</icon>
			<thumb />
			<property name="labelID">musicvideos</property>
			<property name="defaultID">musicvideos</property>
			<visible>Library.HasContent(MusicVideos)</visible>
			<onclick>ActivateWindow(MusicLibrary,MusicVideos,return)</onclick>
			<property name="path">ActivateWindow(MusicLibrary,MusicVideos,return)</property>
			<visible>StringCompare(System.ProfileName,Master user) + [StringCompare(Container(9000).ListItem.Property(submenuVisibility),videos)]</visible>
			<property name="isSubmenu">True</property>
			<property name="group">videos</property>
		</item>
		<item id="1">
			<label>$ADDON[script.skinshortcuts 32033]</label>
			<label2>$ADDON[script.skinshortcuts 32034]</label2>
			<icon>DefaultDVDFull.png</icon>
			<thumb />
			<property name="labelID">32033</property>
			<property name="defaultID">32033</property>
			<onclick>EjectTray()</onclick>
			<property name="path">EjectTray()</property>
			<visible>StringCompare(System.ProfileName,Master user) + [StringCompare(Container(9000).ListItem.Property(submenuVisibility),dvd)]</visible>
			<property name="isSubmenu">True</property>
			<property name="group">dvd</property>
		</item>
		<item id="1">
			<label>$LOCALIZE[31500]</label>
			<label2>$LOCALIZE[342]</label2>
			<icon />
			<thumb />
			<property name="labelID">31500</property>
			<property name="defaultID">31500</property>
			<onclick>ActivateWindow(Videos,plugin://service.library.data.provider?type=recentmovies,return)</onclick>
			<property name="path">ActivateWindow(Videos,plugin://service.library.data.provider?type=recentmovies,return)</property>
			<visible>StringCompare(System.ProfileName,Master user) + [StringCompare(Container(9000).ListItem.Property(submenuVisibility),movies)]</visible>
			<property name="isSubmenu">True</property>
			<property name="group">movies</property>
		</item>
		<item id="2">
			<label>$LOCALIZE[31501]</label>
			<label2>$LOCALIZE[342]</label2>
			<icon />
			<thumb />
			<property name="labelID">31501</property>
			<property name="defaultID">31501</property>
			<onclick>ActivateWindow(Videos,plugin://service.library.data.provider?type=randommovies,return)</onclick>
			<property name="path">ActivateWindow(Videos,plugin://service.library.data.provider?type=randommovies,return)</property>
			<visible>StringCompare(System.ProfileName,Master user) + [StringCompare(Container(9000).ListItem.Property(submenuVisibility),movies)]</visible>
			<property name="isSubmenu">True</property>
			<property name="group">movies</property>
		</item>
		<item id="3">
			<label>$LOCALIZE[31502]</label>
			<label2>$LOCALIZE[342]</label2>
			<icon />
			<thumb />
			<property name="labelID">31502</property>
			<property name="defaultID">31502</property>
			<onclick>ActivateWindow(Videos,plugin://service.library.data.provider?type=recommendedmovies,return)</onclick>
			<property name="path">ActivateWindow(Videos,plugin://service.library.data.provider?type=recommendedmovies,return)</property>
			<visible>StringCompare(System.ProfileName,Master user) + [StringCompare(Container(9000).ListItem.Property(submenuVisibility),movies)]</visible>
			<property name="isSubmenu">True</property>
			<property name="group">movies</property>
		</item>
		<item id="4">
			<label>$LOCALIZE[20434]</label>
			<label2>$LOCALIZE[342]</label2>
			<icon />
			<thumb />
			<property name="labelID">20434</property>
			<property name="defaultID">20434</property>
			<visible>Library.HasContent(Movies)</visible>
			<onclick>ActivateWindow(Videos,MovieSets,return)</onclick>
			<property name="path">ActivateWindow(Videos,MovieSets,return)</property>
			<visible>StringCompare(System.ProfileName,Master user) + [StringCompare(Container(9000).ListItem.Property(submenuVisibility),movies)]</visible>
			<property name="isSubmenu">True</property>
			<property name="group">movies</property>
		</item>
		<item id="5">
			<label>$LOCALIZE[135]</label>
			<label2>$LOCALIZE[342]</label2>
			<icon />
			<thumb />
			<property name="labelID">135</property>
			<property name="defaultID">135</property>
			<visible>Library.HasContent(Movies)</visible>
			<onclick>ActivateWindow(Videos,MovieGenres,return)</onclick>
			<property name="path">ActivateWindow(Videos,MovieGenres,return)</property>
			<visible>StringCompare(System.ProfileName,Master user) + [StringCompare(Container(9000).ListItem.Property(submenuVisibility),movies)]</visible>
			<property name="isSubmenu">True</property>
			<property name="group">movies</property>
		</item>
		<item id="6">
			<label>$LOCALIZE[562]</label>
			<label2>$LOCALIZE[342]</label2>
			<icon />
			<thumb />
			<property name="labelID">562</property>
			<property name="defaultID">562</property>
			<visible>Library.HasContent(Movies)</visible>
			<onclick>ActivateWindow(Videos,MovieYears,return)</onclick>
			<property name="path">ActivateWindow(Videos,MovieYears,return)</property>
			<visible>StringCompare(System.ProfileName,Master user) + [StringCompare(Container(9000).ListItem.Property(submenuVisibility),movies)]</visible>
			<property name="isSubmenu">True</property>
			<property name="group">movies</property>
		</item>
		<item id="7">
			<label>$LOCALIZE[344]</label>
			<label2>$LOCALIZE[342]</label2>
			<icon />
			<thumb />
			<property name="labelID">344</property>
			<property name="defaultID">344</property>
			<visible>Library.HasContent(Movies)</visible>
			<onclick>ActivateWindow(Videos,MovieActors,return)</onclick>
			<property name="path">ActivateWindow(Videos,MovieActors,return)</property>
			<visible>StringCompare(System.ProfileName,Master user) + [StringCompare(Container(9000).ListItem.Property(submenuVisibility),movies)]</visible>
			<property name="isSubmenu">True</property>
			<property name="group">movies</property>
		</item>
		<item id="1">
			<label>$LOCALIZE[31503]</label>
			<label2>$LOCALIZE[562]</label2>
			<icon>DefaultRecentlyAddedEpisodes.png</icon>
			<thumb />
			<property name="labelID">31503</property>
			<property name="defaultID">31503</property>
			<onclick>ActivateWindow(Videos,plugin://service.library.data.provider?type=recentepisodes,return)</onclick>
			<property name="path">ActivateWindow(Videos,plugin://service.library.data.provider?type=recentepisodes,return)</property>
			<visible>StringCompare(System.ProfileName,Master user) + [StringCompare(Container(9000).ListItem.Property(submenuVisibility),tvshows)]</visible>
			<property name="isSubmenu">True</property>
			<property name="group">tvshows</property>
		</item>
		<item id="2">
			<label>$LOCALIZE[31504]</label>
			<label2>$LOCALIZE[562]</label2>
			<icon>DefaultShortcut.png</icon>
			<thumb />
			<property name="labelID">31504</property>
			<property name="defaultID">31504</property>
			<onclick>ActivateWindow(Videos,plugin://service.library.data.provider?type=randomepisodes,return)</onclick>
			<property name="path">ActivateWindow(Videos,plugin://service.library.data.provider?type=randomepisodes,return)</property>
			<visible>StringCompare(System.ProfileName,Master user) + [StringCompare(Container(9000).ListItem.Property(submenuVisibility),tvshows)]</visible>
			<property name="isSubmenu">True</property>
			<property name="group">tvshows</property>
		</item>
		<item id="3">
			<label>$LOCALIZE[31505]</label>
			<label2>$LOCALIZE[562]</label2>
			<icon>DefaultShortcut.png</icon>
			<thumb />
			<property name="labelID">31505</property>
			<property name="defaultID">31505</property>
			<onclick>ActivateWindow(Videos,plugin://service.library.data.provider?type=recommendedepisodes,return)</onclick>
			<property name="path">ActivateWindow(Videos,plugin://service.library.data.provider?type=recommendedepisodes,return)</property>
			<visible>StringCompare(System.ProfileName,Master user) + [StringCompare(Container(9000).ListItem.Property(submenuVisibility),tvshows)]</visible>
			<property name="isSubmenu">True</property>
			<property name="group">tvshows</property>
		</item>
		<item id="4">
			<label>$LOCALIZE[135]</label>
			<label2>$LOCALIZE[20343]</label2>
			<icon>DefaultShortcut.png</icon>
			<thumb />
			<property name="labelID">135</property>
			<property name="defaultID">135</property>
			<visible>Library.HasContent(TVShows)</visible>
			<onclick>ActivateWindow(Videos,TvShowGenres,return)</onclick>
			<property name="path">ActivateWindow(Videos,TvShowGenres,return)</property>
			<visible>StringCompare(System.ProfileName,Master user) + [StringCompare(Container(9000).ListItem.Property(submenuVisibility),tvshows)]</visible>
			<property name="isSubmenu">True</property>
			<property name="group">tvshows</property>
		</item>
		<item id="5">
			<label>$LOCALIZE[562]</label>
			<label2>$LOCALIZE[20343]</label2>
			<icon>DefaultShortcut.png</icon>
			<thumb />
			<property name="labelID">562</property>
			<property name="defaultID">562</property>
			<visible>Library.HasContent(TVShows)</visible>
			<onclick>ActivateWindow(Videos,TvShowYears,return)</onclick>
			<property name="path">ActivateWindow(Videos,TvShowYears,return)</property>
			<visible>StringCompare(System.ProfileName,Master user) + [StringCompare(Container(9000).ListItem.Property(submenuVisibility),tvshows)]</visible>
			<property name="isSubmenu">True</property>
			<property name="group">tvshows</property>
		</item>
		<item id="6">
			<label>$LOCALIZE[344]</label>
			<label2>$LOCALIZE[20343]</label2>
			<icon>DefaultActor.png</icon>
			<thumb />
			<property name="labelID">344</property>
			<property name="defaultID">344</property>
			<visible>Library.HasContent(TVShows)</visible>
			<onclick>ActivateWindow(Videos,TvShowActors,return)</onclick>
			<property name="path">ActivateWindow(Videos,TvShowActors,return)</property>
			<visible>StringCompare(System.ProfileName,Master user) + [StringCompare(Container(9000).ListItem.Property(submenuVisibility),tvshows)]</visible>
			<property name="isSubmenu">True</property>
			<property name="group">tvshows</property>
		</item>
		<item id="1">
			<label>$LOCALIZE[19019]</label>
			<label2>Live TV</label2>
			<icon />
			<thumb />
			<property name="labelID">19019</property>
			<property name="defaultID">19019</property>
			<visible>PVR.HasTVChannels</visible>
			<onclick>ActivateWindow(TVChannels)</onclick>
			<property name="path">ActivateWindow(TVChannels)</property>
			<visible>StringCompare(System.ProfileName,Master user) + [StringCompare(Container(9000).ListItem.Property(submenuVisibility),livetv)]</visible>
			<property name="isSubmenu">True</property>
			<property name="group">livetv</property>
		</item>
		<item id="2">
			<label>$LOCALIZE[19183]</label>
			<label2>Live TV</label2>
			<icon />
			<thumb />
			<property name="labelID">19183</property>
			<property name="defaultID">19183</property>
			<visible>PVR.HasRadioChannels</visible>
			<onclick>ActivateWindow(radiochannels,return)</onclick>
			<property name="path">ActivateWindow(radiochannels,return)</property>
			<visible>StringCompare(System.ProfileName,Master user) + [StringCompare(Container(9000).ListItem.Property(submenuVisibility),livetv)]</visible>
			<property name="isSubmenu">True</property>
			<property name="group">livetv</property>
		</item>
		<item id="3">
			<label>$LOCALIZE[22020]</label>
			<label2>Live TV</label2>
			<icon />
			<thumb />
			<property name="labelID">22020</property>
			<property name="defaultID">22020</property>
			<visible>PVR.HasTVChannels</visible>
			<onclick>ActivateWindow(TVGuide)</onclick>
			<property name="path">ActivateWindow(TVGuide)</property>
			<visible>StringCompare(System.ProfileName,Master user) + [StringCompare(Container(9000).ListItem.Property(submenuVisibility),livetv)]</visible>
			<property name="isSubmenu">True</property>
			<property name="group">livetv</property>
		</item>
		<item id="4">
			<label>$LOCALIZE[19163]</label>
			<label2>Live TV</label2>
			<icon />
			<thumb />
			<property name="labelID">19163</property>
			<property name="defaultID">19163</property>
			<visible>PVR.HasTVChannels</visible>
			<onclick>ActivateWindow(TVRecordings)</onclick>
			<property name="path">ActivateWindow(TVRecordings)</property>
			<visible>StringCompare(System.ProfileName,Master user) + [StringCompare(Container(9000).ListItem.Property(submenuVisibility),livetv)]</visible>
			<property name="isSubmenu">True</property>
			<property name="group">livetv</property>
		</item>
		<item id="5">
			<label>$LOCALIZE[19040]</label>
			<label2>Live TV</label2>
			<icon />
			<thumb />
			<property name="labelID">19040</property>
			<property name="defaultID">19040</property>
			<visible>PVR.HasTVChannels</visible>
			<onclick>ActivateWindow(TVTimers)</onclick>
			<property name="path">ActivateWindow(TVTimers)</property>
			<visible>StringCompare(System.ProfileName,Master user) + [StringCompare(Container(9000).ListItem.Property(submenuVisibility),livetv)]</visible>
			<property name="isSubmenu">True</property>
			<property name="group">livetv</property>
		</item>
		<item id="6">
			<label>$LOCALIZE[137]</label>
			<label2>Live TV</label2>
			<icon />
			<thumb />
			<property name="labelID">137</property>
			<property name="defaultID">137</property>
			<visible>PVR.HasTVChannels</visible>
			<onclick>ActivateWindow(TVSearch)</onclick>
			<property name="path">ActivateWindow(TVSearch)</property>
			<visible>StringCompare(System.ProfileName,Master user) + [StringCompare(Container(9000).ListItem.Property(submenuVisibility),livetv)]</visible>
			<property name="isSubmenu">True</property>
			<property name="group">livetv</property>
		</item>
		<item id="1">
			<label>$LOCALIZE[133]</label>
			<label2>$ADDON[script.skinshortcuts 32019]</label2>
			<icon>DefaultMusicArtists.png</icon>
			<thumb />
			<property name="labelID">133</property>
			<property name="defaultID">133</property>
			<visible>Library.HasContent(Music)</visible>
			<onclick>ActivateWindow(MusicLibrary,Artists,return)</onclick>
			<property name="path">ActivateWindow(MusicLibrary,Artists,return)</property>
			<visible>StringCompare(System.ProfileName,Master user) + [StringCompare(Container(9000).ListItem.Property(submenuVisibility),music)]</visible>
			<property name="isSubmenu">True</property>
			<property name="group">music</property>
		</item>
		<item id="2">
			<label>$LOCALIZE[132]</label>
			<label2>$ADDON[script.skinshortcuts 32019]</label2>
			<icon>DefaultMusicAlbums.png</icon>
			<thumb />
			<property name="labelID">132</property>
			<property name="defaultID">132</property>
			<visible>Library.HasContent(Music)</visible>
			<onclick>ActivateWindow(MusicLibrary,Albums,return)</onclick>
			<property name="path">ActivateWindow(MusicLibrary,Albums,return)</property>
			<visible>StringCompare(System.ProfileName,Master user) + [StringCompare(Container(9000).ListItem.Property(submenuVisibility),music)]</visible>
			<property name="isSubmenu">True</property>
			<property name="group">music</property>
		</item>
		<item id="3">
			<label>$LOCALIZE[134]</label>
			<label2>$ADDON[script.skinshortcuts 32019]</label2>
			<icon>DefaultMusicSongs.png</icon>
			<thumb />
			<property name="labelID">134</property>
			<property name="defaultID">134</property>
			<visible>Library.HasContent(Music)</visible>
			<onclick>ActivateWindow(MusicLibrary,Songs,return)</onclick>
			<property name="path">ActivateWindow(MusicLibrary,Songs,return)</property>
			<visible>StringCompare(System.ProfileName,Master user) + [StringCompare(Container(9000).ListItem.Property(submenuVisibility),music)]</visible>
			<property name="isSubmenu">True</property>
			<property name="group">music</property>
		</item>
		<item id="4">
			<label>$LOCALIZE[744]</label>
			<label2>$ADDON[script.skinshortcuts 32019]</label2>
			<icon>DefaultFolder.png</icon>
			<thumb />
			<property name="labelID">744</property>
			<property name="defaultID">744</property>
			<onclick>ActivateWindow(MusicFiles)</onclick>
			<property name="path">ActivateWindow(MusicFiles)</property>
			<visible>StringCompare(System.ProfileName,Master user) + [StringCompare(Container(9000).ListItem.Property(submenuVisibility),music)]</visible>
			<property name="isSubmenu">True</property>
			<property name="group">music</property>
		</item>
		<item id="5">
			<label>$LOCALIZE[15100]</label>
			<label2>$ADDON[script.skinshortcuts 32019]</label2>
			<icon>DefaultFolder.png</icon>
			<thumb />
			<property name="labelID">15100</property>
			<property name="defaultID">15100</property>
			<visible>Library.HasContent(Music)</visible>
			<onclick>ActivateWindow(MusicLibrary,MusicLibrary,return)</onclick>
			<property name="path">ActivateWindow(MusicLibrary,MusicLibrary,return)</property>
			<visible>StringCompare(System.ProfileName,Master user) + [StringCompare(Container(9000).ListItem.Property(submenuVisibility),music)]</visible>
			<property name="isSubmenu">True</property>
			<property name="group">music</property>
		</item>
		<item id="6">
			<label>$LOCALIZE[1038]</label>
			<label2>$ADDON[script.skinshortcuts 32019]</label2>
			<icon>DefaultAddonMusic.png</icon>
			<thumb />
			<property name="labelID">1038</property>
			<property name="defaultID">1038</property>
			<visible>Library.HasContent(Music)</visible>
			<onclick>ActivateWindow(MusicLibrary,Addons,return)</onclick>
			<property name="path">ActivateWindow(MusicLibrary,Addons,return)</property>
			<visible>StringCompare(System.ProfileName,Master user) + [StringCompare(Container(9000).ListItem.Property(submenuVisibility),music)]</visible>
			<property name="isSubmenu">True</property>
			<property name="group">music</property>
		</item>
		<item id="1">
			<label>$LOCALIZE[1039]</label>
			<label2>$ADDON[script.skinshortcuts 32020]</label2>
			<icon>DefaultAddonPicture.png</icon>
			<thumb />
			<property name="labelID">1039</property>
			<property name="defaultID">1039</property>
			<onclick>ActivateWindow(Pictures,Addons,return)</onclick>
			<property name="path">ActivateWindow(Pictures,Addons,return)</property>
			<visible>StringCompare(System.ProfileName,Master user) + [StringCompare(Container(9000).ListItem.Property(submenuVisibility),pictures)]</visible>
			<property name="isSubmenu">True</property>
			<property name="group">pictures</property>
		</item>
		<item id="1">
			<label>$LOCALIZE[10004]</label>
			<label2>$ADDON[script.skinshortcuts 32034]</label2>
			<icon>DefaultShortcut.png</icon>
			<thumb />
			<property name="labelID">settings</property>
			<property name="defaultID">settings</property>
			<onclick>ActivateWindow(Settings)</onclick>
			<property name="path">ActivateWindow(Settings)</property>
			<visible>StringCompare(System.ProfileName,Master user) + [StringCompare(Container(9000).ListItem.Property(submenuVisibility),weather)]</visible>
			<property name="isSubmenu">True</property>
			<property name="group">weather</property>
		</item>
		<item id="1">
			<label>$LOCALIZE[7]</label>
			<label2>$ADDON[script.skinshortcuts 32034]</label2>
			<icon>DefaultFolder.png</icon>
			<thumb />
			<property name="labelID">7</property>
			<property name="defaultID">7</property>
			<onclick>ActivateWindow(FileManager)</onclick>
			<property name="path">ActivateWindow(FileManager)</property>
			<visible>StringCompare(System.ProfileName,Master user) + [StringCompare(Container(9000).ListItem.Property(submenuVisibility),settings)]</visible>
			<property name="isSubmenu">True</property>
			<property name="group">settings</property>
		</item>
		<item id="2">
			<label>$LOCALIZE[13200]</label>
			<label2>$ADDON[script.skinshortcuts 32034]</label2>
			<icon>DefaultShortcut.png</icon>
			<thumb />
			<property name="labelID">13200</property>
			<property name="defaultID">13200</property>
			<onclick>ActivateWindow(Profiles)</onclick>
			<property name="path">ActivateWindow(Profiles)</property>
			<visible>StringCompare(System.ProfileName,Master user) + [StringCompare(Container(9000).ListItem.Property(submenuVisibility),settings)]</visible>
			<property name="isSubmenu">True</property>
			<property name="group">settings</property>
		</item>
		<item id="3">
			<label>$LOCALIZE[10007]</label>
			<label2>$ADDON[script.skinshortcuts 32034]</label2>
			<icon>DefaultShortcut.png</icon>
			<thumb />
			<property name="labelID">10007</property>
			<property name="defaultID">10007</property>
			<onclick>ActivateWindow(SystemInfo)</onclick>
			<property name="path">ActivateWindow(SystemInfo)</property>
			<visible>StringCompare(System.ProfileName,Master user) + [StringCompare(Container(9000).ListItem.Property(submenuVisibility),settings)]</visible>
			<property name="isSubmenu">True</property>
			<property name="group">settings</property>
		</item>
	</include>
	<include name="skinshortcuts-group-videos">
		<item id="1">
			<label>$LOCALIZE[1037]</label>
			<label2>$ADDON[script.skinshortcuts 32014]</label2>
			<icon>DefaultAddonVideo.png</icon>
			<thumb />
			<property name="labelID">1037</property>
			<property name="defaultID">1037</property>
			<onclick>ActivateWindow(Videos,Addons,return)</onclick>
			<property name="path">ActivateWindow(Videos,Addons,return)</property>
			<visible>StringCompare(System.ProfileName,Master user)</visible>
			<property name="group">videos</property>
		</item>
		<item id="2">
			<label>$LOCALIZE[744]</label>
			<label2>$ADDON[script.skinshortcuts 32014]</label2>
			<icon>DefaultFolder.png</icon>
			<thumb />
			<property name="labelID">744</property>
			<property name="defaultID">744</property>
			<onclick>ActivateWindow(Videos,Files,return)</onclick>
			<property name="path">ActivateWindow(Videos,Files,return)</property>
			<visible>StringCompare(System.ProfileName,Master user)</visible>
			<property name="group">videos</property>
		</item>
		<item id="3">
			<label>$LOCALIZE[20389]</label>
			<label2>$ADDON[script.skinshortcuts 32034]</label2>
			<icon>DefaultMusicVideos.png</icon>
			<thumb />
			<property name="labelID">musicvideos</property>
			<property name="defaultID">musicvideos</property>
			<visible>Library.HasContent(MusicVideos)</visible>
			<onclick>ActivateWindow(MusicLibrary,MusicVideos,return)</onclick>
			<property name="path">ActivateWindow(MusicLibrary,MusicVideos,return)</property>
			<visible>StringCompare(System.ProfileName,Master user)</visible>
			<property name="group">videos</property>
		</item>
	</include>
	<include name="skinshortcuts-group-alt-videos">
		<item id="1">
			<label>$LOCALIZE[1037]</label>
			<label2>$ADDON[script.skinshortcuts 32014]</label2>
			<icon>DefaultAddonVideo.png</icon>
			<thumb />
			<property name="labelID">1037</property>
			<property name="defaultID">1037</property>
			<onclick>ActivateWindow(Videos,Addons,return)</onclick>
			<property name="path">ActivateWindow(Videos,Addons,return)</property>
			<visible>StringCompare(System.ProfileName,Master user) + [StringCompare(Window(10000).Property(submenuVisibility),videos)]</visible>
			<property name="isSubmenu">True</property>
			<property name="group">videos</property>
		</item>
		<item id="2">
			<label>$LOCALIZE[744]</label>
			<label2>$ADDON[script.skinshortcuts 32014]</label2>
			<icon>DefaultFolder.png</icon>
			<thumb />
			<property name="labelID">744</property>
			<property name="defaultID">744</property>
			<onclick>ActivateWindow(Videos,Files,return)</onclick>
			<property name="path">ActivateWindow(Videos,Files,return)</property>
			<visible>StringCompare(System.ProfileName,Master user) + [StringCompare(Window(10000).Property(submenuVisibility),videos)]</visible>
			<property name="isSubmenu">True</property>
			<property name="group">videos</property>
		</item>
		<item id="3">
			<label>$LOCALIZE[20389]</label>
			<label2>$ADDON[script.skinshortcuts 32034]</label2>
			<icon>DefaultMusicVideos.png</icon>
			<thumb />
			<property name="labelID">musicvideos</property>
			<property name="defaultID">musicvideos</property>
			<visible>Library.HasContent(MusicVideos)</visible>
			<onclick>ActivateWindow(MusicLibrary,MusicVideos,return)</onclick>
			<property name="path">ActivateWindow(MusicLibrary,MusicVideos,return)</property>
			<visible>StringCompare(System.ProfileName,Master user) + [StringCompare(Window(10000).Property(submenuVisibility),videos)]</visible>
			<property name="isSubmenu">True</property>
			<property name="group">videos</property>
		</item>
	</include>
	<include name="skinshortcuts-group-dvd">
		<item id="1">
			<label>$ADDON[script.skinshortcuts 32033]</label>
			<label2>$ADDON[script.skinshortcuts 32034]</label2>
			<icon>DefaultDVDFull.png</icon>
			<thumb />
			<property name="labelID">32033</property>
			<property name="defaultID">32033</property>
			<onclick>EjectTray()</onclick>
			<property name="path">EjectTray()</property>
			<visible>StringCompare(System.ProfileName,Master user)</visible>
			<property name="group">dvd</property>
		</item>
	</include>
	<include name="skinshortcuts-group-alt-dvd">
		<item id="1">
			<label>$ADDON[script.skinshortcuts 32033]</label>
			<label2>$ADDON[script.skinshortcuts 32034]</label2>
			<icon>DefaultDVDFull.png</icon>
			<thumb />
			<property name="labelID">32033</property>
			<property name="defaultID">32033</property>
			<onclick>EjectTray()</onclick>
			<property name="path">EjectTray()</property>
			<visible>StringCompare(System.ProfileName,Master user) + [StringCompare(Window(10000).Property(submenuVisibility),dvd)]</visible>
			<property name="isSubmenu">True</property>
			<property name="group">dvd</property>
		</item>
	</include>
	<include name="skinshortcuts-group-movies">
		<item id="1">
			<label>$LOCALIZE[31500]</label>
			<label2>$LOCALIZE[342]</label2>
			<icon />
			<thumb />
			<property name="labelID">31500</property>
			<property name="defaultID">31500</property>
			<onclick>ActivateWindow(Videos,plugin://service.library.data.provider?type=recentmovies,return)</onclick>
			<property name="path">ActivateWindow(Videos,plugin://service.library.data.provider?type=recentmovies,return)</property>
			<visible>StringCompare(System.ProfileName,Master user)</visible>
			<property name="group">movies</property>
		</item>
		<item id="2">
			<label>$LOCALIZE[31501]</label>
			<label2>$LOCALIZE[342]</label2>
			<icon />
			<thumb />
			<property name="labelID">31501</property>
			<property name="defaultID">31501</property>
			<onclick>ActivateWindow(Videos,plugin://service.library.data.provider?type=randommovies,return)</onclick>
			<property name="path">ActivateWindow(Videos,plugin://service.library.data.provider?type=randommovies,return)</property>
			<visible>StringCompare(System.ProfileName,Master user)</visible>
			<property name="group">movies</property>
		</item>
		<item id="3">
			<label>$LOCALIZE[31502]</label>
			<label2>$LOCALIZE[342]</label2>
			<icon />
			<thumb />
			<property name="labelID">31502</property>
			<property name="defaultID">31502</property>
			<onclick>ActivateWindow(Videos,plugin://service.library.data.provider?type=recommendedmovies,return)</onclick>
			<property name="path">ActivateWindow(Videos,plugin://service.library.data.provider?type=recommendedmovies,return)</property>
			<visible>StringCompare(System.ProfileName,Master user)</visible>
			<property name="group">movies</property>
		</item>
		<item id="4">
			<label>$LOCALIZE[20434]</label>
			<label2>$LOCALIZE[342]</label2>
			<icon />
			<thumb />
			<property name="labelID">20434</property>
			<property name="defaultID">20434</property>
			<visible>Library.HasContent(Movies)</visible>
			<onclick>ActivateWindow(Videos,MovieSets,return)</onclick>
			<property name="path">ActivateWindow(Videos,MovieSets,return)</property>
			<visible>StringCompare(System.ProfileName,Master user)</visible>
			<property name="group">movies</property>
		</item>
		<item id="5">
			<label>$LOCALIZE[135]</label>
			<label2>$LOCALIZE[342]</label2>
			<icon />
			<thumb />
			<property name="labelID">135</property>
			<property name="defaultID">135</property>
			<visible>Library.HasContent(Movies)</visible>
			<onclick>ActivateWindow(Videos,MovieGenres,return)</onclick>
			<property name="path">ActivateWindow(Videos,MovieGenres,return)</property>
			<visible>StringCompare(System.ProfileName,Master user)</visible>
			<property name="group">movies</property>
		</item>
		<item id="6">
			<label>$LOCALIZE[562]</label>
			<label2>$LOCALIZE[342]</label2>
			<icon />
			<thumb />
			<property name="labelID">562</property>
			<property name="defaultID">562</property>
			<visible>Library.HasContent(Movies)</visible>
			<onclick>ActivateWindow(Videos,MovieYears,return)</onclick>
			<property name="path">ActivateWindow(Videos,MovieYears,return)</property>
			<visible>StringCompare(System.ProfileName,Master user)</visible>
			<property name="group">movies</property>
		</item>
		<item id="7">
			<label>$LOCALIZE[344]</label>
			<label2>$LOCALIZE[342]</label2>
			<icon />
			<thumb />
			<property name="labelID">344</property>
			<property name="defaultID">344</property>
			<visible>Library.HasContent(Movies)</visible>
			<onclick>ActivateWindow(Videos,MovieActors,return)</onclick>
			<property name="path">ActivateWindow(Videos,MovieActors,return)</property>
			<visible>StringCompare(System.ProfileName,Master user)</visible>
			<property name="group">movies</property>
		</item>
	</include>
	<include name="skinshortcuts-group-alt-movies">
		<item id="1">
			<label>$LOCALIZE[31500]</label>
			<label2>$LOCALIZE[342]</label2>
			<icon />
			<thumb />
			<property name="labelID">31500</property>
			<property name="defaultID">31500</property>
			<onclick>ActivateWindow(Videos,plugin://service.library.data.provider?type=recentmovies,return)</onclick>
			<property name="path">ActivateWindow(Videos,plugin://service.library.data.provider?type=recentmovies,return)</property>
			<visible>StringCompare(System.ProfileName,Master user) + [StringCompare(Window(10000).Property(submenuVisibility),movies)]</visible>
			<property name="isSubmenu">True</property>
			<property name="group">movies</property>
		</item>
		<item id="2">
			<label>$LOCALIZE[31501]</label>
			<label2>$LOCALIZE[342]</label2>
			<icon />
			<thumb />
			<property name="labelID">31501</property>
			<property name="defaultID">31501</property>
			<onclick>ActivateWindow(Videos,plugin://service.library.data.provider?type=randommovies,return)</onclick>
			<property name="path">ActivateWindow(Videos,plugin://service.library.data.provider?type=randommovies,return)</property>
			<visible>StringCompare(System.ProfileName,Master user) + [StringCompare(Window(10000).Property(submenuVisibility),movies)]</visible>
			<property name="isSubmenu">True</property>
			<property name="group">movies</property>
		</item>
		<item id="3">
			<label>$LOCALIZE[31502]</label>
			<label2>$LOCALIZE[342]</label2>
			<icon />
			<thumb />
			<property name="labelID">31502</property>
			<property name="defaultID">31502</property>
			<onclick>ActivateWindow(Videos,plugin://service.library.data.provider?type=recommendedmovies,return)</onclick>
			<property name="path">ActivateWindow(Videos,plugin://service.library.data.provider?type=recommendedmovies,return)</property>
			<visible>StringCompare(System.ProfileName,Master user) + [StringCompare(Window(10000).Property(submenuVisibility),movies)]</visible>
			<property name="isSubmenu">True</property>
			<property name="group">movies</property>
		</item>
		<item id="4">
			<label>$LOCALIZE[20434]</label>
			<label2>$LOCALIZE[342]</label2>
			<icon />
			<thumb />
			<property name="labelID">20434</property>
			<property name="defaultID">20434</property>
			<visible>Library.HasContent(Movies)</visible>
			<onclick>ActivateWindow(Videos,MovieSets,return)</onclick>
			<property name="path">ActivateWindow(Videos,MovieSets,return)</property>
			<visible>StringCompare(System.ProfileName,Master user) + [StringCompare(Window(10000).Property(submenuVisibility),movies)]</visible>
			<property name="isSubmenu">True</property>
			<property name="group">movies</property>
		</item>
		<item id="5">
			<label>$LOCALIZE[135]</label>
			<label2>$LOCALIZE[342]</label2>
			<icon />
			<thumb />
			<property name="labelID">135</property>
			<property name="defaultID">135</property>
			<visible>Library.HasContent(Movies)</visible>
			<onclick>ActivateWindow(Videos,MovieGenres,return)</onclick>
			<property name="path">ActivateWindow(Videos,MovieGenres,return)</property>
			<visible>StringCompare(System.ProfileName,Master user) + [StringCompare(Window(10000).Property(submenuVisibility),movies)]</visible>
			<property name="isSubmenu">True</property>
			<property name="group">movies</property>
		</item>
		<item id="6">
			<label>$LOCALIZE[562]</label>
			<label2>$LOCALIZE[342]</label2>
			<icon />
			<thumb />
			<property name="labelID">562</property>
			<property name="defaultID">562</property>
			<visible>Library.HasContent(Movies)</visible>
			<onclick>ActivateWindow(Videos,MovieYears,return)</onclick>
			<property name="path">ActivateWindow(Videos,MovieYears,return)</property>
			<visible>StringCompare(System.ProfileName,Master user) + [StringCompare(Window(10000).Property(submenuVisibility),movies)]</visible>
			<property name="isSubmenu">True</property>
			<property name="group">movies</property>
		</item>
		<item id="7">
			<label>$LOCALIZE[344]</label>
			<label2>$LOCALIZE[342]</label2>
			<icon />
			<thumb />
			<property name="labelID">344</property>
			<property name="defaultID">344</property>
			<visible>Library.HasContent(Movies)</visible>
			<onclick>ActivateWindow(Videos,MovieActors,return)</onclick>
			<property name="path">ActivateWindow(Videos,MovieActors,return)</property>
			<visible>StringCompare(System.ProfileName,Master user) + [StringCompare(Window(10000).Property(submenuVisibility),movies)]</visible>
			<property name="isSubmenu">True</property>
			<property name="group">movies</property>
		</item>
	</include>
	<include name="skinshortcuts-group-tvshows">
		<item id="1">
			<label>$LOCALIZE[31503]</label>
			<label2>$LOCALIZE[562]</label2>
			<icon>DefaultRecentlyAddedEpisodes.png</icon>
			<thumb />
			<property name="labelID">31503</property>
			<property name="defaultID">31503</property>
			<onclick>ActivateWindow(Videos,plugin://service.library.data.provider?type=recentepisodes,return)</onclick>
			<property name="path">ActivateWindow(Videos,plugin://service.library.data.provider?type=recentepisodes,return)</property>
			<visible>StringCompare(System.ProfileName,Master user)</visible>
			<property name="group">tvshows</property>
		</item>
		<item id="2">
			<label>$LOCALIZE[31504]</label>
			<label2>$LOCALIZE[562]</label2>
			<icon>DefaultShortcut.png</icon>
			<thumb />
			<property name="labelID">31504</property>
			<property name="defaultID">31504</property>
			<onclick>ActivateWindow(Videos,plugin://service.library.data.provider?type=randomepisodes,return)</onclick>
			<property name="path">ActivateWindow(Videos,plugin://service.library.data.provider?type=randomepisodes,return)</property>
			<visible>StringCompare(System.ProfileName,Master user)</visible>
			<property name="group">tvshows</property>
		</item>
		<item id="3">
			<label>$LOCALIZE[31505]</label>
			<label2>$LOCALIZE[562]</label2>
			<icon>DefaultShortcut.png</icon>
			<thumb />
			<property name="labelID">31505</property>
			<property name="defaultID">31505</property>
			<onclick>ActivateWindow(Videos,plugin://service.library.data.provider?type=recommendedepisodes,return)</onclick>
			<property name="path">ActivateWindow(Videos,plugin://service.library.data.provider?type=recommendedepisodes,return)</property>
			<visible>StringCompare(System.ProfileName,Master user)</visible>
			<property name="group">tvshows</property>
		</item>
		<item id="4">
			<label>$LOCALIZE[135]</label>
			<label2>$LOCALIZE[20343]</label2>
			<icon>DefaultShortcut.png</icon>
			<thumb />
			<property name="labelID">135</property>
			<property name="defaultID">135</property>
			<visible>Library.HasContent(TVShows)</visible>
			<onclick>ActivateWindow(Videos,TvShowGenres,return)</onclick>
			<property name="path">ActivateWindow(Videos,TvShowGenres,return)</property>
			<visible>StringCompare(System.ProfileName,Master user)</visible>
			<property name="group">tvshows</property>
		</item>
		<item id="5">
			<label>$LOCALIZE[562]</label>
			<label2>$LOCALIZE[20343]</label2>
			<icon>DefaultShortcut.png</icon>
			<thumb />
			<property name="labelID">562</property>
			<property name="defaultID">562</property>
			<visible>Library.HasContent(TVShows)</visible>
			<onclick>ActivateWindow(Videos,TvShowYears,return)</onclick>
			<property name="path">ActivateWindow(Videos,TvShowYears,return)</property>
			<visible>StringCompare(System.ProfileName,Master user)</visible>
			<property name="group">tvshows</property>
		</item>
		<item id="6">
			<label>$LOCALIZE[344]</label>
			<label2>$LOCALIZE[20343]</label2>
			<icon>DefaultActor.png</icon>
			<thumb />
			<property name="labelID">344</property>
			<property name="defaultID">344</property>
			<visible>Library.HasContent(TVShows)</visible>
			<onclick>ActivateWindow(Videos,TvShowActors,return)</onclick>
			<property name="path">ActivateWindow(Videos,TvShowActors,return)</property>
			<visible>StringCompare(System.ProfileName,Master user)</visible>
			<property name="group">tvshows</property>
		</item>
	</include>
	<include name="skinshortcuts-group-alt-tvshows">
		<item id="1">
			<label>$LOCALIZE[31503]</label>
			<label2>$LOCALIZE[562]</label2>
			<icon>DefaultRecentlyAddedEpisodes.png</icon>
			<thumb />
			<property name="labelID">31503</property>
			<property name="defaultID">31503</property>
			<onclick>ActivateWindow(Videos,plugin://service.library.data.provider?type=recentepisodes,return)</onclick>
			<property name="path">ActivateWindow(Videos,plugin://service.library.data.provider?type=recentepisodes,return)</property>
			<visible>StringCompare(System.ProfileName,Master user) + [StringCompare(Window(10000).Property(submenuVisibility),tvshows)]</visible>
			<property name="isSubmenu">True</property>
			<property name="group">tvshows</property>
		</item>
		<item id="2">
			<label>$LOCALIZE[31504]</label>
			<label2>$LOCALIZE[562]</label2>
			<icon>DefaultShortcut.png</icon>
			<thumb />
			<property name="labelID">31504</property>
			<property name="defaultID">31504</property>
			<onclick>ActivateWindow(Videos,plugin://service.library.data.provider?type=randomepisodes,return)</onclick>
			<property name="path">ActivateWindow(Videos,plugin://service.library.data.provider?type=randomepisodes,return)</property>
			<visible>StringCompare(System.ProfileName,Master user) + [StringCompare(Window(10000).Property(submenuVisibility),tvshows)]</visible>
			<property name="isSubmenu">True</property>
			<property name="group">tvshows</property>
		</item>
		<item id="3">
			<label>$LOCALIZE[31505]</label>
			<label2>$LOCALIZE[562]</label2>
			<icon>DefaultShortcut.png</icon>
			<thumb />
			<property name="labelID">31505</property>
			<property name="defaultID">31505</property>
			<onclick>ActivateWindow(Videos,plugin://service.library.data.provider?type=recommendedepisodes,return)</onclick>
			<property name="path">ActivateWindow(Videos,plugin://service.library.data.provider?type=recommendedepisodes,return)</property>
			<visible>StringCompare(System.ProfileName,Master user) + [StringCompare(Window(10000).Property(submenuVisibility),tvshows)]</visible>
			<property name="isSubmenu">True</property>
			<property name="group">tvshows</property>
		</item>
		<item id="4">
			<label>$LOCALIZE[135]</label>
			<label2>$LOCALIZE[20343]</label2>
			<icon>DefaultShortcut.png</icon>
			<thumb />
			<property name="labelID">135</property>
			<property name="defaultID">135</property>
			<visible>Library.HasContent(TVShows)</visible>
			<onclick>ActivateWindow(Videos,TvShowGenres,return)</onclick>
			<property name="path">ActivateWindow(Videos,TvShowGenres,return)</property>
			<visible>StringCompare(System.ProfileName,Master user) + [StringCompare(Window(10000).Property(submenuVisibility),tvshows)]</visible>
			<property name="isSubmenu">True</property>
			<property name="group">tvshows</property>
		</item>
		<item id="5">
			<label>$LOCALIZE[562]</label>
			<label2>$LOCALIZE[20343]</label2>
			<icon>DefaultShortcut.png</icon>
			<thumb />
			<property name="labelID">562</property>
			<property name="defaultID">562</property>
			<visible>Library.HasContent(TVShows)</visible>
			<onclick>ActivateWindow(Videos,TvShowYears,return)</onclick>
			<property name="path">ActivateWindow(Videos,TvShowYears,return)</property>
			<visible>StringCompare(System.ProfileName,Master user) + [StringCompare(Window(10000).Property(submenuVisibility),tvshows)]</visible>
			<property name="isSubmenu">True</property>
			<property name="group">tvshows</property>
		</item>
		<item id="6">
			<label>$LOCALIZE[344]</label>
			<label2>$LOCALIZE[20343]</label2>
			<icon>DefaultActor.png</icon>
			<thumb />
			<property name="labelID">344</property>
			<property name="defaultID">344</property>
			<visible>Library.HasContent(TVShows)</visible>
			<onclick>ActivateWindow(Videos,TvShowActors,return)</onclick>
			<property name="path">ActivateWindow(Videos,TvShowActors,return)</property>
			<visible>StringCompare(System.ProfileName,Master user) + [StringCompare(Window(10000).Property(submenuVisibility),tvshows)]</visible>
			<property name="isSubmenu">True</property>
			<property name="group">tvshows</property>
		</item>
	</include>
	<include name="skinshortcuts-group-24001" />
	<include name="skinshortcuts-group-alt-24001" />
	<include name="skinshortcuts-group-livetv">
		<item id="1">
			<label>$LOCALIZE[19019]</label>
			<label2>Live TV</label2>
			<icon />
			<thumb />
			<property name="labelID">19019</property>
			<property name="defaultID">19019</property>
			<visible>PVR.HasTVChannels</visible>
			<onclick>ActivateWindow(TVChannels)</onclick>
			<property name="path">ActivateWindow(TVChannels)</property>
			<visible>StringCompare(System.ProfileName,Master user)</visible>
			<property name="group">livetv</property>
		</item>
		<item id="2">
			<label>$LOCALIZE[19183]</label>
			<label2>Live TV</label2>
			<icon />
			<thumb />
			<property name="labelID">19183</property>
			<property name="defaultID">19183</property>
			<visible>PVR.HasRadioChannels</visible>
			<onclick>ActivateWindow(radiochannels,return)</onclick>
			<property name="path">ActivateWindow(radiochannels,return)</property>
			<visible>StringCompare(System.ProfileName,Master user)</visible>
			<property name="group">livetv</property>
		</item>
		<item id="3">
			<label>$LOCALIZE[22020]</label>
			<label2>Live TV</label2>
			<icon />
			<thumb />
			<property name="labelID">22020</property>
			<property name="defaultID">22020</property>
			<visible>PVR.HasTVChannels</visible>
			<onclick>ActivateWindow(TVGuide)</onclick>
			<property name="path">ActivateWindow(TVGuide)</property>
			<visible>StringCompare(System.ProfileName,Master user)</visible>
			<property name="group">livetv</property>
		</item>
		<item id="4">
			<label>$LOCALIZE[19163]</label>
			<label2>Live TV</label2>
			<icon />
			<thumb />
			<property name="labelID">19163</property>
			<property name="defaultID">19163</property>
			<visible>PVR.HasTVChannels</visible>
			<onclick>ActivateWindow(TVRecordings)</onclick>
			<property name="path">ActivateWindow(TVRecordings)</property>
			<visible>StringCompare(System.ProfileName,Master user)</visible>
			<property name="group">livetv</property>
		</item>
		<item id="5">
			<label>$LOCALIZE[19040]</label>
			<label2>Live TV</label2>
			<icon />
			<thumb />
			<property name="labelID">19040</property>
			<property name="defaultID">19040</property>
			<visible>PVR.HasTVChannels</visible>
			<onclick>ActivateWindow(TVTimers)</onclick>
			<property name="path">ActivateWindow(TVTimers)</property>
			<visible>StringCompare(System.ProfileName,Master user)</visible>
			<property name="group">livetv</property>
		</item>
		<item id="6">
			<label>$LOCALIZE[137]</label>
			<label2>Live TV</label2>
			<icon />
			<thumb />
			<property name="labelID">137</property>
			<property name="defaultID">137</property>
			<visible>PVR.HasTVChannels</visible>
			<onclick>ActivateWindow(TVSearch)</onclick>
			<property name="path">ActivateWindow(TVSearch)</property>
			<visible>StringCompare(System.ProfileName,Master user)</visible>
			<property name="group">livetv</property>
		</item>
	</include>
	<include name="skinshortcuts-group-alt-livetv">
		<item id="1">
			<label>$LOCALIZE[19019]</label>
			<label2>Live TV</label2>
			<icon />
			<thumb />
			<property name="labelID">19019</property>
			<property name="defaultID">19019</property>
			<visible>PVR.HasTVChannels</visible>
			<onclick>ActivateWindow(TVChannels)</onclick>
			<property name="path">ActivateWindow(TVChannels)</property>
			<visible>StringCompare(System.ProfileName,Master user) + [StringCompare(Window(10000).Property(submenuVisibility),livetv)]</visible>
			<property name="isSubmenu">True</property>
			<property name="group">livetv</property>
		</item>
		<item id="2">
			<label>$LOCALIZE[19183]</label>
			<label2>Live TV</label2>
			<icon />
			<thumb />
			<property name="labelID">19183</property>
			<property name="defaultID">19183</property>
			<visible>PVR.HasRadioChannels</visible>
			<onclick>ActivateWindow(radiochannels,return)</onclick>
			<property name="path">ActivateWindow(radiochannels,return)</property>
			<visible>StringCompare(System.ProfileName,Master user) + [StringCompare(Window(10000).Property(submenuVisibility),livetv)]</visible>
			<property name="isSubmenu">True</property>
			<property name="group">livetv</property>
		</item>
		<item id="3">
			<label>$LOCALIZE[22020]</label>
			<label2>Live TV</label2>
			<icon />
			<thumb />
			<property name="labelID">22020</property>
			<property name="defaultID">22020</property>
			<visible>PVR.HasTVChannels</visible>
			<onclick>ActivateWindow(TVGuide)</onclick>
			<property name="path">ActivateWindow(TVGuide)</property>
			<visible>StringCompare(System.ProfileName,Master user) + [StringCompare(Window(10000).Property(submenuVisibility),livetv)]</visible>
			<property name="isSubmenu">True</property>
			<property name="group">livetv</property>
		</item>
		<item id="4">
			<label>$LOCALIZE[19163]</label>
			<label2>Live TV</label2>
			<icon />
			<thumb />
			<property name="labelID">19163</property>
			<property name="defaultID">19163</property>
			<visible>PVR.HasTVChannels</visible>
			<onclick>ActivateWindow(TVRecordings)</onclick>
			<property name="path">ActivateWindow(TVRecordings)</property>
			<visible>StringCompare(System.ProfileName,Master user) + [StringCompare(Window(10000).Property(submenuVisibility),livetv)]</visible>
			<property name="isSubmenu">True</property>
			<property name="group">livetv</property>
		</item>
		<item id="5">
			<label>$LOCALIZE[19040]</label>
			<label2>Live TV</label2>
			<icon />
			<thumb />
			<property name="labelID">19040</property>
			<property name="defaultID">19040</property>
			<visible>PVR.HasTVChannels</visible>
			<onclick>ActivateWindow(TVTimers)</onclick>
			<property name="path">ActivateWindow(TVTimers)</property>
			<visible>StringCompare(System.ProfileName,Master user) + [StringCompare(Window(10000).Property(submenuVisibility),livetv)]</visible>
			<property name="isSubmenu">True</property>
			<property name="group">livetv</property>
		</item>
		<item id="6">
			<label>$LOCALIZE[137]</label>
			<label2>Live TV</label2>
			<icon />
			<thumb />
			<property name="labelID">137</property>
			<property name="defaultID">137</property>
			<visible>PVR.HasTVChannels</visible>
			<onclick>ActivateWindow(TVSearch)</onclick>
			<property name="path">ActivateWindow(TVSearch)</property>
			<visible>StringCompare(System.ProfileName,Master user) + [StringCompare(Window(10000).Property(submenuVisibility),livetv)]</visible>
			<property name="isSubmenu">True</property>
			<property name="group">livetv</property>
		</item>
	</include>
	<include name="skinshortcuts-group-music">
		<item id="1">
			<label>$LOCALIZE[133]</label>
			<label2>$ADDON[script.skinshortcuts 32019]</label2>
			<icon>DefaultMusicArtists.png</icon>
			<thumb />
			<property name="labelID">133</property>
			<property name="defaultID">133</property>
			<visible>Library.HasContent(Music)</visible>
			<onclick>ActivateWindow(MusicLibrary,Artists,return)</onclick>
			<property name="path">ActivateWindow(MusicLibrary,Artists,return)</property>
			<visible>StringCompare(System.ProfileName,Master user)</visible>
			<property name="group">music</property>
		</item>
		<item id="2">
			<label>$LOCALIZE[132]</label>
			<label2>$ADDON[script.skinshortcuts 32019]</label2>
			<icon>DefaultMusicAlbums.png</icon>
			<thumb />
			<property name="labelID">132</property>
			<property name="defaultID">132</property>
			<visible>Library.HasContent(Music)</visible>
			<onclick>ActivateWindow(MusicLibrary,Albums,return)</onclick>
			<property name="path">ActivateWindow(MusicLibrary,Albums,return)</property>
			<visible>StringCompare(System.ProfileName,Master user)</visible>
			<property name="group">music</property>
		</item>
		<item id="3">
			<label>$LOCALIZE[134]</label>
			<label2>$ADDON[script.skinshortcuts 32019]</label2>
			<icon>DefaultMusicSongs.png</icon>
			<thumb />
			<property name="labelID">134</property>
			<property name="defaultID">134</property>
			<visible>Library.HasContent(Music)</visible>
			<onclick>ActivateWindow(MusicLibrary,Songs,return)</onclick>
			<property name="path">ActivateWindow(MusicLibrary,Songs,return)</property>
			<visible>StringCompare(System.ProfileName,Master user)</visible>
			<property name="group">music</property>
		</item>
		<item id="4">
			<label>$LOCALIZE[744]</label>
			<label2>$ADDON[script.skinshortcuts 32019]</label2>
			<icon>DefaultFolder.png</icon>
			<thumb />
			<property name="labelID">744</property>
			<property name="defaultID">744</property>
			<onclick>ActivateWindow(MusicFiles)</onclick>
			<property name="path">ActivateWindow(MusicFiles)</property>
			<visible>StringCompare(System.ProfileName,Master user)</visible>
			<property name="group">music</property>
		</item>
		<item id="5">
			<label>$LOCALIZE[15100]</label>
			<label2>$ADDON[script.skinshortcuts 32019]</label2>
			<icon>DefaultFolder.png</icon>
			<thumb />
			<property name="labelID">15100</property>
			<property name="defaultID">15100</property>
			<visible>Library.HasContent(Music)</visible>
			<onclick>ActivateWindow(MusicLibrary,MusicLibrary,return)</onclick>
			<property name="path">ActivateWindow(MusicLibrary,MusicLibrary,return)</property>
			<visible>StringCompare(System.ProfileName,Master user)</visible>
			<property name="group">music</property>
		</item>
		<item id="6">
			<label>$LOCALIZE[1038]</label>
			<label2>$ADDON[script.skinshortcuts 32019]</label2>
			<icon>DefaultAddonMusic.png</icon>
			<thumb />
			<property name="labelID">1038</property>
			<property name="defaultID">1038</property>
			<visible>Library.HasContent(Music)</visible>
			<onclick>ActivateWindow(MusicLibrary,Addons,return)</onclick>
			<property name="path">ActivateWindow(MusicLibrary,Addons,return)</property>
			<visible>StringCompare(System.ProfileName,Master user)</visible>
			<property name="group">music</property>
		</item>
	</include>
	<include name="skinshortcuts-group-alt-music">
		<item id="1">
			<label>$LOCALIZE[133]</label>
			<label2>$ADDON[script.skinshortcuts 32019]</label2>
			<icon>DefaultMusicArtists.png</icon>
			<thumb />
			<property name="labelID">133</property>
			<property name="defaultID">133</property>
			<visible>Library.HasContent(Music)</visible>
			<onclick>ActivateWindow(MusicLibrary,Artists,return)</onclick>
			<property name="path">ActivateWindow(MusicLibrary,Artists,return)</property>
			<visible>StringCompare(System.ProfileName,Master user) + [StringCompare(Window(10000).Property(submenuVisibility),music)]</visible>
			<property name="isSubmenu">True</property>
			<property name="group">music</property>
		</item>
		<item id="2">
			<label>$LOCALIZE[132]</label>
			<label2>$ADDON[script.skinshortcuts 32019]</label2>
			<icon>DefaultMusicAlbums.png</icon>
			<thumb />
			<property name="labelID">132</property>
			<property name="defaultID">132</property>
			<visible>Library.HasContent(Music)</visible>
			<onclick>ActivateWindow(MusicLibrary,Albums,return)</onclick>
			<property name="path">ActivateWindow(MusicLibrary,Albums,return)</property>
			<visible>StringCompare(System.ProfileName,Master user) + [StringCompare(Window(10000).Property(submenuVisibility),music)]</visible>
			<property name="isSubmenu">True</property>
			<property name="group">music</property>
		</item>
		<item id="3">
			<label>$LOCALIZE[134]</label>
			<label2>$ADDON[script.skinshortcuts 32019]</label2>
			<icon>DefaultMusicSongs.png</icon>
			<thumb />
			<property name="labelID">134</property>
			<property name="defaultID">134</property>
			<visible>Library.HasContent(Music)</visible>
			<onclick>ActivateWindow(MusicLibrary,Songs,return)</onclick>
			<property name="path">ActivateWindow(MusicLibrary,Songs,return)</property>
			<visible>StringCompare(System.ProfileName,Master user) + [StringCompare(Window(10000).Property(submenuVisibility),music)]</visible>
			<property name="isSubmenu">True</property>
			<property name="group">music</property>
		</item>
		<item id="4">
			<label>$LOCALIZE[744]</label>
			<label2>$ADDON[script.skinshortcuts 32019]</label2>
			<icon>DefaultFolder.png</icon>
			<thumb />
			<property name="labelID">744</property>
			<property name="defaultID">744</property>
			<onclick>ActivateWindow(MusicFiles)</onclick>
			<property name="path">ActivateWindow(MusicFiles)</property>
			<visible>StringCompare(System.ProfileName,Master user) + [StringCompare(Window(10000).Property(submenuVisibility),music)]</visible>
			<property name="isSubmenu">True</property>
			<property name="group">music</property>
		</item>
		<item id="5">
			<label>$LOCALIZE[15100]</label>
			<label2>$ADDON[script.skinshortcuts 32019]</label2>
			<icon>DefaultFolder.png</icon>
			<thumb />
			<property name="labelID">15100</property>
			<property name="defaultID">15100</property>
			<visible>Library.HasContent(Music)</visible>
			<onclick>ActivateWindow(MusicLibrary,MusicLibrary,return)</onclick>
			<property name="path">ActivateWindow(MusicLibrary,MusicLibrary,return)</property>
			<visible>StringCompare(System.ProfileName,Master user) + [StringCompare(Window(10000).Property(submenuVisibility),music)]</visible>
			<property name="isSubmenu">True</property>
			<property name="group">music</property>
		</item>
		<item id="6">
			<label>$LOCALIZE[1038]</label>
			<label2>$ADDON[script.skinshortcuts 32019]</label2>
			<icon>DefaultAddonMusic.png</icon>
			<thumb />
			<property name="labelID">1038</property>
			<property name="defaultID">1038</property>
			<visible>Library.HasContent(Music)</visible>
			<onclick>ActivateWindow(MusicLibrary,Addons,return)</onclick>
			<property name="path">ActivateWindow(MusicLibrary,Addons,return)</property>
			<visible>StringCompare(System.ProfileName,Master user) + [StringCompare(Window(10000).Property(submenuVisibility),music)]</visible>
			<property name="isSubmenu">True</property>
			<property name="group">music</property>
		</item>
	</include>
	<include name="skinshortcuts-group-musicvideos" />
	<include name="skinshortcuts-group-alt-musicvideos" />
	<include name="skinshortcuts-group-pictures">
		<item id="1">
			<label>$LOCALIZE[1039]</label>
			<label2>$ADDON[script.skinshortcuts 32020]</label2>
			<icon>DefaultAddonPicture.png</icon>
			<thumb />
			<property name="labelID">1039</property>
			<property name="defaultID">1039</property>
			<onclick>ActivateWindow(Pictures,Addons,return)</onclick>
			<property name="path">ActivateWindow(Pictures,Addons,return)</property>
			<visible>StringCompare(System.ProfileName,Master user)</visible>
			<property name="group">pictures</property>
		</item>
	</include>
	<include name="skinshortcuts-group-alt-pictures">
		<item id="1">
			<label>$LOCALIZE[1039]</label>
			<label2>$ADDON[script.skinshortcuts 32020]</label2>
			<icon>DefaultAddonPicture.png</icon>
			<thumb />
			<property name="labelID">1039</property>
			<property name="defaultID">1039</property>
			<onclick>ActivateWindow(Pictures,Addons,return)</onclick>
			<property name="path">ActivateWindow(Pictures,Addons,return)</property>
			<visible>StringCompare(System.ProfileName,Master user) + [StringCompare(Window(10000).Property(submenuVisibility),pictures)]</visible>
			<property name="isSubmenu">True</property>
			<property name="group">pictures</property>
		</item>
	</include>
	<include name="skinshortcuts-group-programs" />
	<include name="skinshortcuts-group-alt-programs" />
	<include name="skinshortcuts-group-1036" />
	<include name="skinshortcuts-group-alt-1036" />
	<include name="skinshortcuts-group-weather">
		<item id="1">
			<label>$LOCALIZE[10004]</label>
			<label2>$ADDON[script.skinshortcuts 32034]</label2>
			<icon>DefaultShortcut.png</icon>
			<thumb />
			<property name="labelID">settings</property>
			<property name="defaultID">settings</property>
			<onclick>ActivateWindow(Settings)</onclick>
			<property name="path">ActivateWindow(Settings)</property>
			<visible>StringCompare(System.ProfileName,Master user)</visible>
			<property name="group">weather</property>
		</item>
	</include>
	<include name="skinshortcuts-group-alt-weather">
		<item id="1">
			<label>$LOCALIZE[10004]</label>
			<label2>$ADDON[script.skinshortcuts 32034]</label2>
			<icon>DefaultShortcut.png</icon>
			<thumb />
			<property name="labelID">settings</property>
			<property name="defaultID">settings</property>
			<onclick>ActivateWindow(Settings)</onclick>
			<property name="path">ActivateWindow(Settings)</property>
			<visible>StringCompare(System.ProfileName,Master user) + [StringCompare(Window(10000).Property(submenuVisibility),weather)]</visible>
			<property name="isSubmenu">True</property>
			<property name="group">weather</property>
		</item>
	</include>
	<include name="skinshortcuts-group-script-globalsearch" />
	<include name="skinshortcuts-group-alt-script-globalsearch" />
	<include name="skinshortcuts-group-settings">
		<item id="1">
			<label>$LOCALIZE[7]</label>
			<label2>$ADDON[script.skinshortcuts 32034]</label2>
			<icon>DefaultFolder.png</icon>
			<thumb />
			<property name="labelID">7</property>
			<property name="defaultID">7</property>
			<onclick>ActivateWindow(FileManager)</onclick>
			<property name="path">ActivateWindow(FileManager)</property>
			<visible>StringCompare(System.ProfileName,Master user)</visible>
			<property name="group">settings</property>
		</item>
		<item id="2">
			<label>$LOCALIZE[13200]</label>
			<label2>$ADDON[script.skinshortcuts 32034]</label2>
			<icon>DefaultShortcut.png</icon>
			<thumb />
			<property name="labelID">13200</property>
			<property name="defaultID">13200</property>
			<onclick>ActivateWindow(Profiles)</onclick>
			<property name="path">ActivateWindow(Profiles)</property>
			<visible>StringCompare(System.ProfileName,Master user)</visible>
			<property name="group">settings</property>
		</item>
		<item id="3">
			<label>$LOCALIZE[10007]</label>
			<label2>$ADDON[script.skinshortcuts 32034]</label2>
			<icon>DefaultShortcut.png</icon>
			<thumb />
			<property name="labelID">10007</property>
			<property name="defaultID">10007</property>
			<onclick>ActivateWindow(SystemInfo)</onclick>
			<property name="path">ActivateWindow(SystemInfo)</property>
			<visible>StringCompare(System.ProfileName,Master user)</visible>
			<property name="group">settings</property>
		</item>
	</include>
	<include name="skinshortcuts-group-alt-settings">
		<item id="1">
			<label>$LOCALIZE[7]</label>
			<label2>$ADDON[script.skinshortcuts 32034]</label2>
			<icon>DefaultFolder.png</icon>
			<thumb />
			<property name="labelID">7</property>
			<property name="defaultID">7</property>
			<onclick>ActivateWindow(FileManager)</onclick>
			<property name="path">ActivateWindow(FileManager)</property>
			<visible>StringCompare(System.ProfileName,Master user) + [StringCompare(Window(10000).Property(submenuVisibility),settings)]</visible>
			<property name="isSubmenu">True</property>
			<property name="group">settings</property>
		</item>
		<item id="2">
			<label>$LOCALIZE[13200]</label>
			<label2>$ADDON[script.skinshortcuts 32034]</label2>
			<icon>DefaultShortcut.png</icon>
			<thumb />
			<property name="labelID">13200</property>
			<property name="defaultID">13200</property>
			<onclick>ActivateWindow(Profiles)</onclick>
			<property name="path">ActivateWindow(Profiles)</property>
			<visible>StringCompare(System.ProfileName,Master user) + [StringCompare(Window(10000).Property(submenuVisibility),settings)]</visible>
			<property name="isSubmenu">True</property>
			<property name="group">settings</property>
		</item>
		<item id="3">
			<label>$LOCALIZE[10007]</label>
			<label2>$ADDON[script.skinshortcuts 32034]</label2>
			<icon>DefaultShortcut.png</icon>
			<thumb />
			<property name="labelID">10007</property>
			<property name="defaultID">10007</property>
			<onclick>ActivateWindow(SystemInfo)</onclick>
			<property name="path">ActivateWindow(SystemInfo)</property>
			<visible>StringCompare(System.ProfileName,Master user) + [StringCompare(Window(10000).Property(submenuVisibility),settings)]</visible>
			<property name="isSubmenu">True</property>
			<property name="group">settings</property>
		</item>
	</include>
</includes>
