<?xml version="1.0" encoding="UTF-8"?>
<window>
	<defaultcontrol>8</defaultcontrol>
	<controls>
		<control type="videowindow" id="20">
			<description>videowindow</description>
			<posx>0</posx>
			<posy>0</posy>
			<width>1920</width>
			<height>1080</height>
		</control>
		<control type="mover" id="8">
			<description>top left mover</description>
			<posx>0</posx>
			<posy>0</posy>
			<width>192</width>
			<height>192</height>
			<texturefocus>calibrate-topleft-focus.png</texturefocus>
			<texturenofocus>calibrate-topleft.png</texturenofocus>
		</control>
		<control type="mover" id="9">
			<description>right bottom mover</description>
			<posx>1728</posx>
			<posy>888</posy>
			<width>192</width>
			<height>192</height>
			<texturefocus>calibrate-bottomright-focus.png</texturefocus>
			<texturenofocus>calibrate-bottomright.png</texturenofocus>
		</control>
		<control type="mover" id="10">
			<description>subtitle position mover</description>
			<posx>522</posx>
			<posy>975</posy>
			<width>876</width>
			<height>192</height>
			<texturefocus>calibrate-subtitles-focus.png</texturefocus>
			<texturenofocus>calibrate-subtitles.png</texturenofocus>
		</control>
		<control type="resize" id="11">
			<description>pixel aspect ratio box</description>
			<posx>768</posx>
			<posy>348</posy>
			<width>384</width>
			<height>384</height>
			<texturefocus>calibrate-pixelratio-focus.png</texturefocus>
			<texturenofocus>calibrate-pixelratio.png</texturenofocus>
		</control>
		<control type="group">
			<posx>60</posx>
			<posy>90</posy>
			<control type="label" id="2">
				<description>coordinates label</description>
				<posx>0</posx>
				<posy>15</posy>
				<width>1800</width>
				<height>38</height>
				<label>-</label>
				<align>center</align>
				<font>font-23</font>
			</control>
			<control type="label" id="3">
				<description>help information</description>
				<posx>0</posx>
				<posy>60</posy>
				<width>1800</width>
				<height>38</height>
				<label>-</label>
				<align>center</align>
				<font>font-23</font>
			</control>
		</control>
		<include condition="Skin.HasSetting(TouchScreenMode)">TouchScreenControls</include>
	</controls>
</window>
