<?xml version="1.0" encoding="UTF-8"?>
<window>
	<!-- systeminfo -->
	<backgroundcolor>ffdadad7</backgroundcolor>
	<defaultcontrol always="true">95</defaultcontrol>

	<controls>

		<include>top_bar</include>
		<control type="image">
			<posx>1630</posx>
			<posy>80</posy>
			<width>290</width>
			<height>1000</height>
			<texture background="true">main/main_menu.png</texture>
			<animation effect="fade" end="100" time="0" condition="true">Conditional</animation>
		</control>
		<control type="group">
			<!-- Dummy list -->
			<control type="grouplist" id="9000">
				<posx>1631</posx>
				<posy>118</posy>
				<width>290</width>
				<height>880</height>
				<itemgap>0</itemgap>
				<orientation>vertical</orientation>

				<!-- Appearance -->
				<control type="button">
					<width>300</width>
					<height>57</height>
					<label>480</label>
					<font>menu</font>
					<textcolor>$VAR[main_color]</textcolor>
					<texturenofocus>main/main_focus.png</texturenofocus>
					<include>button_settings</include>
					<visible>Window.IsActive(appearancesettings) + IsEmpty(Window(settings).Property(ChangeSettingsLevel))</visible>
				</control>
				<control type="button">
					<width>300</width>
					<height>57</height>
					<label>480</label>
					<font>menu</font>
					<include>button_settings</include>
					<onclick>ActivateWindow(appearancesettings)</onclick>
					<visible>!Window.IsActive(appearancesettings) | !IsEmpty(Window(settings).Property(ChangeSettingsLevel))</visible>
				</control>
				<!-- Videos -->
				<control type="button">
					<width>300</width>
					<height>57</height>
					<label>3</label>
					<font>menu</font>
					<textcolor>$VAR[main_color]</textcolor>
					<texturenofocus>main/main_focus.png</texturenofocus>
					<include>button_settings</include>
					<visible>Window.IsActive(videossettings)</visible>
				</control>
				<control type="button">
					<width>300</width>
					<height>57</height>
					<label>3</label>
					<font>menu</font>
					<include>button_settings</include>
					<onclick>ActivateWindow(videossettings)</onclick>
					<visible>!Window.IsActive(videossettings)</visible>
				</control>
				<!-- Music -->
				<control type="button">
					<width>300</width>
					<height>57</height>
					<label>2</label>
					<font>menu</font>
					<textcolor>$VAR[main_color]</textcolor>
					<texturenofocus>main/main_focus.png</texturenofocus>
					<include>button_settings</include>
					<visible>Window.IsActive(musicsettings)</visible>
				</control>
				<control type="button">
					<width>300</width>
					<height>57</height>
					<label>2</label>
					<font>menu</font>
					<include>button_settings</include>
					<onclick>ActivateWindow(musicsettings)</onclick>
					<visible>!Window.IsActive(musicsettings)</visible>
				</control>
				<!-- Pictures -->
				<control type="button">
					<width>300</width>
					<height>57</height>
					<label>1</label>
					<font>menu</font>
					<textcolor>$VAR[main_color]</textcolor>
					<texturenofocus>main/main_focus.png</texturenofocus>
					<include>button_settings</include>
					<visible>Window.IsActive(picturessettings)</visible>
				</control>
				<control type="button">
					<width>300</width>
					<height>57</height>
					<label>1</label>
					<font>menu</font>
					<include>button_settings</include>
					<onclick>ActivateWindow(picturessettings)</onclick>
					<visible>!Window.IsActive(picturessettings)</visible>
				</control>
				<!-- Weather -->
				<control type="button">
					<width>300</width>
					<height>57</height>
					<label>8</label>
					<font>menu</font>
					<textcolor>$VAR[main_color]</textcolor>
					<texturenofocus>main/main_focus.png</texturenofocus>
					<include>button_settings</include>
					<visible>Window.IsActive(weathersettings)</visible>
				</control>
				<control type="button">
					<width>300</width>
					<height>57</height>
					<label>8</label>
					<font>menu</font>
					<include>button_settings</include>
					<onclick>ActivateWindow(weathersettings)</onclick>
					<visible>!Window.IsActive(weathersettings)</visible>
				</control>
				<!-- System -->
				<control type="button">
					<width>300</width>
					<height>57</height>
					<label>13000</label>
					<font>menu</font>
					<textcolor>$VAR[main_color]</textcolor>
					<texturenofocus>main/main_focus.png</texturenofocus>
					<include>button_settings</include>
					<visible>Window.IsActive(systemsettings)</visible>
				</control>
				<control type="button">
					<width>300</width>
					<height>57</height>
					<label>13000</label>
					<font>menu</font>
					<include>button_settings</include>
					<onclick>ActivateWindow(systemsettings)</onclick>
					<visible>!Window.IsActive(systemsettings)</visible>
				</control>
				<!-- Service -->
				<control type="button">
					<width>300</width>
					<height>57</height>
					<label>14036</label>
					<font>menu</font>
					<textcolor>$VAR[main_color]</textcolor>
					<texturenofocus>main/main_focus.png</texturenofocus>
					<include>button_settings</include>
					<visible>Window.IsActive(servicesettings)</visible>
				</control>
				<control type="button">
					<width>300</width>
					<height>57</height>
					<label>14036</label>
					<font>menu</font>
					<include>button_settings</include>
					<onclick>ActivateWindow(servicesettings)</onclick>
					<visible>!Window.IsActive(servicesettings)</visible>
				</control>
				<!-- PVR -->
				<control type="button">
					<width>300</width>
					<height>57</height>
					<label>19191</label>
					<font>menu</font>
					<textcolor>$VAR[main_color]</textcolor>
					<texturenofocus>main/main_focus.png</texturenofocus>
					<include>button_settings</include>
					<visible>Window.IsActive(pvrsettings)</visible>
				</control>
				<control type="button">
					<width>300</width>
					<height>57</height>
					<label>19191</label>
					<font>menu</font>
					<include>button_settings</include>
					<onclick>ActivateWindow(pvrsettings)</onclick>
					<visible>!Window.IsActive(pvrsettings)</visible>
				</control>
								<!-- Seperator -->
				<control type="image">
					<width>290</width>
					<height>2</height>
					<texture background="true">dialogs/white.png</texture>
					<animation effect="fade" end="95" time="0" condition="true">Conditional</animation>
				</control>
				<!-- System info -->
				<control type="button">
					<width>300</width>
					<height>57</height>
					<label>130</label>
					<font>menu</font>
					<textcolor>$VAR[main_color]</textcolor>
					<texturenofocus>main/main_focus.png</texturenofocus>
					<include>button_settings</include>
					<visible>Window.IsActive(systeminfo)</visible>
				</control>

				<!-- System Info -->
				<control type="button">
					<width>300</width>
					<height>57</height>
					<label>130</label>
					<font>menu</font>
					<include>button_settings</include>
					<onclick>ActivateWindow(systeminfo)</onclick>
					<visible>!Window.IsActive(systeminfo)</visible>
				</control>

				<!-- Addons -->
				<control type="button">
					<width>300</width>
					<height>57</height>
					<label>24001</label>
					<font>menu</font>
					<include>button_settings</include>
					<onclick>ActivateWindow(addonbrowser)</onclick>
				</control>
				<!-- Profiles -->
				<control type="button">
					<width>300</width>
					<height>57</height>
					<label>13200</label>
					<font>menu</font>
					<include>button_settings</include>
					<onclick>ActivateWindow(profiles)</onclick>
				</control>
				<!-- File Manager -->
				<control type="button">
					<width>300</width>
					<height>57</height>
					<label>7</label>
					<font>menu</font>
					<include>button_settings</include>
					<onclick>ActivateWindow(filemanager)</onclick>
				</control>
				<!-- Level of settings -->
				<control type="button">
					<width>300</width>
					<height>57</height>
					<label>LeveL</label>
					<font>menu</font>
					<include>button_settings</include>
					<onclick>SetProperty(ChangeSettingsLevel,true)</onclick>
					<onclick>ActivateWindow(appearancesettings)</onclick>

				</control>
				<!-- Seperator -->
				<control type="image">
					<width>290</width>
					<height>2</height>
					<texture background="true">dialogs/white.png</texture>
					<animation effect="fade" end="95" time="0" condition="true">Conditional</animation>
				</control>
				<!-- Phenomenal Skin -->
				<control type="button">
					<width>300</width>
					<height>57</height>
					<label>Phenomenal</label>
					<font>menu</font>
					<textcolor>white</textcolor>
					<include>button_settings</include>
					<onclick>ActivateWindow(skinsettings)</onclick>
					<animation effect="fade" start="100" end="70" time="0" condition="!ControlGroup(9000).HasFocus">Conditional</animation>
					<visible>!Window.IsActive(skinsettings)</visible>
				</control>
				<control type="button">
					<width>300</width>
					<height>57</height>
					<label>Phenomenal</label>
					<font>menu</font>
					<textcolor>$VAR[main_color]</textcolor>
					<texturenofocus>main/main_focus.png</texturenofocus>
					<include>button_settings</include>
					<onclick>RunScript(script.skinshortcuts,type=manage&amp;group=mainmenu)</onclick>
					<animation effect="fade" start="100" end="70" time="0" condition="!ControlGroup(9000).HasFocus">Conditional</animation>
					<visible>Window.IsActive(skinsettings)</visible>
				</control>
			</control>
			<control type="image">
				<posx>0</posx>
				<posy>945</posy>
				<width>1630</width>
				<height>135</height>
				<texture background="true">main/widget_title.png</texture>
			</control>
		<control type="image">
			<posx>1342</posx>
			<posy>80</posy>
			<texture background="true">main/main_menu.png</texture>
			<height>1000</height>
			<width>290</width>
			<animation effect="fade" end="100" time="0" condition="true">Conditional</animation>
			<animation effect="zoom" start="1632,80,1,1000" end="1632,80,290,1000" time="300">WindowOpen</animation>
			<animation effect="zoom" start="1632,80,290,1000" end="1632,80,1,1000" time="300">WindowClose</animation>
			<visible>True</visible>
		</control>
			</control>

		<!-- Main list -->
		<control type="grouplist" id="50">
			<posx>1342</posx>
			<top>118</top>
			<width>290</width>
			<height>726</height>
			<itemgap>0</itemgap>
			<onright>ReplaceWindow(settings)</onright>
			<onleft>noop</onleft>
			<onup>noop</onup>
			<ondown>noop</ondown>
			<orientation>vertical</orientation>

			<!-- Summary -->
			<control type="button" id="95">
				<height>57</height>
				<width>290</width>
				<label>20037</label>
				<font>menu</font>
				<include>button_settings</include>
				<onleft>SetFocus(500)</onleft>
				<onclick>SetFocus(500)</onclick>
			</control>
			<!-- Storage -->
			<control type="button" id="94">
				<height>57</height>
				<font>menu</font>
				<label>13277</label>
				<include>button_settings</include>
				<onleft>SetFocus(500)</onleft>
				<onclick>SetFocus(500)</onclick>
			</control>
			<!-- Network -->
			<control type="button" id="96">
				<height>57</height>
				<font>menu</font>
				<label>13279</label>
				<include>button_settings</include>
				<onleft>SetFocus(500)</onleft>
				<onclick>SetFocus(500)</onclick>
			</control>
			<!-- Video -->
			<control type="button" id="97">
				<height>57</height>
				<font>menu</font>
				<label>13280</label>
				<include>button_settings</include>
				<onleft>SetFocus(500)</onleft>
				<onclick>SetFocus(500)</onclick>
			</control>
			<!-- Hardware -->
			<control type="button" id="98">
				<height>57</height>
				<font>menu</font>
				<label>13281</label>
				<include>button_settings</include>
				<onleft>SetFocus(500)</onleft>
				<onclick>SetFocus(500)</onclick>
			</control>
			<!-- PVR -->
			<control type="button" id="99">
				<height>57</height>
				<font>menu</font>
				<label>19191</label>
				<include>button_settings</include>
				<onleft>SetFocus(500)</onleft>
				<onclick>SetFocus(500)</onclick>
			</control>
		</control>

		<!-- Default list -->
		<control type="grouplist" id="500">
			<left>30</left>
			<top>124</top>
			<width>1120</width>
			<height>726</height>
			<itemgap>20</itemgap>
			<onleft>noop</onleft>
			<onright>50</onright>
			<onup>noop</onup>
			<ondown>noop</ondown>
			<orientation>vertical</orientation>
			<defaultcontrol always="true">102</defaultcontrol>
			

			<control type="button" id="102">
				<width>1220</width>
				<height>42</height>
				<font>font-22</font>
				<textcolor>grey</textcolor>
				<label>$INFO[Control.GetLabel(2)]</label>
				<visible>!IsEmpty(Control.GetLabel(2))</visible>
			</control>

			<control type="button" id="103">
				<width>1220</width>
				<height>42</height>
				<font>font-22</font>
				<textcolor>grey</textcolor>
				<label>$INFO[Control.GetLabel(3)]</label>
				<visible>!IsEmpty(Control.GetLabel(3))</visible>
			</control>

			<control type="button" id="104">
				<width>1220</width>
				<height>42</height>
				<font>font-22</font>
				<textcolor>grey</textcolor>
				<label>$INFO[Control.GetLabel(4)]</label>
				<visible>!IsEmpty(Control.GetLabel(4))</visible>
			</control>

			<control type="button" id="105">
				<width>1220</width>
				<height>42</height>
				<font>font-22</font>
				<textcolor>grey</textcolor>
				<label>$INFO[Control.GetLabel(5)]</label>
				<visible>!IsEmpty(Control.GetLabel(5))</visible>
			</control>

			<control type="button" id="106">
				<width>1220</width>
				<height>42</height>
				<font>font-22</font>
				<textcolor>grey</textcolor>
				<label>$INFO[Control.GetLabel(6)]</label>
				<visible>!IsEmpty(Control.GetLabel(6))</visible>
			</control>

			<control type="button" id="107">
				<width>1220</width>
				<height>42</height>
				<font>font-22</font>
				<textcolor>grey</textcolor>
				<label>$INFO[Control.GetLabel(7)]</label>
				<visible>!IsEmpty(Control.GetLabel(7))</visible>
			</control>

			<control type="button" id="108">
				<width>1220</width>
				<height>42</height>
				<font>font-22</font>
				<textcolor>grey</textcolor>
				<label>$INFO[Control.GetLabel(8)]</label>
				<visible>!IsEmpty(Control.GetLabel(8))</visible>
			</control>

			<control type="button" id="109">
				<width>1220</width>
				<height>42</height>
				<font>font-22</font>
				<textcolor>grey</textcolor>
				<label>$INFO[Control.GetLabel(9)]</label>
				<visible>!IsEmpty(Control.GetLabel(9))</visible>
			</control>

			<control type="button" id="110">
				<width>1220</width>
				<height>42</height>
				<font>font-22</font>
				<textcolor>grey</textcolor>
				<label>$INFO[Control.GetLabel(10)]</label>
				<visible>!IsEmpty(Control.GetLabel(10))</visible>
			</control>

			<control type="button" id="111">
				<width>1220</width>
				<height>42</height>
				<font>font-22</font>
				<textcolor>grey</textcolor>
				<label>$INFO[Control.GetLabel(11)]</label>
				<visible>!IsEmpty(Control.GetLabel(11))</visible>
			</control>

		</control>

		<!-- XBMC info -->
		<control type="textbox">
			<left>30</left>
			<top>956</top>
			<width>970</width>
			<height>118</height>
			<label>$INFO[Control.GetLabel(52)][CR]$LOCALIZE[13271] $INFO[System.CPUUsage][CR]$LOCALIZE[31059] $INFO[system.memory(used.percent)]</label>
			<textcolor>white</textcolor>
			<shadowcolor>TextColor4</shadowcolor>
		</control>

		<!-- Hidden labels for grouplist 500 -->
		<control type="label" id="2">
			<font>-</font>
		</control>
		<control type="label" id="3">
			<font>-</font>
		</control>
		<control type="label" id="4">
			<font>-</font>
		</control>
		<control type="label" id="5">
			<font>-</font>
		</control>
		<control type="label" id="6">
			<font>-</font>
		</control>
		<control type="label" id="7">
			<font>-</font>
		</control>
		<control type="label" id="8">
			<font>-</font>
		</control>
		<control type="label" id="9">
			<font>-</font>
		</control>
		<control type="label" id="10">
			<font>-</font>
		</control>
		<control type="label" id="11">
			<font>-</font>
		</control>
		<control type="label" id="52">
			<font>-</font>
		</control>

	</controls>

</window>
