<?xml version="1.0" encoding="UTF-8"?>
<window>
	<defaultcontrol always="true">22</defaultcontrol>
	<allowoverlay>no</allowoverlay>
	<include>dialogeffect</include>
	<controls>
		<control type="image">
			<posx>0</posx>
			<posy>0</posy>
			<width>1920</width>
			<height>1080</height>
			<texture>black.png</texture>
			<animation effect="fade" start="0" end="70" time="300">WindowOpen</animation>
			<animation effect="fade" start="70" end="0" time="300">WindowClose</animation>
		</control>
		<control type="group">
			<control type="button">
				<posx>1860</posx>
				<posy>30</posy>
				<width>30</width>
				<height>30</height>
				<texturefocus>close-window-focus.png</texturefocus>
				<texturenofocus>close-window-nofocus.png</texturenofocus>
				<onclick>Dialog.Close(smartplaylisteditor)</onclick>
				<visible>Skin.HasSetting(TouchScreenMode) + !Window.IsVisible(smartplaylistrule)</visible>
			</control>
			<control type="label" id="2">
				<description>heading label</description>
				<posx>60</posx>
				<posy>22</posy>
				<width>1800</width>
				<height>45</height>
				<align>center</align>
				<aligny>center</aligny>
				<textcolor>blue</textcolor>
				<font>font-32</font>
				<label>21432</label>
			</control>
			<control type="image">
				<posx>0</posx>
				<posy>81</posy>
				<width>1920</width>
				<height>3</height>
				<texture>separator.png</texture>
			</control>
			<control type="spincontrolex" id="22">
				<description>Set Playlist type</description>
				<posx>300</posx>
				<posy>105</posy>
				<width>1320</width>
				<height>45</height>
				<label>467</label>
				<font>font-20</font>
				<texturefocus border="7">list-focus.png</texturefocus>
				<texturenofocus border="7">list-nofocus.png</texturenofocus>
				<onright>22</onright>
				<onleft>22</onleft>
				<onup>20</onup>
				<ondown>12</ondown>
			</control>
			<control type="label">
				<description>Name Label</description>
				<posx>300</posx>
				<posy>165</posy>
				<width>1320</width>
				<height>45</height>
				<font>font-20c</font>
				<label>[UPPERCASE][B]$LOCALIZE[21433] :[/B][/UPPERCASE]</label>
				<textcolor>lightblue</textcolor>
			</control>
			<control type="edit" id="12">
				<description>Name Entry</description>
				<posx>300</posx>
				<posy>195</posy>
				<width>1320</width>
				<height>45</height>
				<textwidth>1320</textwidth>
				<font>font-20</font>
				<aligny>center</aligny>
				<texturefocus border="7">list-focus.png</texturefocus>
				<texturenofocus border="7">list-nofocus.png</texturenofocus>
				<label>-</label>
				<onup>22</onup>
				<onleft>12</onleft>
				<onright>12</onright>
				<ondown>10</ondown>
			</control>
			<control type="label">
				<description>rules label</description>
				<posx>300</posx>
				<posy>248</posy>
				<width>1320</width>
				<height>45</height>
				<align>left</align>
				<font>font-20c</font>
				<label>[UPPERCASE][B]$LOCALIZE[21434] :[/B][/UPPERCASE]</label>
				<textcolor>lightblue</textcolor>
			</control>
			<control type="list" id="10">
				<description>Rules List Control</description>
				<posx>300</posx>
				<posy>278</posy>
				<width>1320</width>
				<height>129</height>
				<onup>12</onup>
				<ondown>13</ondown>
				<onleft>14</onleft>
				<onright>60</onright>
				<pagecontrol>60</pagecontrol>
				<itemlayout width="1320" height="44">
					<control type="image">
						<posx>0</posx>
						<posy>0</posy>
						<width>1320</width>
						<height>45</height>
						<texture border="7">list-nofocus.png</texture>
					</control>
					<control type="label">
						<posx>15</posx>
						<posy>0</posy>
						<width>1320</width>
						<height>45</height>
						<aligny>center</aligny>
						<label>$INFO[ListItem.Label]</label>
						<selectedcolor>blue</selectedcolor>
						<font>font-20</font>
					</control>
				</itemlayout>
				<focusedlayout width="1320" height="44">
					<control type="image">
						<posx>0</posx>
						<posy>0</posy>
						<width>1320</width>
						<height>45</height>
						<texture border="7">list-nofocus.png</texture>
					</control>
					<control type="image">
						<posx>0</posx>
						<posy>0</posy>
						<width>1320</width>
						<height>45</height>
						<texture border="7">list-focus2.png</texture>
						<visible>Control.HasFocus(10)</visible>
						<include>ListFocusScroll12</include>
					</control>
					<control type="label">
						<posx>15</posx>
						<posy>0</posy>
						<width>1320</width>
						<height>45</height>
						<aligny>center</aligny>
						<label>$INFO[ListItem.Label]</label>
						<selectedcolor>blue</selectedcolor>
						<font>font-20</font>
					</control>
				</focusedlayout>
			</control>
			<control type="scrollbar" id="60">
				<posx>1635</posx>
				<posy>278</posy>
				<width>30</width>
				<height>129</height>
				<texturesliderbackground border="0,10,0,10">scrollbar-back.png</texturesliderbackground>
				<texturesliderbar border="0,10,0,10">scrollbar-front-nofocus.png</texturesliderbar>
				<texturesliderbarfocus border="0,10,0,10">scrollbar-front.png</texturesliderbarfocus>
				<textureslidernib>scrollbar-nib-nofocus.png</textureslidernib>
				<textureslidernibfocus>scrollbar-nib.png</textureslidernibfocus>
				<onleft>10</onleft>
				<onright>15</onright>
				<showonepage>false</showonepage>
				<orientation>vertical</orientation>
			</control>
			<control type="group" id="9000">
				<animation effect="fade" start="100" end="0" time="200" condition="Window.IsVisible(SmartPlaylistRule)">Conditional</animation>
				<control type="button" id="13">
					<description>Add Rule Button</description>
					<posx>510</posx>
					<posy>645</posy>
					<height>52</height>
					<width>300</width>
					<label>15019</label>
					<align>center</align>
					<aligny>center</aligny>
					<texturefocus border="7">button-nofocus.png</texturefocus>
					<texturenofocus border="7">button-nofocus.png</texturenofocus>
					<onup>10</onup>
					<onleft>15</onleft>
					<onright>14</onright>
					<ondown>16</ondown>
				</control>
				<control type="button" id="14">
					<description>Remove Rule Button</description>
					<posx>810</posx>
					<posy>645</posy>
					<height>52</height>
					<width>300</width>
					<label>1210</label>
					<align>center</align>
					<aligny>center</aligny>
					<texturefocus border="7">button-nofocus.png</texturefocus>
					<texturenofocus border="7">button-nofocus.png</texturenofocus>
					<onup>10</onup>
					<onleft>13</onleft>
					<onright>15</onright>
					<ondown>16</ondown>
				</control>
				<control type="button" id="15">
					<description>Edit Rule Button</description>
					<posx>1110</posx>
					<posy>645</posy>
					<height>52</height>
					<width>300</width>
					<label>21435</label>
					<align>center</align>
					<aligny>center</aligny>
					<texturefocus border="7">button-nofocus.png</texturefocus>
					<texturenofocus border="7">button-nofocus.png</texturenofocus>
					<onup>10</onup>
					<onleft>14</onleft>
					<onright>13</onright>
					<ondown>16</ondown>
				</control>
			</control>
			<control type="image">
				<posx>510</posx>
				<posy>645</posy>
				<height>52</height>
				<width>300</width>
				<texture>button-focus.png</texture>
				<animation effect="slide" start="0,0" end="300,0" time="100" condition="Control.HasFocus(14)">Conditional</animation>
				<animation effect="slide" start="0,0" end="600,0" time="100" condition="Control.HasFocus(15)">Conditional</animation>
				<animation effect="fade" start="70" end="100" time="750" pulse="true" condition="true">Conditional</animation>
				<visible>!Window.IsVisible(SmartPlaylistRule) + [Control.HasFocus(13) | Control.HasFocus(15) | Control.HasFocus(14)]</visible>
			</control>
			<control type="spincontrolex" id="16">
				<posx>300</posx>
				<posy>712</posy>
				<width>1320</width>
				<height>45</height>
				<label>21424</label>
				<font>font-20</font>
				<texturefocus border="7">list-focus.png</texturefocus>
				<texturenofocus border="7">list-nofocus.png</texturenofocus>
				<onright>16</onright>
				<onleft>16</onleft>
				<onup>13</onup>
				<ondown>17</ondown>
			</control>
			<control type="spincontrolex" id="17">
				<posx>300</posx>
				<posy>758</posy>
				<width>1320</width>
				<height>45</height>
				<label>21427</label>
				<font>font-20</font>
				<texturefocus border="7">list-focus.png</texturefocus>
				<texturenofocus border="7">list-nofocus.png</texturenofocus>
				<onright>17</onright>
				<onleft>17</onleft>
				<onup>16</onup>
				<ondown>18</ondown>
			</control>
			<control type="spincontrolex" id="18">
				<posx>300</posx>
				<posy>802</posy>
				<width>1320</width>
				<height>45</height>
				<label>21429</label>
				<font>font-20</font>
				<texturefocus border="7">list-focus.png</texturefocus>
				<texturenofocus border="7">list-nofocus.png</texturenofocus>
				<onright>18</onright>
				<onleft>18</onleft>
				<onup>17</onup>
				<ondown>800</ondown>
			</control>
			<control type="image">
				<posx>300</posx>
				<posy>848</posy>
				<width>1320</width>
				<height>45</height>
				<texture border="7">list-nofocus.png</texture>
				<visible>![Control.HasFocus(19) | Control.HasFocus(800) | Control.HasFocus(801)]</visible>
			</control>
			<control type="image">
				<posx>300</posx>
				<posy>848</posy>
				<width>1320</width>
				<height>45</height>
				<texture border="7">list-focus.png</texture>
				<animation effect="fade" start="70" end="100" time="750" pulse="true" condition="Control.HasFocus(19) | Control.HasFocus(800) | Control.HasFocus(801)">Conditional</animation>
				<visible>Control.HasFocus(19) | Control.HasFocus(800) | Control.HasFocus(801)</visible>
			</control>
			<control type="togglebutton" id="19">
				<posx>300</posx>
				<posy>848</posy>
				<width>1320</width>
				<height>45</height>
				<font>font-20</font>
				<align>right</align>
				<aligny>center</aligny>
				<textoffsetx>122</textoffsetx>
				<texturefocus>-</texturefocus>
				<texturenofocus>-</texturenofocus>
				<alttexturefocus>-</alttexturefocus>
				<alttexturenofocus>-</alttexturenofocus>
				<label>21431</label>
				<altlabel>21430</altlabel>
				<onright>19</onright>
				<onleft>19</onleft>
				<onup>18</onup>
				<ondown>23</ondown>
				<onfocus>SetFocus(800)</onfocus>
			</control>
			<control type="label">
				<description>Sort Label</description>
				<posx>312</posx>
				<posy>854</posy>
				<width>1320</width>
				<height>45</height>
				<align>left</align>
				<font>font-20</font>
				<label>580</label>
			</control>
			<control type="button" id="800">
				<description>Sort Down Button</description>
				<posx>1512</posx>
				<posy>854</posy>
				<width>48</width>
				<height>33</height>
				<label>-</label>
				<texturefocus>scroll-down-focus-2.png</texturefocus>
				<texturenofocus>scroll-down-2.png</texturenofocus>
				<onup>18</onup>
				<onleft>801</onleft>
				<onright>801</onright>
				<ondown>23</ondown>
				<onclick>SendClick(136,19)</onclick>
			</control>
			<control type="button" id="801">
				<description>Sort Up Button</description>
				<posx>1560</posx>
				<posy>854</posy>
				<width>48</width>
				<height>33</height>
				<label>-</label>
				<texturefocus>scroll-up-focus-2.png</texturefocus>
				<texturenofocus>scroll-up-2.png</texturenofocus>
				<onup>18</onup>
				<onleft>800</onleft>
				<onright>800</onright>
				<ondown>23</ondown>
				<onclick>SendClick(136,19)</onclick>
			</control>
			<control type="spincontrolex" id="23">
				<posx>300</posx>
				<posy>892</posy>
				<width>1320</width>
				<height>45</height>
				<label>21458</label>
				<font>font-20</font>
				<texturefocus border="7">list-focus.png</texturefocus>
				<texturenofocus border="7">list-nofocus.png</texturenofocus>
				<onright>17</onright>
				<onleft>17</onleft>
				<onup>19</onup>
				<ondown>24</ondown>
			</control>
			<control type="radiobutton" id="24">
				<posx>300</posx>
				<posy>938</posy>
				<width>1320</width>
				<height>45</height>
				<label>21459</label>
				<font>font-20</font>
				<texturefocus border="7">list-focus.png</texturefocus>
				<texturenofocus border="7">list-nofocus.png</texturenofocus>
				<onright>17</onright>
				<onleft>17</onleft>
				<onup>23</onup>
				<ondown>20</ondown>
			</control>
			<control type="image">
				<posx>0</posx>
				<posy>990</posy>
				<width>1920</width>
				<height>3</height>
				<texture>separator.png</texture>
			</control>
			<control type="group" id="9001">
				<control type="button" id="20">
					<description>Ok Button</description>
					<posx>662</posx>
					<posy>1011</posy>
					<width>300</width>
					<height>52</height>
					<align>center</align>
					<aligny>center</aligny>
					<texturefocus border="7">button-nofocus.png</texturefocus>
					<texturenofocus border="7">button-nofocus.png</texturenofocus>
					<label>186</label>
					<onup>24</onup>
					<onleft>21</onleft>
					<onright>21</onright>
					<ondown>12</ondown>
				</control>
				<control type="button" id="21">
					<description>Cancel Button</description>
					<posx>960</posx>
					<posy>1011</posy>
					<width>300</width>
					<height>52</height>
					<align>center</align>
					<aligny>center</aligny>
					<texturefocus border="7">button-nofocus.png</texturefocus>
					<texturenofocus border="7">button-nofocus.png</texturenofocus>
					<label>222</label>
					<onup>24</onup>
					<onleft>20</onleft>
					<onright>20</onright>
					<ondown>12</ondown>
				</control>
			</control>
			<control type="image">
				<posx>660</posx>
				<posy>1011</posy>
				<height>52</height>
				<width>300</width>
				<texture>button-focus.png</texture>
				<animation effect="slide" start="0,0" end="300,0" time="100" condition="Control.HasFocus(21)">Conditional</animation>
				<animation effect="fade" start="70" end="100" time="750" pulse="true" condition="true">Conditional</animation>
				<visible>Control.HasFocus(20) | Control.HasFocus(21)</visible>
			</control>
		</control>
	</controls>
</window>
