<?xml version="1.0" encoding="UTF-8"?>
<window>
	<defaultcontrol always="true">903</defaultcontrol>
	<allowoverlay>no</allowoverlay>

	<controls>
		<control type="group">
			<visible>Player.HasMedia</visible>
			<visible>!Window.IsVisible(SliderDialog) + !Window.IsVisible(videobookmarks)</visible>
			<control type="group"> <!-- UPPER PART -->
				<animation effect="zoom" start="0,879,1920,1" end="0,0,1920,1080" delay="500" time="500">WindowOpen</animation>
				<animation type="WindowClose">
					<effect type="zoom" start="0,0,1920,1080" end="0,879,1920,0" time="400"/>
					<effect type="fade" end="0" delay="300" time="0"/>
				</animation>
				<control type="group">
					<posx>0</posx>
					<posy>570</posy>
					<control type="image">
						<description>LEFT - background image for buttons</description>
						<posx>0</posx>
						<posy>229</posy>
						<width>362</width>
						<height>80</height>
						<texture>osd/line_up.png</texture>
					</control>
					<control type="image">
						<description>RIGHT - background image for buttons</description>
						<posx>1002</posx>
						<posy>229</posy>
						<animation effect="zoom" start="1002,229,483,80" end="1002,229,338,80" time="0" condition="VideoPlayer.Content(LiveTV)">Conditional</animation>
						<width>483</width>
						<height>80</height>
						<texture>osd/line_up.png</texture>
					</control>
				</control>
				<control type="grouplist">
					<posx>362</posx>
					<posy>799</posy>
					<itemgap>0</itemgap>
					<orientation>horizontal</orientation>
					<onup>60</onup>
					<onleft>913</onleft>
					<onright>910</onright>
					<control type="button" id="901">
						<width>80</width>
						<height>80</height>
						<label>-</label>
						<font>-</font>
						<texturefocus>osd/previous_f.png</texturefocus>
						<texturenofocus>osd/previous_nf.png</texturenofocus>
						<onclick>PlayerControl(Previous)</onclick>
					</control>
					<control type="button" id="902">
						<width>80</width>
						<height>80</height>
						<label>-</label>
						<font>-</font>
						<texturefocus>osd/rewind_f.png</texturefocus>
						<texturenofocus>osd/rewind_nf.png</texturenofocus>
						<onclick>PlayerControl(Rewind)</onclick>
					</control>
					<control type="togglebutton" id="903">
						<width>80</width>
						<height>80</height>
						<label>-</label>
						<font>-</font>
						<texturefocus>osd/pause_f.png</texturefocus>
						<texturenofocus>osd/pause_nf.png</texturenofocus>
						<usealttexture>Player.Paused | Player.Forwarding | Player.Rewinding</usealttexture>
						<alttexturefocus>osd/play_f.png</alttexturefocus>
						<alttexturenofocus>osd/play_nf.png</alttexturenofocus>
						<onclick>PlayerControl(Play)</onclick>
					</control>
					<control type="button" id="904">
						<width>80</width>
						<height>80</height>
						<label>-</label>
						<font>-</font>
						<texturefocus>osd/stop_f.png</texturefocus>
						<texturenofocus>osd/stop_nf.png</texturenofocus>
						<onclick>PlayerControl(Stop)</onclick>
					</control>
					<control type="button" id="905">
						<width>80</width>
						<height>80</height>
						<label>-</label>
						<font>-</font>
						<texturefocus>osd/forward_f.png</texturefocus>
						<texturenofocus>osd/forward_nf.png</texturenofocus>
						<onclick>PlayerControl(Forward)</onclick>
					</control>

					<control type="button" id="906">
						<width>80</width>
						<height>80</height>
						<label>-</label>
						<font>-</font>
						<texturefocus>osd/skipnext_f.png</texturefocus>
						<texturenofocus>osd/skipnext_nf.png</texturenofocus>
						<onclick>PlayerControl(Next)</onclick>
					</control>
					<control type="group" id="999">
						<width>80</width>
						<height>80</height>
						<control type="button" id="907">
							<posx>0</posx>
							<posy>0</posy>
							<width>80</width>
							<height>80</height>
							<label>-</label>
							<font>-</font>
							<texturefocus>-</texturefocus>
							<texturenofocus>-</texturenofocus>
							<onleft>906</onleft>
							<onright>908</onright>
							<onclick>PlayerControl(Repeat)</onclick>
						</control>
						<control type="image">
							<posx>0</posx>
							<posy>0</posy>
							<width>80</width>
							<height>80</height>
							<texture>osd/repeat_off_nf.png</texture>
							<visible>!Playlist.IsRepeat + !Playlist.IsRepeatOne + !Control.HasFocus(907)</visible>
						</control>
						<control type="image">
							<posx>0</posx>
							<posy>0</posy>
							<width>80</width>
							<height>80</height>
							<texture>osd/repeat_off_f.png</texture>
							<visible>!Playlist.IsRepeat + !Playlist.IsRepeatOne + Control.HasFocus(907)</visible>
						</control>
						<control type="image">
							<posx>0</posx>
							<posy>0</posy>
							<width>80</width>
							<height>80</height>
							<texture>osd/repeat_one_nf.png</texture>
							<visible>Playlist.IsRepeatOne + !Control.HasFocus(907)</visible>
						</control>
						<control type="image">
							<posx>0</posx>
							<posy>0</posy>
							<width>80</width>
							<height>80</height>
							<texture>osd/repeat_one_f.png</texture>
							<visible>Playlist.IsRepeatOne + Control.HasFocus(907)</visible>
						</control>
						<control type="image">
							<posx>0</posx>
							<posy>0</posy>
							<width>80</width>
							<height>80</height>
							<texture>osd/repeat_all_nf.png</texture>
							<visible>Playlist.IsRepeat + !Control.HasFocus(907)</visible>
						</control>
						<control type="image">
							<posx>0</posx>
							<posy>0</posy>
							<width>80</width>
							<height>80</height>
							<texture>osd/repeat_all_f.png</texture>
							<visible>Playlist.IsRepeat + Control.HasFocus(907)</visible>
						</control>
					</control>
					<control type="togglebutton" id="908">
						<width>80</width>
						<height>80</height>
						<label>-</label>
						<font>-</font>
						<texturefocus>osd/shuffle_off_f.png</texturefocus>
						<texturenofocus>osd/shuffle_off_nf.png</texturenofocus>
						<usealttexture>Playlist.IsRandom</usealttexture>
						<alttexturefocus>osd/shuffle_on_f.png</alttexturefocus>
						<alttexturenofocus>osd/shuffle_on_nf.png</alttexturenofocus>
						<onclick>PlayerControl(Random)</onclick>
					</control>
					<control type="togglebutton" id="909">
						<width>80</width>
						<height>80</height>
						<label>-</label>
						<font>-</font>
						<texturefocus>osd/record_f.png</texturefocus>
						<texturenofocus>osd/record_nf.png</texturenofocus>
						<alttexturefocus>osd/record_on_f.png</alttexturefocus>
						<alttexturenofocus>osd/record_on_nf.png</alttexturenofocus>
						<onclick>PlayerControl(record)</onclick>
						<usealttexture>Player.Recording</usealttexture>
						<visible>Player.CanRecord</visible>
					</control>

				</control>
				<control type="grouplist">
					<posx>1320</posx>
					<posy>799</posy>
					<width>600</width>
					<itemgap>0</itemgap>
					<orientation>horizontal</orientation>
					<align>right</align>
					<onleft>909</onleft>
					<onright>901</onright>
					<control type="button" id="910">
						<description>TV - EPG and channels Menu</description>
						<width>145</width>
						<height>80</height>
						<label>-</label>
						<font>-</font>
						<texturenofocus>osd/tv_nf.png</texturenofocus>
						<texturefocus>osd/tv_f.png</texturefocus>
						<onup>302</onup>
						<onclick>ActivateWindow(PVROSDChannels)</onclick>
						<visible>!Skin.HasSetting(KioskMode) + VideoPlayer.Content(LiveTV)</visible>
					</control>
					<control type="togglebutton" id="911">
						<description>Subtitles button</description>
						<width>145</width>
						<height>80</height>
						<label>-</label>
						<font>-</font>
						<texturenofocus>osd/sub_off_nf.png</texturenofocus>
						<texturefocus>osd/sub_off_f.png</texturefocus>
						<usealttexture>[VideoPlayer.HasSubtitles + VideoPlayer.SubtitlesEnabled]</usealttexture>
						<alttexturefocus>osd/sub_on_f.png</alttexturefocus>
						<alttexturenofocus>osd/sub_on_nf.png</alttexturenofocus>
						<onup>404</onup>
						<onclick>ActivateWindow(SubtitleSearch)</onclick>
					</control>
					<control type="button" id="912">
						<description>Setting - Audio and Video Menu</description>
						<width>145</width>
						<height>80</height>
						<label>-</label>
						<font>-</font>
						<texturenofocus>osd/settings_nf.png</texturenofocus>
						<texturefocus>osd/settings_f.png</texturefocus>
						<onup>502</onup>
						<onclick>ActivateWindow(OSDVideoSettings)</onclick>
						<visible>!Skin.HasSetting(KioskMode)</visible>
					</control>
					<control type="button" id="913">
						<description>Video Menu</description>
						<width>145</width>
						<height>80</height>
						<label>-</label>
						<font>-</font>
						<texturenofocus>osd/more_nf.png</texturenofocus>
						<texturefocus>osd/more_f.png</texturefocus>
						<onup>602</onup>
						<onclick>noop</onclick>
						<visible>!Skin.HasSetting(KioskMode)</visible>
					</control>

<!--
					<control type="button" id="917">
						<description>DVD menu button</description>
						<width>80</width>
						<height>80</height>
						<label>-</label>
						<font>-</font>
						<texturenofocus>osd/record_nf.png</texturenofocus>
						<texturefocus>osd/record_f.png</texturefocus>
						<onclick>PlayerControl(ShowVideoMenu)</onclick>
						<visible>VideoPlayer.HasMenu</visible>
					</control>
					<control type="button" id="918">
						<description>Teletext button</description>
						<width>80</width>
						<height>80</height>
						<label>-</label>
						<font>-</font>
						<texturenofocus>osd/record_nf.png</texturenofocus>
						<texturefocus>osd/record_f.png</texturefocus>
						<onclick>ActivateWindow(Teletext)</onclick>
						<visible>VideoPlayer.HasTeletext</visible>
					</control>
-->
				</control>
			</control>


			<control type="group"><!-- BOTTOM PART  -->
				<animation effect="slide" start="0,203" end="0,0" time="500">WindowOpen</animation>
				<animation effect="slide" start="0,0" end="0,283" delay="380" time="400">WindowClose</animation>
				<control type="group">
					<posx>0</posx>
					<posy>570</posy>
					<control type="image">
						<description>BOTTOM - background image</description>
						<posx>0</posx>
						<posy>309</posy>
						<width>1920</width>
						<height>203</height>
						<texture>osd/line_down.png</texture>
					</control>				
					<include>OSD_artsize</include>
				</control>
				<control type="group">


					<posy>780</posy>
					<control type="label">
						<posx>1880</posx>
						<posy>112</posy>
						<width>1515</width>
						<height>38</height>
						<label>$INFO[VideoPlayer.Title]</label>
						<scroll>true</scroll>
						<scrollspeed>40</scrollspeed>
						<align>right</align>
						<aligny>center</aligny>
						<font>font-32</font>
						<textcolor>white</textcolor>
					</control>
					<control type="label">
						<description>Genre</description>
						<posx>1880</posx>
						<posy>155</posy>
						<width>1200</width>
						<height>38</height>
						<label>$VAR[OSDLabel2]</label>
						<align>right</align>
						<aligny>center</aligny>
						<font>font-23</font>
						<textcolor>grey_a</textcolor>
					</control>
					<control type="label">
						<description>Genre</description>
						<posx>1880</posx>
						<posy>228</posy>
						<width>1200</width>
						<height>38</height>
						<label>[COLOR=grey_a]$INFO[Player.FinishTime][/COLOR] [COLOR=grey_b]$LOCALIZE[31050]:[/COLOR] [COLOR=grey_a]$INFO[System.Time][/COLOR] [COLOR=grey_b]$LOCALIZE[19030]:[/COLOR]</label>
						<align>right</align>
						<aligny>center</aligny>
						<font>font-17</font>
						<textcolor>grey_a</textcolor>
					</control>


					<!-- FLAGS -->
					<control type="grouplist">
						<posy>198</posy>
						<posx>650</posx>
						<align>center</align>
						<width>800</width>
						<height>52</height>
						<itemgap>110</itemgap>
						<orientation>horizontal</orientation>
						<control type="group">
							<visible>!IsEmpty(VideoPlayer.Rating)</visible>
							<include>flag_rating</include>
						</control>	
						<control type="group">
							<visible>!IsEmpty(VideoPlayer.VideoResolution)</visible>
							<include>flag_res</include>
						</control>
						<control type="group">
							<visible>!IsEmpty(VideoPlayer.VideoAspect)</visible>
							<include>flag_aspect</include>
						</control>
						<control type="group">
							<visible>!IsEmpty(VideoPlayer.VideoCodec)</visible>
							<include>flag_codec</include>
						</control>
						<control type="group">
							<visible>!IsEmpty(VideoPlayer.AudioChannels)</visible>
							<include>flag_channels</include>
						</control>
						<control type="group">
							<visible>!IsEmpty(VideoPlayer.AudioCodec)</visible>
							<include>flag_audio</include>
						</control>	
					</control>

					<!-- Progress Bar -->
					<control type="group">
						<posx>365</posx>
						<posy>256</posy>
						<control type="progress">
							<description>Progressbar Cache</description>
							<posx>0</posx>
							<posy>0</posy>
							<width>1515</width>
							<height>38</height>
							<info>Player.ProgressCache</info>
							<texturebg colordiffuse="grey_a" border="1,1,1,1">osd/2.png</texturebg>
							<midtexture colordiffuse="grey_a" border="1,1,1,1">osd/5.png</midtexture>
						</control>
						<control type="progress">
							<description>Progressbar</description>
							<posx>0</posx>
							<posy>0</posy>
							<width>1515</width>
							<height>38</height>
							<texturebg colordiffuse="darkgrey" border="1,0,1,0">osd/4.png</texturebg>
							<midtexture colordiffuse="$VAR[main_color]" border="1,0,1,0">osd/5.png</midtexture>
							<lefttexture>-</lefttexture>
							<righttexture>-</righttexture>
							<info>Player.Progress</info>
						</control>

						<control type="slider" id="888">
							<description>Seek Slider</description>
							<posx>0</posx>
							<posy>0</posy>
							<width>1515</width>
							<height>38</height>
							<action>seek</action>
							<texturesliderbar border="1,0,1,0">osd/4.png</texturesliderbar>
							<textureslidernib>osd/3.png</textureslidernib>
							<textureslidernibfocus>osd/3.png</textureslidernibfocus>
						</control>
						<control type="label">
							<description>time label</description>
							<posx>0</posx>
							<posy>-28</posy>
							<width>300</width>
							<height>38</height>
							<label>$INFO[VideoPlayer.Time][COLOR=grey_b][B] / [/B][/COLOR]$INFO[Player.Duration]</label>
							<align>left</align>
							<aligny>center</aligny>
							<font>font-17</font>
							<textcolor>grey_a</textcolor>
						</control>
					</control>
					<!-- Volume Bar -->
					<control type="group">
						<posx>1570</posx>
						<posy>195</posy>
						<control type="label">
							<description>Volume Label</description>
							<posx>310</posx>
							<posy>0</posy>
							<width>188</width>
							<height>38</height>
							<label>$INFO[Control.GetLabel(10001)]</label>
							<font>font-16</font>
							<textcolor>grey_a</textcolor>
							<align>right</align>
							<aligny>center</aligny>
						</control>
						<control type="image">
							<posx>0</posx>
							<posy>0</posy>
							<width>40</width>
							<height>40</height>
							<texture>osd/mute.png</texture>
							<visible>!IntegerGreaterThan(player.volume,1)</visible>
						</control>
						<control type="image">
							<posx>0</posx>
							<posy>0</posy>
							<width>40</width>
							<height>40</height>
							<texture>osd/volume0.png</texture>
							<visible>IntegerGreaterThan(player.volume,1) + !IntegerGreaterThan(player.volume,20)</visible>
						</control>
						<control type="image">
							<posx>0</posx>
							<posy>0</posy>
							<width>40</width>
							<height>40</height>
							<texture>osd/volume1.png</texture>
							<visible>IntegerGreaterThan(player.volume,20) + !IntegerGreaterThan(player.volume,50)</visible>
						</control>
						<control type="image">
							<posx>0</posx>
							<posy>0</posy>
							<width>40</width>
							<height>40</height>
							<texture>osd/volume2.png</texture>
							<visible>IntegerGreaterThan(player.volume,50) + !IntegerGreaterThan(player.volume,95)</visible>
						</control>
						<control type="image">
							<posx>0</posx>
							<posy>0</posy>
							<width>40</width>
							<height>40</height>
							<texture>osd/volume3.png</texture>
							<visible>IntegerGreaterThan(player.volume,95)</visible>
						</control>

						<control type="progress" id="10001">
							<description>Progressbar for volume</description>
							<posx>50</posx>
							<posy>0</posy>
							<width>220</width>
							<height>38</height>
							<texturebg colordiffuse="grey_a" border="1,1,1,1">osd/2.png</texturebg>
							<midtexture colordiffuse="$VAR[main_color]" border="1,0,1,0">osd/5.png</midtexture>
							<lefttexture>-</lefttexture>
							<righttexture>-</righttexture>
							<info>Player.Volume</info>
						</control>

						<control type="slider" id="889">
							<description>Volume Slider</description>
							<posx>50</posx>
							<posy>0</posy>
							<width>220</width>
							<height>38</height>
							<action>volume</action>
							<texturesliderbar border="1,0,1,0">osd/4.png</texturesliderbar>
							<textureslidernib>osd/3.png</textureslidernib>
							<textureslidernibfocus>osd/3.png</textureslidernibfocus>
						</control>
					</control>

				</control>
			</control>

			<!-- Other Stuff -->
			<control type="group">
<!-- Sub Menu For TV Settings -->
			<control type="grouplist" id="300">
				<visible>![Window.IsVisible(SliderDialog) | Window.IsVisible(subtitlesearch) | Window.IsVisible(pvrosdchannels) | Window.IsVisible(pvrosdguide) | Window.IsVisible(VideoBookmarks)]</visible>
				<left>1200</left>
				<top>740</top>
				<width>800</width>
				<height>60</height>
				<itemgap>0</itemgap>
				<onleft>300</onleft>
				<onright>300</onright>
				<onup>913</onup>
				<ondown>913</ondown>
				<orientation>horizontal</orientation>		
				<visible>[Control.HasFocus(910) | ControlGroup(300).HasFocus]</visible>
				<animation effect="slide" start="0,0" end="600,0" time="500">WindowClose</animation>
				<animation effect="zoom" start="0" end="100" center="1420,798" time="400">Visible</animation>
				<animation effect="zoom" start="100" end="0" center="1420,798" time="400">Hidden</animation>
				<control type="button" id="301">
					<height>60</height>
					<width>210</width>
					<align>center</align>
					<aligny>center</aligny>
					<font>font13</font>
					<focusedcolor>$VAR[main_color]</focusedcolor>
					<textcolor>grey_a</textcolor>
					<texturenofocus>osd/sub_menu.png</texturenofocus>
					<texturefocus>osd/sub_menu.png</texturefocus>
					<textoffsetx>0</textoffsetx>
					<pulseonselect>false</pulseonselect>
					<label>19019</label>
					<onclick>ActivateWindow(PVROSDChannels)</onclick>
				</control>
				<control type="button" id="302">
					<height>60</height>
					<width>210</width>
					<align>center</align>
					<aligny>center</aligny>
					<font>font13</font>
					<focusedcolor>$VAR[main_color]</focusedcolor>
					<textcolor>grey_a</textcolor>
					<texturenofocus>osd/sub_menu.png</texturenofocus>
					<texturefocus>osd/sub_menu.png</texturefocus>
					<pulseonselect>false</pulseonselect>
					<label>19069</label>
					<onclick>ActivateWindow(PVROSDGuide)</onclick>			
				</control>

			</control>
			<control type="image">
				<posx>1200</posx>
				<posy>798</posy>
				<width>420</width>
				<height>16</height>
				<align>right</align>
				<texture colordiffuse="$VAR[main_color]" border="0,0,227,0">osd/sub_focus.png</texture>
				<animation effect="slide" start="0,0" end="600,0" time="500">WindowClose</animation>
				<animation effect="zoom" start="0" end="100" center="1420,798" time="400">Visible</animation>
				<animation effect="zoom" start="100" end="0" center="1420,798" time="400">Hidden</animation>
				<visible>[Control.HasFocus(910) | ControlGroup(300).HasFocus]</visible>
			</control>
				<!-- Sub Menu For Subtitle -->
				<control type="grouplist" id="400">
					<visible>![Window.IsVisible(SliderDialog) | Window.IsVisible(subtitlesearch) | Window.IsVisible(OSDVideoSettings) | Window.IsVisible(OSDAudioSettings) | Window.IsVisible(VideoBookmarks)]</visible>
					<animation effect="slide" start="0,0" end="340,0" time="0" condition="![VideoPlayer.HasSubtitles + VideoPlayer.SubtitlesEnabled]">Conditional</animation>
					<left>985</left>
					<top>740</top>
					<width>800</width>
					<height>60</height>
					<itemgap>0</itemgap>
					<onleft>400</onleft>
					<onright>400</onright>
					<onup>911</onup>
					<ondown>911</ondown>
					<orientation>horizontal</orientation>
					<visible>[Control.HasFocus(911) | ControlGroup(400).HasFocus] + VideoPlayer.HasSubtitles</visible>
					<animation effect="slide" start="0,0" end="1100,0" time="500">WindowClose</animation>
					<include condition="[VideoPlayer.HasSubtitles + VideoPlayer.SubtitlesEnabled]">osd_sub_animation1</include>
					<include condition="![VideoPlayer.HasSubtitles + VideoPlayer.SubtitlesEnabled]">osd_sub_animation2</include>

					<control type="togglebutton" id="401">
						<description>Download with Subtitles script</description>
						<height>60</height>
						<width>180</width>
						<font>font13</font>
						<label>33003</label>
						<focusedcolor>$VAR[main_color]</focusedcolor>
						<textcolor>grey_a</textcolor>
						<textoffsetx>15</textoffsetx>
						<align>center</align>
						<aligny>center</aligny>
						<texturenofocus>osd/sub_menu.png</texturenofocus>
						<texturefocus>osd/sub_menu.png</texturefocus>
						<alttexturefocus>osd/sub_menu.png</alttexturefocus>
						<alttexturenofocus>osd/sub_menu.png</alttexturenofocus>
						<onclick>Close</onclick>
						<onclick>Dialog.Close(VideoOSD)</onclick>
						<onclick>ActivateWindow(SubtitleSearch)</onclick>
					</control>
					<control type="button" id="402">
						<height>60</height>
						<width>210</width>
						<align>center</align>
						<aligny>center</aligny>
						<font>font13</font>
						<focusedcolor>$VAR[main_color]</focusedcolor>
						<textcolor>grey_a</textcolor>
						<texturenofocus>osd/sub_menu.png</texturenofocus>
						<texturefocus>osd/sub_menu.png</texturefocus>
						<pulseonselect>false</pulseonselect>
						<label>22006</label>
						<onclick>SubtitleDelay</onclick>
						<visible>VideoPlayer.HasSubtitles + VideoPlayer.SubtitlesEnabled</visible>
					</control>
					<control type="button" id="403">
						<height>60</height>
						<width>130</width>
						<align>center</align>
						<aligny>center</aligny>
						<font>font13</font>
						<focusedcolor>$VAR[main_color]</focusedcolor>
						<textcolor>grey_a</textcolor>
						<texturenofocus>osd/sub_menu.png</texturenofocus>
						<texturefocus>osd/sub_menu.png</texturefocus>
						<textoffsetx>0</textoffsetx>
						<pulseonselect>false</pulseonselect>
						<label>209</label>
						<onclick>CycleSubtitle</onclick>
						<visible>VideoPlayer.HasSubtitles + VideoPlayer.SubtitlesEnabled</visible>
					</control>
					<control type="radiobutton" id="404">
						<height>60</height>
						<width>260</width>
						<textoffsetx>10</textoffsetx>
						<focusedcolor>$VAR[main_color]</focusedcolor>
						<textcolor>grey_a</textcolor>
						<align>right</align>
						<aligny>center</aligny>
						<font>font13</font>
						<radiowidth>32</radiowidth>
						<radioheight>32</radioheight>
						<texturenofocus>osd/sub_menu.png</texturenofocus>
						<texturefocus>osd/sub_menu.png</texturefocus>
						<label>449</label>
						<radioposx>100</radioposx>
						<radioposy>17</radioposy>						
						<onclick>ShowSubtitles</onclick>
						<selected>VideoPlayer.SubtitlesEnabled</selected>
						<visible>VideoPlayer.HasSubtitles</visible>
						<pulseonselect>false</pulseonselect>
					</control>
				</control>
				<control type="image">
					<description>media info background image</description>
					<posx>985</posx>
					<posy>798</posy>
					<width>781</width>
					<height>16</height>
					<align>right</align>
					<texture colordiffuse="$VAR[main_color]" border="0,0,227,0">osd/sub_focus.png</texture>
					<animation effect="slide" start="0,0" end="1100,0" time="500">WindowClose</animation>
					<animation effect="zoom" start="0" end="100" center="1550,798" time="400">Visible</animation>
					<animation effect="zoom" start="100" end="0" center="1550,798" time="400">Hidden</animation>
					<visible>[Control.HasFocus(911) | ControlGroup(400).HasFocus] + [VideoPlayer.HasSubtitles + VideoPlayer.SubtitlesEnabled]</visible>
				</control>
				<control type="image">
					<description>media info background image</description>
					<posx>1325</posx>
					<posy>798</posy>
					<width>440</width>
					<height>16</height>
					<align>right</align>
					<texture colordiffuse="$VAR[main_color]" border="0,0,227,0">osd/sub_focus.png</texture>
					<animation effect="slide" start="0,0" end="1100,0" time="500">WindowClose</animation>
					<animation effect="zoom" start="0" end="100" center="1550,798" time="400">Visible</animation>
					<animation effect="zoom" start="100" end="0" center="1550,798" time="400">Hidden</animation>
					<visible>[Control.HasFocus(911) | ControlGroup(400).HasFocus] + !VideoPlayer.SubtitlesEnabled</visible>
				</control>
			</control>
			<!-- Sub Menu For Video\Audio Settings -->
			<control type="grouplist" id="500">
				<visible>![Window.IsVisible(SliderDialog) | Window.IsVisible(subtitlesearch) | Window.IsVisible(OSDVideoSettings) | Window.IsVisible(OSDAudioSettings) | Window.IsVisible(VideoBookmarks)]</visible>
				<left>1405</left>
				<animation effect="slide" start="0,0" end="-100,0" time="0" condition="VideoPlayer.IsStereoscopic">Conditional</animation>
				<animation effect="slide" start="0,0" end="600,0" time="500">WindowClose</animation>
				<top>740</top>
				<width>800</width>
				<height>60</height>
				<itemgap>0</itemgap>
				<onleft>400</onleft>
				<onright>400</onright>
				<onup>912</onup>
				<ondown>912</ondown>
				<orientation>horizontal</orientation>
				<visible>[Control.HasFocus(912) | ControlGroup(500).HasFocus]</visible>
				<animation effect="zoom" start="0" end="100" center="1700,798" time="400">Visible</animation>
				<animation effect="zoom" start="100" end="0" center="1700,798" time="400">Hidden</animation>
				<control type="button" id="501">
					<height>60</height>
					<width>310</width>
					<align>center</align>
					<aligny>center</aligny>
					<font>font13</font>
					<focusedcolor>$VAR[main_color]</focusedcolor>
					<textcolor>grey_a</textcolor>
					<texturenofocus>osd/sub_menu.png</texturenofocus>
					<texturefocus>osd/sub_menu.png</texturefocus>
					<pulseonselect>false</pulseonselect>
					<label>13396</label>
					<onclick>ActivateWindow(OSDAudioSettings)</onclick>
				</control>
				<control type="button" id="502">
					<height>60</height>
					<width>200</width>
					<align>center</align>
					<aligny>center</aligny>
					<font>font13</font>
					<focusedcolor>$VAR[main_color]</focusedcolor>
					<textcolor>grey_a</textcolor>
					<texturenofocus>osd/sub_menu.png</texturenofocus>
					<texturefocus>osd/sub_menu.png</texturefocus>
					<textoffsetx>0</textoffsetx>
					<pulseonselect>false</pulseonselect>
					<label>13395</label>
					<onclick>ActivateWindow(OSDVideoSettings)</onclick>
				</control>
				<control type="button" id="503">
					<height>60</height>
					<width>100</width>
					<align>center</align>
					<aligny>center</aligny>
					<font>font13</font>
					<focusedcolor>$VAR[main_color]</focusedcolor>
					<textcolor>grey_a</textcolor>
					<texturenofocus>osd/sub_menu.png</texturenofocus>
					<texturefocus>osd/sub_menu.png</texturefocus>
					<textoffsetx>0</textoffsetx>
					<pulseonselect>false</pulseonselect>
					<label>3D</label>
					<onclick>ActivateWindow(1116)</onclick>
					<visible>VideoPlayer.IsStereoscopic</visible>
				</control>
			</control>
			<control type="image">
				<posx>1405</posx>
				<animation effect="slide" start="0,0" end="-100,0" time="0" condition="VideoPlayer.IsStereoscopic">Conditional</animation>
				<posy>798</posy>
				<include condition="VideoPlayer.IsStereoscopic">osd_3d_settings_on</include>
				<include condition="!VideoPlayer.IsStereoscopic">osd_3d_settings_off</include>
				<height>16</height>
				<align>right</align>
				<texture colordiffuse="$VAR[main_color]" border="0,0,227,0">osd/sub_focus.png</texture>
				<animation effect="slide" start="0,0" end="600,0" time="500">WindowClose</animation>
				<animation effect="zoom" start="0" end="100" center="1700,798" time="400">Visible</animation>
				<animation effect="zoom" start="100" end="0" center="1700,798" time="400">Hidden</animation>
				<visible>[Control.HasFocus(912) | ControlGroup(500).HasFocus]</visible>
				<visible>![Window.IsVisible(SliderDialog) | Window.IsVisible(subtitlesearch) | Window.IsVisible(OSDVideoSettings) | Window.IsVisible(OSDAudioSettings) | Window.IsVisible(VideoBookmarks)]</visible>
			</control>

			<!-- Sub Menu For More Settings -->
			<control type="grouplist" id="600">
				<visible>![Window.IsVisible(SliderDialog) | Window.IsVisible(subtitlesearch) | Window.IsVisible(OSDVideoSettings) | Window.IsVisible(OSDAudioSettings) | Window.IsVisible(VideoBookmarks)]</visible>
				<left>1500</left>
				<top>740</top>
				<width>800</width>
				<height>60</height>
				<itemgap>0</itemgap>
				<onleft>600</onleft>
				<onright>600</onright>
				<onup>913</onup>
				<ondown>913</ondown>
				<orientation>horizontal</orientation>
				
				<visible>[Control.HasFocus(913) | ControlGroup(600).HasFocus]</visible>
				<animation effect="slide" start="0,0" end="600,0" time="500">WindowClose</animation>
				<animation effect="zoom" start="0" end="100" center="1850,798" time="400">Visible</animation>
				<animation effect="zoom" start="100" end="0" center="1850,798" time="400">Hidden</animation>
				<control type="button" id="601">
					<height>60</height>
					<width>210</width>
					<align>center</align>
					<aligny>center</aligny>
					<font>font13</font>
					<focusedcolor>$VAR[main_color]</focusedcolor>
					<textcolor>grey_a</textcolor>
					<texturenofocus>osd/sub_menu.png</texturenofocus>
					<texturefocus>osd/sub_menu.png</texturefocus>
					<textoffsetx>0</textoffsetx>
					<pulseonselect>false</pulseonselect>
					<label>298</label>
					<onclick>ActivateWindow(VideoBookmarks)</onclick>
				</control>
				<control type="button" id="602">
					<height>60</height>
					<width>210</width>
					<align>center</align>
					<aligny>center</aligny>
					<font>font13</font>
					<focusedcolor>$VAR[main_color]</focusedcolor>
					<textcolor>grey_a</textcolor>
					<texturenofocus>osd/sub_menu.png</texturenofocus>
					<texturefocus>osd/sub_menu.png</texturefocus>
					<pulseonselect>false</pulseonselect>
					<label>544</label>
					<onclick>Close</onclick>
					<onclick>ActivateWindow(fullscreeninfo)</onclick>			
				</control>

			</control>
			<control type="image">
				<posx>1500</posx>
				<posy>798</posy>
				<width>420</width>
				<height>16</height>
				<align>right</align>
				<texture colordiffuse="$VAR[main_color]" border="10,0,60,0" flipx="true">osd/sub_focus.png</texture>
				<animation effect="slide" start="0,0" end="600,0" time="500">WindowClose</animation>
				<animation effect="zoom" start="0" end="100" center="1850,798" time="400">Visible</animation>
				<animation effect="zoom" start="100" end="0" center="1850,798" time="400">Hidden</animation>
				
				<visible>[Control.HasFocus(913) | ControlGroup(600).HasFocus]</visible>
			</control>


			<!--
			<control type="group">
				<posy>578</posy>
				<visible>Skin.HasSetting(VideoOSDInfo)</visible>
				<animation effect="fade" time="400">VisibleChange</animation>
				<animation effect="fade" start="100" end="0" time="400">WindowClose</animation>
				<control type="image">
					<description>media info background image</description>
					<posx>450</posx>
					<posy>-142</posy>
					<width>1470</width>
					<height>405</height>
					<texture>osd\line_up.png</texture>
				</control>
				<control type="textbox">
					<description>Plot</description>
					<posx>578</posx>
					<posy>-98</posy>
					<width>1208</width>
					<height>322</height>
					<font>font-20</font>
					<align>right</align>
					<textcolor>white</textcolor>
					<pagecontrol>60</pagecontrol>
					<label>$INFO[VideoPlayer.Plot]</label>
					<autoscroll time="2000" delay="16000" repeat="5000">Skin.HasSetting(AutoScroll)</autoscroll>
				</control>
				<control type="scrollbar" id="60">
					<posx>1822</posx>
					<posy>-123</posy>
					<width>10</width>
					<height>368</height>
					<texturesliderbackground colordiffuse="grey_b">dialogs/white.png</texturesliderbackground>
					<texturesliderbar colordiffuse="grey_a">dialogs/white.png</texturesliderbar>
					<texturesliderbarfocus colordiffuse="$VAR[main_color]">dialogs/white.png</texturesliderbarfocus>
					<textureslidernib colordiffuse="gray_a">dialogs/white.png</textureslidernib>
					<textureslidernibfocus colordiffuse="white">dialogs/white.png</textureslidernibfocus>
					<onup>60</onup>
					<ondown>60</ondown>
					<onleft>919</onleft>
					<onright>919</onright>
					<showonepage>false</showonepage>
					<orientation>vertical</orientation>
				</control>
			</control>
			-->
		</control>
		<include condition="Skin.HasSetting(DebugMode)">debuginfovideoplayer</include>
	</controls>
</window>
