<?xml version="1.0" encoding="UTF-8"?>
<window>
	<defaultcontrol always="true">2</defaultcontrol>
	<coordinates>
		<posx>360</posx>
		<posy>97</posy>
	</coordinates>
	
	<animation effect="zoom" start="0" end="100" center="1550,798" time="400">WindowOpen</animation>
	<animation effect="zoom" start="100" end="0" center="1550,798" time="400">WindowClose</animation>
	<animation effect="fade" end="96" time="0" condition="true">Conditional</animation>
	<controls>
		<control type="image">
			<description>background image</description>
			<posx>0</posx>
			<posy>0</posy>
			<width>1200</width>
			<height>702</height>
			<texture colordiffuse="darkgrey">dialogs/white.png</texture>
			<bordertexture colordiffuse="grey_b">dialogs/white.png</bordertexture>
			<bordersize>2</bordersize>
		</control>
		<control type="label">
			<description>heading label</description>
			<posx>60</posx>
			<posy>10</posy>
			<width>1080</width>
			<height>45</height>
			<align>center</align>
			<aligny>center</aligny>
			<font>font-32</font>
			<label>$LOCALIZE[298]</label>
			<textcolor>white</textcolor>
		</control>
		<control type="image">
			<posx>60</posx>
			<posy>70</posy>
			<width>1080</width>
			<height>2</height>
			<texture>dialogs/white.png</texture>
		</control>
		<control type="panel" id="11">
			<posx>57</posx>
			<posy>74</posy>
			<width>1080</width>
			<height>530</height>
			<onleft>11</onleft>
			<onright>61</onright>
			<ondown>2</ondown>
			<onup>11</onup>
			<scrolltime>200</scrolltime>
			<preloaditems>2</preloaditems>
			<viewtype label="536">icon</viewtype>
			<pagecontrol>61</pagecontrol>
			<orientation>vertical</orientation>
			<itemlayout width="270" height="180">
				<control type="image">
					<posx>10</posx>
					<posy>10</posy>
					<width>240</width>
					<height>160</height>
					<aspectratio>scale</aspectratio>
					<texture background="true">$INFO[ListItem.Icon]</texture>
					<bordertexture colordiffuse="grey_a">dialogs/white.png</bordertexture>
					<bordersize>5</bordersize>
				</control>
				<control type="image">
					<posx>15</posx>
					<posy>130</posy>
					<width>230</width>
					<height>36</height>
					<texture>main/widget_title.png</texture>
				</control>
				<control type="label">
					<posx>3</posx>
					<posy>130</posy>
					<width>255</width>
					<height>33</height>
					<font>font-20</font>
					<textcolor>white</textcolor>
					<selectedcolor>$VAR[main_color]</selectedcolor>
					<align>center</align>
					<aligny>center</aligny>
					<label>$INFO[ListItem.Label]</label>
				</control>
			</itemlayout>
			<focusedlayout width="270" height="180">
				<control type="image">
					<posx>10</posx>
					<posy>10</posy>
					<width>240</width>
					<height>160</height>
					<aspectratio>scale</aspectratio>
					<texture background="true">$INFO[ListItem.Icon]</texture>
					<bordertexture colordiffuse="$VAR[main_color]">dialogs/white.png</bordertexture>
					<bordersize>5</bordersize>
				
				</control>
				<control type="image">
					<posx>15</posx>
					<posy>130</posy>
					<width>230</width>
					<height>36</height>
					<texture>main/widget_title.png</texture>
				</control>	
				<control type="label">
					<posx>3</posx>
					<posy>130</posy>
					<width>255</width>
					<height>33</height>
					<font>font-20</font>
					<textcolor>$VAR[main_color]</textcolor>
					<selectedcolor>$VAR[main_color]</selectedcolor>
					<align>center</align>
					<aligny>center</aligny>
					<label>$INFO[ListItem.Label]</label>
				</control>
			</focusedlayout>
		</control>
		<control type="scrollbar" id="61">
			<posx>1132</posx>
			<posy>85</posy>
			<height>480</height>
			<width>10</width>
			<onleft>11</onleft>
			
			<include>scroll_bar</include>
			<orientation>vertical</orientation>
			<showonepage>false</showonepage>
			<visible>Control.IsVisible(11)</visible>
		</control>
		
		<control type="button" id="2">
			<description>Create Bookmark button</description>
			<posx>60</posx>
			<posy>632</posy>
			<width>352</width>
			<height>52</height>
			<label>294</label>
			<font>font-20</font>
			<textcolor>lightgrey</textcolor>
			<focusedcolor>white</focusedcolor>
			<align>center</align>

			<onleft>4</onleft>
			<onright>3</onright>
			<ondown>11</ondown>
			<onup>11</onup>
			<animation effect="slide" start="0,0" end="180,0" time="0" condition="!VideoPlayer.Content(Episodes)">conditional</animation>
		</control>
		<control type="button" id="3">
			<description>Clear Bookmark button</description>
			<posx>420</posx>
			<posy>632</posy>
			<width>352</width>
			<height>52</height>
			<label>296</label>
			<font>font-20</font>
			<textcolor>lightgrey</textcolor>
			<focusedcolor>white</focusedcolor>
			<align>center</align>

			<onleft>2</onleft>
			<onright>4</onright>
			<ondown>11</ondown>
			<onup>11</onup>
			<animation effect="slide" start="0,0" end="180,0" time="0" condition="!VideoPlayer.Content(Episodes)">conditional</animation>
		</control>
		<control type="button" id="4">
			<description>Set Episode Thumb button</description>
			<posx>780</posx>
			<posy>632</posy>
			<width>352</width>
			<height>52</height>
			<label>20406</label>
			<font>font-20</font>
			<textcolor>lightgrey</textcolor>
			<focusedcolor>white</focusedcolor>
			<align>center</align>

			<onleft>3</onleft>
			<onright>2</onright>
			<ondown>11</ondown>
			<onup>11</onup>
			<visible>VideoPlayer.Content(Episodes)</visible>
		</control>

	</controls>
</window>
