<?xml version="1.0" encoding="UTF-8"?>
<includes>
	<include name="Fanart-Videos">

		<include>fanart_movies</include>
		<include>top_bar</include>
	</include>
	<include name="Fanart-Videos_Root_Extras">
		<control type="group">
			<visible>Control.IsVisible(50) + ![Container.Content(Movies) | Container.Content(Sets) | Container.Content(TVShows) | Container.Content(Seasons) | Container.Content(Episodes) | Container.Content(MusicVideos) | Container.Content(AddOns) | Container.Content(LiveTV)]</visible>
			<!-- Header With Clock -->

			<include>Window_OpenClose_Visible_FanartInfo_Animation</include>
			<include condition="Skin.HasSetting(HateTransparency)">T-Underlay14</include>
			<control type="image">
				<posx>0</posx>
				<posy>825</posy>
				<width>1335</width>
				<height>237</height>
				<texture border="10">underlay.png</texture>
			</control>
			<control type="label">
				<posx>386</posx>
				<posy>861</posy>
				<width>825</width>
				<height>90</height>
				<font>font-30</font>
				<textcolor>blue</textcolor>
				<shadowcolor>black</shadowcolor>
				<align>left</align>
				<aligny>center</aligny>
				<label>$INFO[ListItem.label]</label>
				<wrapmultiline>true</wrapmultiline>
				<visible>!stringcompare(ListItem.Label,..)</visible>
			</control>
		</control>
		<control type="group">
			<visible>Control.IsVisible(50) + ![Container.Content(Movies) | Container.Content(Sets) | Container.Content(TVShows) | Container.Content(Seasons) | Container.Content(Episodes) | Container.Content(MusicVideos) | Container.Content(AddOns) | Container.Content(LiveTV)]</visible>
			<include>Window_OpenClose_Visible_FanartIcon_Animation</include>
			<control type="image">
				<posx>15</posx>
				<posy>720</posy>
				<width>321</width>
				<height>321</height>
				<aspectratio aligny="bottom">keep</aspectratio>
				<fadetime>IconCrossfadeTime</fadetime>
				<texture diffuse="thumb-diffuse.png" background="true">$INFO[Listitem.Icon]</texture>
				<visible>stringcompare(ListItem.Label,..) | [!stringcompare(ListItem.Label,..) + [[Skin.HasSetting(Enable_Foldericons_Movies_Genre) + stringcompare(Container.FolderPath,videodb://movies/genres/)] | [Skin.HasSetting(Enable_Foldericons_TVShows_Genre) + stringcompare(Container.FolderPath,videodb://tvshows/genres/)] | [Skin.HasSetting(Enable_Foldericons_MusicVideos_Genre) + stringcompare(Container.FolderPath,videodb://musicvideos/genres/)]]] | !Container.Content(Genres)</visible>
			</control>
			<control type="image">
				<posx>15</posx>
				<posy>678</posy>
				<width>321</width>
				<height>398</height>
				<texture>thumb-shadow.png</texture>
				<visible>!stringcompare(ListItem.Label,..) + [[!Skin.HasSetting(Enable_Foldericons_Movies_Genre) + stringcompare(Container.FolderPath,videodb://movies/genres/)] | [!Skin.HasSetting(Enable_Foldericons_TVShows_Genre) + stringcompare(Container.FolderPath,videodb://tvshows/genres/)] | 
[!Skin.HasSetting(Enable_Foldericons_MusicVideos_Genre) + stringcompare(Container.FolderPath,videodb://musicvideos/genres/)]]</visible>
			</control>
			<control type="image">
				<posx>15</posx>
				<posy>678</posy>
				<width>321</width>
				<height>398</height>
				<aspectratio aligny="bottom">keep</aspectratio>
				<fadetime>IconCrossfadeTime</fadetime>
				<texture diffuse="thumb-diffuse.png" fallback="genre-movies-icon.jpg">foldericons/genre/videos/$INFO[Listitem.label,,.jpg]</texture>
				<bordersize>6</bordersize>
				<visible>!stringcompare(ListItem.Label,..) + !Skin.HasSetting(Enable_Foldericons_Movies_Genre) + stringcompare(Container.FolderPath,videodb://movies/genres/)</visible>
			</control>
			<control type="image">
				<posx>15</posx>
				<posy>678</posy>
				<width>321</width>
				<height>398</height>
				<aspectratio aligny="bottom">keep</aspectratio>
				<fadetime>IconCrossfadeTime</fadetime>
				<texture diffuse="thumb-diffuse.png" fallback="genre-tvshows-icon.jpg">foldericons/genre/videos/$INFO[Listitem.label,,.jpg]</texture>
				<bordersize>6</bordersize>
				<visible>!stringcompare(ListItem.Label,..) + !Skin.HasSetting(Enable_Foldericons_TVShows_Genre) + stringcompare(Container.FolderPath,videodb://tvshows/genres/)</visible>
			</control>
			<control type="image">
				<posx>15</posx>
				<posy>678</posy>
				<width>321</width>
				<height>398</height>
				<aspectratio aligny="bottom">keep</aspectratio>
				<fadetime>IconCrossfadeTime</fadetime>
				<texture diffuse="thumb-diffuse.png" fallback="genre-music-icon.jpg">foldericons/genre/music/$INFO[Listitem.label,,.jpg]</texture>
				<bordersize>6</bordersize>
				<visible>!stringcompare(ListItem.Label,..) + !Skin.HasSetting(Enable_Foldericons_MusicVideos_Genre) + stringcompare(Container.FolderPath,videodb://musicvideos/genres/)</visible>
			</control>
		</control>
	</include>
	<include name="Fanart-Videos_Extras">
		<control type="group">
			<visible>Control.IsVisible(50) + [Container.Content(Movies) | Container.Content(Sets) | Window.IsVisible(VideoPlaylist)]</visible>
			<include>Window_OpenClose_Visible_FanartInfo_Animation</include>
			<animation effect="slide" end="0,52" time="0" condition="Skin.HasSetting(Enable_Movies_Media_Flags)">Conditional</animation>
			<include condition="Skin.HasSetting(HateTransparency)">T-Underlay14</include>
			<!-- הריבוע השקוף ברשימת הסרטים שמופיע המידע -->
			<control type="image">
				<posx>888</posx>
				<posy>590</posy>
				<width>500</width>
				<height>500</height>
				<texture border="10">main/widget_title.png</texture>
				<visible>!Skin.HasSetting(Enable_Movies_Media_Flags)</visible>
				<visible>False</visible>
			</control>
			<control type="image">
				<posx>0</posx>
				<posy>728</posy>
				<width>1335</width>
				<height>279</height>
				<texture border="10">underlay.png</texture>
				<visible>!Skin.HasSetting(Enable_Movies_Media_Flags) + Skin.HasSetting(FanartShowPlot) + !stringcompare(ListItem.Label,..)</visible>
			</control>
			<include condition="Skin.HasSetting(HateTransparency)">T-Underlay15</include>
			<control type="image">
				<posx>0</posx>
				<posy>825</posy>
				<width>1335</width>
				<height>184</height>
				<texture border="10">underlay.png</texture>
				<visible>Skin.HasSetting(Enable_Movies_Media_Flags)</visible>
			</control>
			<!-- מידע על אוספים -->
			<!--
$INFO[Window(0).Property(Set.Movies.count)] - כמות הסרטים
<label>$INFO[Window(0).Property(Set.Movie.1.title)]</label> - סרט מספר...
-->
			<control type="label">
				<posx>1230</posx>
				<posy>998</posy>
				<width>926</width>
				<height>45</height>
				<font>font-30</font>
				<textcolor>blue</textcolor>
				<shadowcolor>black</shadowcolor>
				<align>right</align>
				<aligny>center</aligny>
				<!--<label>$INFO[ListItem.Title]</label>-->
				<label>$INFO[ListItem.Title] [$INFO[Window(home).Property(Set.Movies.Count)]]</label>
				<visible>ListItem.IsFolder + !stringcompare(ListItem.Label,..)</visible>
			</control>
			<!-- Movie Title - כותרת הסרט, לא זו שברשימה -->
			<!--
			<control type="label">
				<posx>500</posx>
				<posy>568</posy>
				<width>617</width>
				<height>30</height>
				<font>font-30</font>
				<textcolor>blue</textcolor>
				<shadowcolor>black</shadowcolor>
				<align>right</align>
				<aligny>center</aligny>
				<label>$INFO[ListItem.Title]</label>
			</control>
			<control type="label">
				<posx>257</posx>
				<posy>568</posy>
				<width>617</width>
				<height>30</height>
				<font>font-30</font>
				<textcolor>blue</textcolor>
				<shadowcolor>black</shadowcolor>
				<align>left</align>
				<aligny>center</aligny>
				<label>$INFO[ListItem.label]</label>
				<visible>IsEmpty(ListItem.Title) + !stringcompare(ListItem.Label,..)</visible>
			</control>
-->
			<control type="group">
				<!--<visible>!Skin.HasSetting(FanartShowPlot)</visible>-->
				<!-- הז'אנר של הסרט Genre
				<control type="label">
					<posx>666</posx>
					<posy>1002</posy>
					<width>900</width>
					<height>45</height>
					<font>font-20</font>
					<textcolor>white</textcolor>
					<shadowcolor>black</shadowcolor>
					<align>right</align>
					<aligny>center</aligny>
					<label>$INFO[ListItem.Genre]</label>
					<visible>!ListItem.IsFolder + !stringcompare(ListItem.Label,..)</visible>
				</control>-->



				<!-- השנה של הסרט -->
				<!--
				<control type="label">
					<posx>785</posx>
					<posy>565</posy>
					<width>160</width>
					<height>30</height>
					<font>font-23c</font>
					<textcolor>lightblue</textcolor>
					<shadowcolor>black</shadowcolor>
					<align>left</align>
					<aligny>center</aligny>
					<label>$INFO[ListItem.Year]</label>
					<visible>!ListItem.IsFolder</visible>
				</control>
-->

				<!--מראה את שפות הסרט
			<control type="label">
				<posx>820</posx>
				<posy>605</posy>
				<width>617</width>
				<height>30</height>
				<font>font-20</font>
				<textcolor>blue</textcolor>
				<shadowcolor>black</shadowcolor>
				<align>right</align>
				<aligny>center</aligny>
				<label>$INFO[Window(movieinformation).Property(AudioLanguage)]</label>
				<visible>!ListItem.IsFolder</visible>
			</control> 
			-->
				<control type="label">
					<posx>873</posx>
					<posy>950</posy>
					<width>255</width>
					<height>45</height>
					<font>font-20</font>
					<textcolor>white</textcolor>
					<shadowcolor>black</shadowcolor>
					<align>left</align>
					<aligny>center</aligny>
					<label>$INFO[ListItem.Top250,[UPPERCASE][B][COLOR=lightblue]$LOCALIZE[31052]: [/COLOR][/B][/UPPERCASE]]</label>
				</control>
			</control>
			<!-- עלילה לסרטים -->
			<control type="group">
				<visible>Skin.HasSetting(FanartShowPlot) + !IsEmpty(ListItem.Art(discart))</visible>
				<control type="textbox">
					<description>Plot Value for Movies</description>
					<posx>536</posx>
					<posy>758</posy>
					<width>765</width>
					<height>225</height>
					<font>font-25</font>
					<align>right</align>
					<textcolor>white</textcolor>
					<shadowcolor>black</shadowcolor>
					<label>$VAR[ViewFanartText]</label>
					<autoscroll time="2000" delay="8000" repeat="5000">Skin.HasSetting(AutoScroll)</autoscroll>
				</control>
			</control>
			<control type="group">
				<visible>Skin.HasSetting(FanartShowPlot) + IsEmpty(ListItem.Art(discart))</visible>
				<control type="textbox">
					<description>Plot Value for Movies</description>
					<posx>446</posx>
					<posy>758</posy>
					<width>855</width>
					<height>225</height>
					<font>font-25</font>
					<align>right</align>
					<textcolor>white</textcolor>
					<shadowcolor>black</shadowcolor>
					<label>$VAR[ViewFanartText]</label>
					<autoscroll time="2000" delay="8000" repeat="5000">Skin.HasSetting(AutoScroll)</autoscroll>
				</control>
			</control>
			<!-- דגל של רזולוציה מותאם אישית מתוך התיקיה -->
			<control type="image">
				<visible>Control.IsVisible(50) + !ListItem.IsFolder + !stringcompare(ListItem.Label,..) + !Skin.HasSetting(Enable_Movies_Media_Flags) + [Container.Content(Movies) | Window.IsVisible(VideoPlaylist)]</visible>
				<posx>1100</posx>
				<posy>380</posy>
				<width>142</width>
				<height>102</height>
				<texture fallback="resolution/na.png">resolution/$INFO[ListItem.VideoResolution,,.png]</texture>
				<visible>False</visible>
			</control>
			<!-- דגל של מקודד אודיו -->
			<control type="image">
				<visible>Control.IsVisible(50) + !ListItem.IsFolder + !Skin.HasSetting(Enable_Movies_Media_Flags) + [Container.Content(Movies) | Window.IsVisible(VideoPlaylist)]</visible>
				<posx>1240</posx>
				<posy>380</posy>
				<width>142</width>
				<height>102</height>
				<texture fallback="audiocodec/mp3.png">audiocodec/$INFO[ListItem.AudioCodec,,.png]</texture>
				<visible>False</visible>
			</control>
			<!-- Rating -->
			<!-- דגל של דירוג -->
			<control type="image">
				<visible>Control.IsVisible(50) + !ListItem.IsFolder + !Skin.HasSetting(Enable_Movies_Media_Flags) + [Container.Content(Movies) | Window.IsVisible(VideoPlaylist)]</visible>
				<posx>1240</posx>
				<posy>444</posy>
				<width>142</width>
				<height>102</height>
				<texture fallback="">rating.png</texture>
				<visible>False</visible>
			</control>
			<!--דירוג סרט, הדירוג עצמו -->

			<control type="label">
				<posx>1300</posx>
				<posy>474</posy>
				<width>240</width>
				<height>45</height>
				<font>font-22</font>
				<textcolor>white</textcolor>
				<shadowcolor>black</shadowcolor>
				<align>left</align>
				<aligny>center</aligny>

				<label>[B]$INFO[ListItem.Rating][/B]</label>
				<visible>!ListItem.IsFolder</visible>
				<visible>False</visible>
			</control>
			<!-- /Rating -->
			<!-- דגל של שעון -->
			<!-- זמן הריצה של הסרט Runtime -->
			<control type="label">
				<posx>1160</posx>
				<posy>466</posy>
				<width>150</width>
				<height>45</height>
				<font>font-20</font>
				<textcolor>white</textcolor>
				<shadowcolor>black</shadowcolor>
				<align>left</align>
				<aligny>center</aligny>
				<label>$INFO[ListItem.Duration]</label>
				<visible>!ListItem.IsFolder + !stringcompare(ListItem.Label,..)</visible>
				<visible>False</visible>
			</control>
			<control type="image">
				<visible>!Skin.HasSetting(Enable_Movies_Media_Flags) + !ListItem.IsFolder + [Container.Content(Movies) | Window.IsVisible(VideoPlaylist)]</visible>
				<posx>1100</posx>
				<posy>444</posy>
				<width>142</width>
				<height>102</height>
				<texture background="true">watch.png</texture>
				<visible>!ListItem.IsFolder</visible>
				<visible>False</visible>
			</control>
			<!-- כל הדגלים של המידע
			<control type="group">
				<visible>Control.IsVisible(50) + !Skin.HasSetting(Enable_Movies_Media_Flags) + [Container.Content(Movies) | Window.IsVisible(VideoPlaylist)]</visible>
				<control type="group">
					<posx>52</posx>
					<posy>655</posy>
					<width>472</width>
					<height>48</height>
					<include condition="!Skin.HasSetting(Enable_Movies_Media_Flags)">VideoMediaFlags</include>
				</control>
				<include condition="!Skin.HasSetting(Enable_Movies_Media_Flags)">MovieStudioFlag</include>
			</control>
-->
		</control>
		<control type="group">
			<visible>Control.IsVisible(50) + [Container.Content(Movies) | Container.Content(Sets) | Window.IsVisible(VideoPlaylist)]</visible>
			<include>Window_OpenClose_Visible_FanartButton_Animation</include>
			<!--<animation effect="slide" end="-401,0" time="0" condition="Skin.HasSetting(FanartLong)">Conditional</animation> -->
			<!-- כפתור טריילר -->
			<control type="button" id="7005">
				<posx>1251</posx>
				<posy>998</posy>
				<width>60</width>
				<height>60</height>
				<label>-</label>
				<font>-</font>
				<texturefocus>trailer-focus.png</texturefocus>
				<texturenofocus>trailer-nofocus.png</texturenofocus>
				<onleft>9000</onleft>
				<onright>50</onright>
				<onup>7005</onup>
				<ondown>7005</ondown>
				<onclick condition="Skin.HasSetting(Fullscreen_Trailer)">PlayMedia("$INFO[ListItem.Trailer]")</onclick>
				<onclick condition="!Skin.HasSetting(Fullscreen_Trailer)">PlayMedia("$INFO[ListItem.Trailer]",1)</onclick>
				<visible>!Skin.HasSetting(Hide_Trailer_Icon) + !IsEmpty(Listitem.Trailer)</visible>
				<visible>False</visible>
			</control>
		</control>
		<control type="videowindow">
			<description>trailer preview</description>
			<posx>405</posx>
			<posy>300</posy>
			<width>867</width>
			<height>488</height>
			<animation effect="fade" start="0" end="100" time="1000">Visible</animation>
			<animation effect="fade" start="100" end="0" time="1000">Hidden</animation>
			<animation effect="fade" start="0" end="100" time="300">WindowOpen</animation>
			<animation effect="fade" start="100" end="0" time="300">WindowClose</animation>
			<visible>Control.IsVisible(50) + [Player.HasVideo + !Skin.HasSetting(VideoBackgrounds)] + !Skin.HasSetting(Fullscreen_Trailer)</visible>
		</control>
		<control type="group">
			<visible>Control.IsVisible(50) + [Container.Content(Movies) | Container.Content(Sets) | Window.IsVisible(VideoPlaylist)]</visible>
			<include>Window_OpenClose_Visible_FanartIcon_Animation</include>
			<!-- //Header With Clock -->

			<control type="group">
				<include condition="Skin.HasSetting(MoviesExtraThumbs) + !Skin.HasSetting(SafeMode)">thumbs-extra-movies</include>
			</control>
			<animation effect="slide" end="0,60" time="0" condition="Skin.HasSetting(Enable_Movies_Media_Flags)">Conditional</animation>
			<control type="image">
				<posx>27</posx>
				<posy>594</posy>
				<width>327</width>
				<height>465</height>
				<texture background="true">$INFO[ListItem.Icon]</texture>
				<animation effect="slide" end="0,-60" time="0" condition="Skin.HasSetting(Enable_Movies_Media_Flags)">Conditional</animation>
				<visible>stringcompare(ListItem.Label,..) + !Window.IsVisible(VideoPlaylist)</visible>
			</control>


			<!-- Movie Poster Image Frame - המסגרת של תמונת הפוסטר 
			<control type="image">
				<posx>4</posx>
				<posy>552</posy>
				<width>351</width>
				<height>540</height>
				<texture fallback="case1080.png">case$INFO[ListItem.VideoResolution].png</texture>
				<animation effect="slide" end="0,-60" time="0" condition="Skin.HasSetting(Enable_Movies_Media_Flags)">Conditional</animation>
				<visible>!stringcompare(ListItem.Label,..) + !Skin.HasSetting(HideMovieCase)</visible>
			</control>-->

			<!-- CLEARLOGO FOR MOVIES - לוגו לסרטים וההשתקפות שלו 385*515*357*150-->
			<control type="image">
				<posx>888</posx>
				<posy>590</posy>
				<width>260</width>
				<height>120</height>		
				<texture background="true">$INFO[ListItem.Art(clearlogo)]</texture>
				<visible>!ListItem.IsFolder + !Skin.HasSetting(FanartShowPlot)</visible>
				<visible>False</visible>
			</control>
			<control type="image">
				<posx>0</posx>
				<posy>52</posy>
				<width>536</width>
				<height>225</height>
				<aspectratio aligny="top">keep</aspectratio>
				<texture background="true" fallback="">$INFO[ListItem.Art(clearlogo)]</texture>
				<visible>ListItem.IsFolder</visible>
			</control>


			<!-- ההשתקפות של הלוגו לסרטים
		<control type="image">
			<posx>1128</posx>
			<posy>180</posy>
			<width>260</width>
			<height>120</height>
			<aspectratio aligny="top">keep</aspectratio>
			<texture background="true" flipy="true">$INFO[ListItem.Art(clearlogo)]</texture>
			<animation effect="fade" start="10" end="10" time="160" tween="cubic" easing="inout" condition="true">Conditional</animation>
		</control>-->

			<!-- //clearart logo for movies -->

		</control>
		<control type="group">
			<visible>Control.IsVisible(50) + Container.Content(TVShows)</visible>
			<!-- Header With Clock -->

			<include>Window_OpenClose_Visible_FanartInfo_Animation</include>
			<include condition="Skin.HasSetting(HateTransparency)">T-Underlay16</include>
			<control type="image">
				<posx>0</posx>
				<posy>783</posy>
				<width>1335</width>
				<height>279</height>
				<texture border="10">underlay.png</texture>
			</control>
			<control type="label">
				<posx>60</posx>
				<posy>802</posy>
				<width>1178</width>
				<height>45</height>
				<font>font-30</font>
				<textcolor>blue</textcolor>
				<shadowcolor>black</shadowcolor>
				<align>center</align>
				<aligny>center</aligny>
				<label>$VAR[ViewFanartLabel2]</label>
			</control>
			<!-- כותרת של הסדרה סדרות -->
			<control type="label">
				<posx>1275</posx>
				<posy>788</posy>
				<width>900</width>
				<height>90</height>
				<font>font-30</font>
				<textcolor>blue</textcolor>
				<shadowcolor>black</shadowcolor>
				<align>right</align>
				<aligny>top</aligny>
				<label>$VAR[ViewFanartLabel3]</label>
				<wrapmultiline>true</wrapmultiline>
			</control>
			<control type="image">
				<posx>0</posx>
				<posy>52</posy>
				<width>405</width>
				<height>150</height>
				<aspectratio aligny="top">keep</aspectratio>
				<texture background="true">$INFO[ListItem.Art(clearlogo)]</texture>
				<!--<animation effect="zoom" start="80" end="90" time="5000" condition="true" pulse="true">Conditional</animation>
				 <animation effect="zoom" start="100" end="80" time="5000" condition="true" pulse="true">Conditional</animation> -->
			</control>
			<control type="label">
				<posx>60</posx>
				<posy>848</posy>
				<width>1178</width>
				<height>45</height>
				<font>font-23</font>
				<textcolor>white</textcolor>
				<shadowcolor>black</shadowcolor>
				<align>center</align>
				<aligny>center</aligny>
				<label>[COLOR=lightblue] $INFO[ListItem.Property(WatchedEpisodes),(, $LOCALIZE[16102] - ]$INFO[ListItem.Property(UnWatchedEpisodes), , $LOCALIZE[16101])][/COLOR] $INFO[ListItem.Property(TotalSeasons)] $LOCALIZE[33054], $INFO[ListItem.Property(TotalEpisodes)] $LOCALIZE[20360].</label>
				<visible>!stringcompare(ListItem.Label,..) + Skin.HasSetting(TVShowsPosters) + [SubString(Container.FolderPath,videodb://tvshows/) | SubString(Container.FolderPath,special://)]</visible>
			</control>
			<!-- תגית של עונות פרקים ונצפו בסדרות -->
			<control type="label">
				<posx>1286</posx>
				<posy>848</posy>
				<width>900</width>
				<height>45</height>
				<font>font-23</font>
				<textcolor>white</textcolor>
				<shadowcolor>black</shadowcolor>
				<align>right</align>
				<aligny>center</aligny>
				<label>[COLOR=lightblue] $INFO[ListItem.Property(WatchedEpisodes),(, $LOCALIZE[16102] - ]$INFO[ListItem.Property(UnWatchedEpisodes), , $LOCALIZE[16101])][/COLOR] $INFO[ListItem.Property(TotalSeasons)] $LOCALIZE[33054], $INFO[ListItem.Property(TotalEpisodes)] $LOCALIZE[20360]. </label>
				<visible>[!stringcompare(ListItem.Label,..) + !Skin.HasSetting(TVShowsPosters) | ![SubString(Container.FolderPath,videodb://tvshows/) | SubString(Container.FolderPath,special://)]] + !IsEmpty(ListItem.Property(UnWatchedEpisodes))</visible>
			</control>
			<control type="textbox">
				<description>Plot Value for TVShow</description>
				<posx>60</posx>
				<posy>900</posy>
				<width>1178</width>
				<height>128</height>
				<font>font-23</font>
				<align>right</align>
				<textcolor>white</textcolor>
				<shadowcolor>black</shadowcolor>
				<label>$INFO[ListItem.Plot]</label>
				<autoscroll time="2000" delay="8000" repeat="5000">Skin.HasSetting(AutoScroll)</autoscroll>
				<visible>Skin.HasSetting(TVShowsPosters) + [SubString(Container.FolderPath,videodb://tvshows/) | SubString(Container.FolderPath,special://)]</visible>
			</control>
			<!-- עלילה לסדרות -->
			<control type="textbox">
				<description>Plot Value for TVShow</description>
				<posx>386</posx>
				<posy>892</posy>
				<width>900</width>
				<height>147</height>
				<font>font-23</font>
				<align>right</align>
				<textcolor>white</textcolor>
				<shadowcolor>black</shadowcolor>
				<label>$INFO[ListItem.Plot]</label>
				<autoscroll time="2000" delay="8000" repeat="5000">Skin.HasSetting(AutoScroll)</autoscroll>
				<visible>!Skin.HasSetting(TVShowsPosters) | ![SubString(Container.FolderPath,videodb://tvshows/) | SubString(Container.FolderPath,special://)]</visible>
			</control>
		</control>
		<control type="group">
			<visible>Control.IsVisible(50) + Container.Content(TVShows)</visible>
			<include>Window_OpenClose_Visible_FanartIcon_Animation</include>
			<control type="image">
				<posx>57</posx>
				<posy>627</posy>
				<width>297</width>
				<height>432</height>
				<texture background="true">$INFO[ListItem.Icon]</texture>
				<visible>stringcompare(ListItem.Label,..)</visible>
			</control>
			<control type="image">
				<posx>27</posx>
				<posy>720</posy>
				<width>327</width>
				<height>327</height>
				<aspectratio align="left" aligny="center">keep</aspectratio>
				<align>left</align>
				<texture diffuse="banner-diffuse.png" background="true">$VAR[IconBanner]</texture>
				<fadetime>IconCrossfadeTime</fadetime>
				<animation effect="slide" start="-180,0" end="0,0" time="400" tween="quadratic" easing="out">WindowOpen</animation>
				<animation effect="slide" start="0,0" end="-180,0" time="400" tween="quadratic" easing="out">WindowClose</animation>
				<animation effect="slide" start="-180,0" end="0,0" time="400" tween="quadratic" easing="out">Visible</animation>
				<visible>![SubString(Container.FolderPath,videodb://tvshows/) | SubString(Container.FolderPath,special://)] + Skin.HasSetting(TVShowsPosters) + !stringcompare(ListItem.Label,..)</visible>
			</control>
			<control type="image">
				<posx>27</posx>
				<posy>594</posy>
				<width>327</width>
				<height>465</height>
				<texture background="true">$VAR[IconPoster]</texture>
				<fadetime>IconCrossfadeTime</fadetime>
				<visible>!Skin.HasSetting(TVShowsPosters) + !stringcompare(ListItem.Label,..)</visible>
			</control>
			<control type="image">
				<posx>27</posx>
				<posy>552</posy>
				<width>351</width>
				<height>540</height>
				<texture>case-tv.png</texture>
				<visible>!Skin.HasSetting(TVShowsPosters) + !stringcompare(ListItem.Label,..) + !Skin.HasSetting(HideTVShowCase)</visible>
			</control>
		</control>
		<control type="group">
			<visible>Control.IsVisible(50) + Container.Content(Seasons)</visible>
			<include>Window_OpenClose_Visible_FanartInfo_Animation</include>
			<include condition="Skin.HasSetting(HateTransparency)">T-Underlay16</include>
			<control type="image">
				<posx>0</posx>
				<posy>783</posy>
				<width>1335</width>
				<height>279</height>
				<texture border="10">underlay.png</texture>
			</control>
			<control type="image">
				<posx>410</posx>
				<posy>832</posy>
				<width>850</width>
				<height>189</height>
				<texture border="14">banner-shadow.png</texture>
				<visible>!stringcompare(ListItem.Label,..) + Skin.HasSetting(TVShowsPosters)</visible>
			</control>
			<control type="image">
				<posx>429</posx>
				<posy>852</posy>
				<width>812</width>
				<height>150</height>
				<aspectratio scalediffuse="false" align="center">stretch</aspectratio>
				<texture fallback="DefaultBanner.png" diffuse="banner-diffuse.png" background="true">$INFO[ListItem.Art(tvshow.banner)]</texture>
				<visible>!stringcompare(ListItem.Label,..) + Skin.HasSetting(TVShowsPosters)</visible>
			</control>
			<control type="label">
				<posx>1286</posx>
				<posy>802</posy>
				<width>950</width>
				<height>45</height>
				<font>font-30</font>
				<textcolor>blue</textcolor>
				<shadowcolor>black</shadowcolor>
				<align>right</align>
				<aligny>center</aligny>
				<label>$INFO[ListItem.Label]</label>
				<visible>!stringcompare(ListItem.Label,..)</visible>
			</control>
			<control type="label">
				<posx>1286</posx>
				<posy>892</posy>
				<width>950</width>
				<height>45</height>
				<font>font-23</font>
				<textcolor>white</textcolor>
				<shadowcolor>black</shadowcolor>
				<align>right</align>
				<aligny>center</aligny>
				<label>$INFO[ListItem.Genre] [UPPERCASE][B][COLOR=lightblue]$LOCALIZE[515]: [/UPPERCASE][/B][/COLOR]</label>
				<visible>!stringcompare(ListItem.Label,..) + !Skin.HasSetting(TVShowsPosters)</visible>
			</control>
			<control type="label">
				<posx>1050</posx>
				<posy>848</posy>
				<width>950</width>
				<height>45</height>
				<font>font-23</font>
				<textcolor>white</textcolor>
				<shadowcolor>black</shadowcolor>
				<align>right</align>
				<aligny>center</aligny>
				<label>$INFO[ListItem.Property(WatchedEpisodes),(, $LOCALIZE[16102] - ]$INFO[ListItem.Property(UnWatchedEpisodes), , $LOCALIZE[16101])]</label>
				<visible>!stringcompare(ListItem.Label,..) + !Skin.HasSetting(TVShowsPosters)</visible>
			</control>
			<control type="label">
				<posx>1286</posx>
				<posy>848</posy>
				<width>950</width>
				<height>45</height>
				<font>font-23</font>
				<textcolor>white</textcolor>
				<shadowcolor>black</shadowcolor>
				<align>right</align>
				<aligny>center</aligny>
				<label>$INFO[ListItem.Property(TotalEpisodes)] [B][COLOR=lightblue]$LOCALIZE[20360]:[/B][/COLOR]</label>
				<visible>!stringcompare(ListItem.Label,..)</visible>
			</control>
		</control>
		<control type="group">
			<visible>Control.IsVisible(50) + Container.Content(Seasons)</visible>
			<!-- Header With Clock -->

			<include>Window_OpenClose_Visible_FanartIcon_Animation</include>
			<control type="image">
				<posx>27</posx>
				<posy>594</posy>
				<width>327</width>
				<height>465</height>
				<texture background="true">$INFO[ListItem.Icon]</texture>
				<visible>stringcompare(ListItem.Label,..)</visible>
			</control>
			<control type="image">
				<posx>27</posx>
				<posy>594</posy>
				<width>327</width>
				<height>465</height>
				<texture fallback="DefaultVideo.png" background="true">$INFO[ListItem.Thumb]</texture>
				<fadetime>IconCrossfadeTime</fadetime>
				<visible>!stringcompare(ListItem.Label,..)</visible>
			</control>
			<control type="image">
				<posx>27</posx>
				<posy>552</posy>
				<width>351</width>
				<height>540</height>
				<texture>case-tv.png</texture>
				<visible>!stringcompare(ListItem.Label,..) + !Skin.HasSetting(HideTVShowCase)</visible>
			</control>
			<control type="image">
				<posx>0</posx>
				<posy>52</posy>
				<width>405</width>
				<height>150</height>
				<aspectratio aligny="top">keep</aspectratio>
				<texture background="true">$INFO[ListItem.Art(tvshow.clearlogo)]</texture>
				<visible></visible>
			</control>
		</control>
		<control type="group">
			<visible>Control.IsVisible(50) + [Container.Content(Episodes) | Container.Content(MusicVideos)]</visible>
			<!-- Header With Clock -->

			<include>Window_OpenClose_Visible_FanartInfo_Animation</include>
			<animation effect="slide" end="0,52" time="0" condition="Skin.HasSetting(Enable_TVShows_Media_Flags)">Conditional</animation>
			<include condition="Skin.HasSetting(HateTransparency)">T-Underlay18</include>
			<control type="image">
				<posx>0</posx>
				<posy>783</posy>
				<width>1335</width>
				<height>279</height>
				<texture border="10">underlay.png</texture>
				<visible>[Container.Content(Episodes) + !Skin.HasSetting(Enable_TVShows_Media_Flags)] | [Container.Content(MusicVideos) + !Skin.HasSetting(Enable_MusicVideos_Media_Flags)]</visible>
			</control>
			<include condition="Skin.HasSetting(HateTransparency)">T-Underlay19</include>
			<control type="image">
				<posx>0</posx>
				<posy>783</posy>
				<width>1335</width>
				<height>226</height>
				<texture border="10">underlay.png</texture>
				<visible>[Container.Content(Episodes) + Skin.HasSetting(Enable_TVShows_Media_Flags)] | [Container.Content(MusicVideos) + Skin.HasSetting(Enable_MusicVideos_Media_Flags)]</visible>
			</control>
			<control type="label">
				<posx>476</posx>
				<posy>802</posy>
				<width>810</width>
				<height>45</height>
				<font>font-30</font>
				<textcolor>blue</textcolor>
				<shadowcolor>black</shadowcolor>
				<align>center</align>
				<aligny>center</aligny>
				<label>$VAR[ViewFanartLabel4]</label>
			</control>
			<control type="label">
				<posx>1316</posx>
				<posy>802</posy>
				<width>810</width>
				<height>45</height>
				<font>font-30</font>
				<textcolor>blue</textcolor>
				<shadowcolor>black</shadowcolor>
				<align>right</align>
				<aligny>center</aligny>
				<label>$VAR[ViewFanartLabel5]</label>
			</control>
			<!-- לוגו בתוך תצוגת פרקים -->
			<control type="image">
				<posx>0</posx>
				<posy>52</posy>
				<width>405</width>
				<height>150</height>
				<aspectratio aligny="top">keep</aspectratio>
				<texture background="true">$INFO[ListItem.Art(tvshow.clearlogo)]</texture>
				<visible></visible>
			</control>
			<control type="label">
				<posx>1316</posx>
				<posy>844</posy>
				<width>810</width>
				<height>45</height>
				<font>font-30</font>
				<textcolor>white</textcolor>
				<shadowcolor>black</shadowcolor>
				<align>right</align>
				<aligny>center</aligny>
				<label>$INFO[ListItem.Artist]</label>
				<visible>Container.Content(MusicVideos)</visible>
			</control>
			<control type="textbox">
				<description>Common Plot Value for all Content types</description>
				<posx>476</posx>
				<posy>852</posy>
				<width>810</width>
				<height>128</height>
				<font>font-23</font>
				<align>right</align>
				<textcolor>white</textcolor>
				<shadowcolor>black</shadowcolor>
				<label>$INFO[ListItem.Plot]</label>
				<autoscroll time="2000" delay="8000" repeat="5000">Skin.HasSetting(AutoScroll)</autoscroll>
				<visible>Container.Content(Episodes)</visible>
			</control>
			<control type="label">
				<posx>1316</posx>
				<posy>892</posy>
				<width>810</width>
				<height>30</height>
				<font>font-20</font>
				<textcolor>white</textcolor>
				<shadowcolor>black</shadowcolor>
				<align>right</align>
				<aligny>center</aligny>
				<label>$INFO[ListItem.album] [B][COLOR=lightblue]$LOCALIZE[558]: [/B][/COLOR]</label>
				<visible>Container.Content(MusicVideos) + !IsEmpty(ListItem.album)</visible>
			</control>
			<control type="label">
				<posx>1316</posx>
				<posy>922</posy>
				<width>810</width>
				<height>30</height>
				<font>font-20</font>
				<textcolor>white</textcolor>
				<shadowcolor>black</shadowcolor>
				<align>right</align>
				<aligny>center</aligny>
				<label>$INFO[ListItem.studio] [B][COLOR=lightblue]$LOCALIZE[572]:[/B][/COLOR]</label>
				<visible>Container.Content(MusicVideos) + !IsEmpty(ListItem.studio)</visible>
			</control>
			<control type="label">
				<posx>1316</posx>
				<posy>952</posy>
				<width>810</width>
				<height>30</height>
				<font>font-20</font>
				<textcolor>white</textcolor>
				<shadowcolor>black</shadowcolor>
				<align>right</align>
				<aligny>center</aligny>
				<label>$INFO[ListItem.year] [B][COLOR=lightblue]$LOCALIZE[562]:[/B][/COLOR]</label>
				<visible>Container.Content(MusicVideos) + !IsEmpty(ListItem.year)</visible>
			</control>
			<control type="group">
				<posx>466</posx>
				<posy>982</posy>
				<width>810</width>
				<height>72</height>
				<include condition="!Skin.HasSetting(Enable_TVShows_Media_Flags)">VideoMediaFlags</include>
				<visible>!Skin.HasSetting(Enable_TVShows_Media_Flags) + Container.Content(Episodes)</visible>
			</control>
			<control type="group">
				<posx>466</posx>
				<posy>982</posy>
				<width>810</width>
				<height>72</height>
				<include condition="!Skin.HasSetting(Enable_TVShows_Media_Flags)">VideoMediaFlags</include>
				<visible>!Skin.HasSetting(Enable_MusicVideos_Media_Flags) + Container.Content(MusicVideos)</visible>
			</control>
		</control>
		<control type="group">
			<visible>Control.IsVisible(50) + [Container.Content(Episodes) | Container.Content(MusicVideos)]</visible>
			<include>Window_OpenClose_Visible_FanartIcon_Animation</include>
			<control type="image">
				<posx>57</posx>
				<posy>627</posy>
				<width>297</width>
				<height>432</height>
				<texture background="true">$INFO[ListItem.Icon]</texture>
				<visible>stringcompare(ListItem.Label,..)</visible>
			</control>
			<control type="image">
				<posx>15</posx>
				<posy>796</posy>
				<width>447</width>
				<height>252</height>
				<aspectratio scalediffuse="true" aligny="center">keep</aspectratio>
				<texture diffuse="video-diffuse.png" background="true">$INFO[Listitem.Icon]</texture>
				<bordertexture border="9">video-shadow.png</bordertexture>
				<bordersize>8</bordersize>
				<fadetime>IconCrossfadeTime</fadetime>
				<visible>!stringcompare(ListItem.Label,..)</visible>
			</control>
		</control>
		<control type="group">
			<visible>Control.IsVisible(50) + Container.Content(AddOns)</visible>
			<include>Window_OpenClose_Visible_FanartInfo_Animation</include>
			<include condition="Skin.HasSetting(HateTransparency)">T-Underlay14</include>
			<control type="image">
				<posx>0</posx>
				<posy>825</posy>
				<width>1335</width>
				<height>237</height>
				<texture border="10">underlay.png</texture>
			</control>
			<control type="label">
				<posx>338</posx>
				<posy>858</posy>
				<width>954</width>
				<height>45</height>
				<font>font-30</font>
				<textcolor>blue</textcolor>
				<shadowcolor>black</shadowcolor>
				<align>center</align>
				<aligny>center</aligny>
				<label>$INFO[ListItem.Label]</label>
				<visible>!stringcompare(ListItem.Label,..)</visible>
			</control>
			<control type="textbox">
				<description>textarea</description>
				<posx>370</posx>
				<posy>900</posy>
				<width>954</width>
				<height>128</height>
				<label>$INFO[ListItem.Property(Addon.Description)]</label>
				<font>font-23</font>
				<align>right</align>
				<textcolor>white</textcolor>
				<shadowcolor>black</shadowcolor>
				<autoscroll time="3000" delay="16000" repeat="5000">Skin.HasSetting(AutoScroll)</autoscroll>
			</control>
		</control>
		<control type="group">
			<visible>Control.IsVisible(50) + Container.Content(AddOns)</visible>
			<!-- Header With Clock -->

			<include>Window_OpenClose_Visible_FanartIcon_Animation</include>
			<control type="image">
				<posx>12</posx>
				<posy>758</posy>
				<width>315</width>
				<height>315</height>
				<texture background="true">$INFO[ListItem.Icon]</texture>
				<visible>stringcompare(ListItem.Label,..)</visible>
			</control>
			<control type="image">
				<posx>12</posx>
				<posy>758</posy>
				<width>315</width>
				<height>315</height>
				<texture>thumb-shadow.png</texture>
				<visible>!stringcompare(ListItem.Label,..)</visible>
			</control>
			<control type="image">
				<posx>12</posx>
				<posy>758</posy>
				<width>315</width>
				<height>315</height>
				<aspectratio scalediffuse="false">scale</aspectratio>
				<texture diffuse="thumb-diffuse.png" background="true" fallback="DefaultAddon.png">$INFO[Listitem.Icon]</texture>
				<bordersize>6</bordersize>
				<fadetime>IconCrossfadeTime</fadetime>
				<visible>!stringcompare(ListItem.Label,..)</visible>
			</control>
		</control>
		<control type="group">
			<visible>Control.IsVisible(50) + Container.Content(LiveTV)</visible>
			<include>Window_OpenClose_Visible_FanartInfo_Animation</include>
			<include condition="Skin.HasSetting(HateTransparency)">T-Underlay14</include>
			<control type="image">
				<posx>0</posx>
				<posy>825</posy>
				<width>1335</width>
				<height>237</height>
				<texture border="10">underlay.png</texture>
			</control>
			<control type="label">
				<posx>338</posx>
				<posy>858</posy>
				<width>954</width>
				<height>45</height>
				<font>font-30</font>
				<textcolor>blue</textcolor>
				<shadowcolor>black</shadowcolor>
				<align>center</align>
				<aligny>center</aligny>
				<label>$INFO[ListItem.Label2]</label>
				<visible>!stringcompare(ListItem.Label,..)</visible>
			</control>
			<control type="textbox">
				<description>textarea</description>
				<posx>370</posx>
				<posy>900</posy>
				<width>900</width>
				<height>128</height>
				<label>$INFO[ListItem.Plot]</label>
				<font>font-19</font>
				<align>justify</align>
				<textcolor>white</textcolor>
				<shadowcolor>black</shadowcolor>
				<autoscroll time="3000" delay="16000" repeat="5000">Skin.HasSetting(AutoScroll)</autoscroll>
			</control>
		</control>
		<control type="group">
			<visible>Control.IsVisible(50) + Container.Content(LiveTV)</visible>
			<include>Window_OpenClose_Visible_FanartIcon_Animation</include>
			<control type="image">
				<posx>12</posx>
				<posy>758</posy>
				<width>315</width>
				<height>315</height>
				<texture>thumb-shadow.png</texture>
				<visible>!stringcompare(ListItem.Label,..)</visible>
			</control>
			<control type="image">
				<posx>12</posx>
				<posy>758</posy>
				<width>315</width>
				<height>315</height>
				<aspectratio scalediffuse="false">scale</aspectratio>
				<texture diffuse="thumb-diffuse.png" background="true">$INFO[Listitem.Icon]</texture>
				<bordersize>6</bordersize>
				<fadetime>IconCrossfadeTime</fadetime>
				<visible>!stringcompare(ListItem.Label,..)</visible>
			</control>
		</control>
	</include>
	<include name="Fanart-Music">
		<control type="list" id="50">
			<posx>300</posx>
			<posy>248</posy>
			<width>532</width>
			<include condition="!Skin.HasSetting(FanartShort) + !Skin.HasSetting(FanartLong)">FanartNormal</include>
			<include condition="Skin.HasSetting(FanartShort)">FanartShort</include>
			<include condition="Skin.HasSetting(FanartLong)">FanartLong</include>
			<onleft>9000</onleft>
			<onright>60</onright>
			<onup>50</onup>
			<ondown>50</ondown>
			<viewtype label="31030">list</viewtype>
			<pagecontrol>60</pagecontrol>
			<scrolltime>200</scrolltime>
			<preloaditems>2</preloaditems>
			<itemlayout width="532" height="44">
				<control type="image">
					<posx>0</posx>
					<posy>0</posy>
					<width>532</width>
					<height>45</height>
					<texture border="7">list-nofocus.png</texture>
					<include>VisibleFadeEffect</include>
				</control>
				<control type="label">
					<posx>15</posx>
					<posy>0</posy>
					<width>502</width>
					<height>45</height>
					<font>font-20</font>
					<textcolor>white</textcolor>
					<selectedcolor>blue</selectedcolor>
					<align>left</align>
					<aligny>center</aligny>
					<label>$INFO[ListItem.Label]</label>
				</control>
			</itemlayout>
			<focusedlayout width="532" height="44">
				<control type="image">
					<posx>0</posx>
					<posy>0</posy>
					<width>532</width>
					<height>45</height>
					<texture border="7">list-nofocus.png</texture>
					<include>VisibleFadeEffect</include>
				</control>
				<control type="image">
					<posx>0</posx>
					<posy>0</posy>
					<width>532</width>
					<height>45</height>
					<texture border="7">list-focus2.png</texture>
					<visible>Control.HasFocus(50)</visible>
					<include>VisibleFadeEffect</include>
					<include>ListFocusScroll</include>
				</control>
				<control type="label">
					<posx>15</posx>
					<posy>0</posy>
					<width>502</width>
					<height>45</height>
					<font>font-20</font>
					<textcolor>white</textcolor>
					<selectedcolor>blue</selectedcolor>
					<align>left</align>
					<aligny>center</aligny>
					<label>$INFO[ListItem.Label]</label>
				</control>
			</focusedlayout>
		</control>
	</include>
	<include name="Fanart-Music_Root_Extras">
		<control type="group">
			<visible>Control.IsVisible(50) + ![Container.Content(Artists) | Container.Content(Albums) | Container.Content(Songs) | Container.Content(MusicVideos) | Container.Content(AddOns)]</visible>
			<include>Window_OpenClose_Visible_FanartInfo_Animation</include>
			<include condition="Skin.HasSetting(HateTransparency)">T-Underlay110</include>
			<control type="image">
				<posx>0</posx>
				<posy>840</posy>
				<width>1335</width>
				<height>222</height>
				<texture border="10">underlay.png</texture>
			</control>
			<control type="label">
				<posx>386</posx>
				<posy>921</posy>
				<width>825</width>
				<height>45</height>
				<font>font-30</font>
				<textcolor>blue</textcolor>
				<shadowcolor>black</shadowcolor>
				<align>left</align>
				<aligny>center</aligny>
				<label>$INFO[ListItem.label]</label>
				<visible>!stringcompare(ListItem.Label,..)</visible>
			</control>
		</control>
		<control type="group">
			<visible>Control.IsVisible(50) + ![Container.Content(Artists) | Container.Content(Albums) | Container.Content(Songs) | Container.Content(MusicVideos) | Container.Content(AddOns)]</visible>
			<include>Window_OpenClose_Visible_FanartIcon_Animation</include>
			<control type="image">
				<posx>15</posx>
				<posy>720</posy>
				<width>321</width>
				<height>321</height>
				<aspectratio aligny="bottom">keep</aspectratio>
				<fadetime>IconCrossfadeTime</fadetime>
				<texture diffuse="thumb-diffuse.png" background="true">$INFO[Listitem.Icon]</texture>
				<visible>stringcompare(ListItem.Label,..) | ![!Skin.HasSetting(Enable_Foldericons_Music_Genre) + Container.Content(Genres) + stringcompare(Container.FolderPath,musicdb://genres/)]</visible>
			</control>
			<control type="image">
				<posx>15</posx>
				<posy>678</posy>
				<width>321</width>
				<height>398</height>
				<texture>thumb-shadow.png</texture>
				<visible>!stringcompare(ListItem.Label,..) + !Skin.HasSetting(Enable_Foldericons_Music_Genre) + Container.Content(Genres) + stringcompare(Container.FolderPath,musicdb://genres/)</visible>
			</control>
			<control type="image">
				<posx>15</posx>
				<posy>678</posy>
				<width>321</width>
				<height>398</height>
				<aspectratio aligny="bottom">keep</aspectratio>
				<fadetime>IconCrossfadeTime</fadetime>
				<texture diffuse="thumb-diffuse.png" fallback="genre-music-icon.jpg">foldericons/genre/music/$INFO[Listitem.label,,.jpg]</texture>
				<bordersize>6</bordersize>
				<visible>!stringcompare(ListItem.Label,..) + !Skin.HasSetting(Enable_Foldericons_Music_Genre) + Container.Content(Genres) + stringcompare(Container.FolderPath,musicdb://genres/)</visible>
			</control>
		</control>
	</include>
	<include name="Fanart-Artists_Extras">
		<control type="group">
			<visible>Control.IsVisible(50) + Container.Content(Artists)</visible>
			<!-- Header With Clock -->

			<include>Window_OpenClose_Visible_FanartInfo_Animation</include>
			<include condition="Skin.HasSetting(HateTransparency)">T-Underlay110</include>
			<control type="image">
				<posx>0</posx>
				<posy>840</posy>
				<width>1335</width>
				<height>222</height>
				<texture border="10">underlay.png</texture>
			</control>
			<control type="label">
				<posx>338</posx>
				<posy>858</posy>
				<width>954</width>
				<height>45</height>
				<font>font-30</font>
				<textcolor>blue</textcolor>
				<shadowcolor>black</shadowcolor>
				<align>center</align>
				<aligny>center</aligny>
				<label>$INFO[ListItem.Label]</label>
				<visible>!stringcompare(ListItem.Label,..)</visible>
			</control>
			<control type="textbox">
				<description>Description Value for Artist</description>
				<posx>338</posx>
				<posy>908</posy>
				<width>954</width>
				<height>128</height>
				<font>font-19</font>
				<align>justify</align>
				<textcolor>white</textcolor>
				<label>$INFO[ListItem.Property(Artist_Description)]</label>
				<autoscroll time="2000" delay="10000" repeat="5000">Skin.HasSetting(AutoScroll)</autoscroll>
				<animation effect="fade" time="200">Visible</animation>
				<animation effect="fade" time="200">Hidden</animation>
				<visible>Control.IsVisible(50) + Container.Content(Artists)</visible>
			</control>
		</control>
		<control type="group">
			<visible>Control.IsVisible(50) + Container.Content(Artists)</visible>
			<include>Window_OpenClose_Visible_FanartIcon_Animation</include>
			<control type="image">
				<posx>12</posx>
				<posy>758</posy>
				<width>315</width>
				<height>315</height>
				<aspectratio scalediffuse="keep">scale</aspectratio>
				<texture background="true">$INFO[Listitem.Icon]</texture>
				<bordersize>6</bordersize>
				<visible>stringcompare(ListItem.Label,..)</visible>
			</control>
			<control type="image">
				<posx>12</posx>
				<posy>758</posy>
				<width>315</width>
				<height>315</height>
				<texture>thumb-shadow.png</texture>
				<visible>!stringcompare(ListItem.Label,..)</visible>
			</control>
			<control type="image">
				<posx>12</posx>
				<posy>758</posy>
				<width>315</width>
				<height>315</height>
				<aspectratio scalediffuse="false">scale</aspectratio>
				<texture diffuse="thumb-diffuse.png" background="true">$INFO[Listitem.Icon]</texture>
				<bordersize>6</bordersize>
				<fadetime>IconCrossfadeTime</fadetime>
				<visible>!stringcompare(ListItem.Label,..)</visible>
			</control>
		</control>
	</include>
	<include name="Fanart-AlbumsSongs_Extras">
		<control type="group">
			<visible>Control.IsVisible(50) + [Container.Content(Albums) | Container.Content(Songs) | [Window.IsVisible(MusicFiles) + !Container.Content(AddOns)] | Window.IsVisible(MusicPlaylist)]</visible>
			<!-- Header With Clock -->

			<include>Window_OpenClose_Visible_FanartInfo_Animation</include>
			<include condition="Skin.HasSetting(HateTransparency)">T-Underlay111</include>
			<control type="image">
				<posx>0</posx>
				<posy>840</posy>
				<width>1335</width>
				<height>222</height>
				<texture border="10">underlay.png</texture>
			</control>
			<include condition="!Window.IsVisible(MusicFiles) + !Skin.HasSetting(Enable_Music_Media_Flags)">MusicMediaFlags</include>
			<control type="label">
				<posx>393</posx>
				<posy>866</posy>
				<width>920</width>
				<height>45</height>
				<font>font-30</font>
				<textcolor>blue</textcolor>
				<shadowcolor>black</shadowcolor>
				<align>left</align>
				<aligny>center</aligny>
				<label>$INFO[Listitem.Artist]</label>
				<visible>Container.Content(Albums) + !Window.IsVisible(MusicFiles)</visible>
			</control>
			<control type="label">
				<posx>393</posx>
				<posy>866</posy>
				<width>765</width>
				<height>45</height>
				<font>font-30</font>
				<textcolor>blue</textcolor>
				<shadowcolor>black</shadowcolor>
				<align>left</align>
				<aligny>center</aligny>
				<label>$VAR[ViewFanartLabel6]</label>
			</control>
			<control type="label">
				<posx>1298</posx>
				<posy>866</posy>
				<width>300</width>
				<height>45</height>
				<font>font-30</font>
				<textcolor>blue</textcolor>
				<shadowcolor>black</shadowcolor>
				<align>right</align>
				<aligny>center</aligny>
				<label>$INFO[ListItem.Duration]</label>
				<visible>Container.Content(Songs) + !ListItem.IsPlaying + ![Window.IsVisible(MusicPlaylist) + Player.HasAudio]</visible>
			</control>
			<control type="label">
				<description>time label</description>
				<posx>1298</posx>
				<posy>866</posy>
				<width>225</width>
				<height>45</height>
				<font>font-30</font>
				<textcolor>blue</textcolor>
				<shadowcolor>black</shadowcolor>
				<align>right</align>
				<aligny>center</aligny>
				<label>$INFO[MusicPlayer.Time]</label>
				<visible>ListItem.IsPlaying | Window.IsVisible(MusicPlaylist)</visible>
			</control>
			<control type="label">
				<posx>393</posx>
				<posy>909</posy>
				<width>920</width>
				<height>45</height>
				<font>font-25</font>
				<textcolor>lightblue</textcolor>
				<shadowcolor>black</shadowcolor>
				<align>left</align>
				<aligny>center</aligny>
				<label>$INFO[ListItem.Album]</label>
			</control>
			<control type="label">
				<posx>393</posx>
				<posy>948</posy>
				<width>920</width>
				<height>45</height>
				<font>font-30</font>
				<textcolor>white</textcolor>
				<shadowcolor>black</shadowcolor>
				<align>left</align>
				<aligny>center</aligny>
				<label>$VAR[ViewFanartLabel7]</label>
			</control>
			<control type="label">
				<posx>393</posx>
				<posy>866</posy>
				<width>675</width>
				<height>45</height>
				<font>font-30</font>
				<textcolor>blue</textcolor>
				<shadowcolor>black</shadowcolor>
				<align>left</align>
				<aligny>center</aligny>
				<label>$INFO[ListItem.Label]</label>
				<visible>Window.IsVisible(MusicFiles) + !stringcompare(ListItem.Label,..) + !Window.IsVisible(MusicPlaylist)</visible>
			</control>
			<control type="label">
				<posx>1298</posx>
				<posy>866</posy>
				<width>225</width>
				<height>45</height>
				<font>font-30</font>
				<textcolor>blue</textcolor>
				<shadowcolor>black</shadowcolor>
				<align>right</align>
				<aligny>center</aligny>
				<label>$INFO[ListItem.Label2]</label>
				<visible>Window.IsVisible(MusicFiles) + !ListItem.IsPlaying + !Window.IsVisible(MusicPlaylist)</visible>
			</control>
			<control type="label">
				<posx>393</posx>
				<posy>1000</posy>
				<width>920</width>
				<height>45</height>
				<font>font-20</font>
				<textcolor>white</textcolor>
				<shadowcolor>black</shadowcolor>
				<align>left</align>
				<aligny>center</aligny>
				<label>$VAR[ViewFanartLabel9]</label>
			</control>
			<control type="label">
				<posx>585</posx>
				<posy>1000</posy>
				<width>920</width>
				<height>45</height>
				<font>font-20</font>
				<textcolor>white</textcolor>
				<shadowcolor>black</shadowcolor>
				<align>left</align>
				<aligny>center</aligny>
				<label>$VAR[ViewFanartLabel8]</label>
				<visible>!ListItem.IsPlaying + ![Window.IsVisible(MusicPlaylist) + Player.HasAudio]</visible>
			</control>
			<control type="progress">
				<description>Progressbar</description>
				<posx>585</posx>
				<posy>1011</posy>
				<width>570</width>
				<height>30</height>
				<info>Player.Progress</info>
				<visible>ListItem.IsPlaying | [Window.IsVisible(MusicPlaylist) + Player.HasAudio]</visible>
			</control>
			<control type="slider" id="888">
				<description>Slider</description>
				<posx>585</posx>
				<posy>1011</posy>
				<width>570</width>
				<height>30</height>
				<action>seek</action>
				<visible>ListItem.IsPlaying | [Window.IsVisible(MusicPlaylist) + Player.HasAudio]</visible>
			</control>
		</control>
		<control type="group">
			<visible>Control.IsVisible(50) + Container.Content(MusicVideos)</visible>
			<!-- Header With Clock -->

			<include>Window_OpenClose_Visible_FanartInfo_Animation</include>
			<include condition="Skin.HasSetting(HateTransparency)">T-Underlay116</include>
			<control type="image">
				<posx>0</posx>
				<posy>783</posy>
				<width>1335</width>
				<height>279</height>
				<texture border="10">underlay.png</texture>
				<visible>Container.Content(MusicVideos)</visible>
			</control>
			<control type="label">
				<posx>476</posx>
				<posy>802</posy>
				<width>810</width>
				<height>45</height>
				<font>font-30</font>
				<textcolor>blue</textcolor>
				<shadowcolor>black</shadowcolor>
				<align>left</align>
				<aligny>center</aligny>
				<label>$INFO[ListItem.Title]</label>
				<visible>Container.Content(MusicVideos)</visible>
			</control>
			<control type="label">
				<posx>476</posx>
				<posy>844</posy>
				<width>810</width>
				<height>45</height>
				<font>font-30</font>
				<textcolor>white</textcolor>
				<shadowcolor>black</shadowcolor>
				<align>left</align>
				<aligny>center</aligny>
				<label>$INFO[ListItem.Artist]</label>
				<visible>Container.Content(MusicVideos)</visible>
			</control>
			<control type="label">
				<posx>476</posx>
				<posy>892</posy>
				<width>810</width>
				<height>30</height>
				<font>font-20</font>
				<textcolor>white</textcolor>
				<shadowcolor>black</shadowcolor>
				<align>left</align>
				<aligny>center</aligny>
				<label>$INFO[ListItem.album,[UPPERCASE][B][COLOR=lightblue]$LOCALIZE[558]: [/UPPERCASE][/B][/COLOR]]</label>
				<visible>Container.Content(MusicVideos)</visible>
			</control>
			<control type="label">
				<posx>476</posx>
				<posy>922</posy>
				<width>810</width>
				<height>30</height>
				<font>font-20</font>
				<textcolor>white</textcolor>
				<shadowcolor>black</shadowcolor>
				<align>left</align>
				<aligny>center</aligny>
				<label>$INFO[ListItem.studio,[UPPERCASE][B][COLOR=lightblue]$LOCALIZE[572]: [/UPPERCASE][/B][/COLOR]]</label>
				<visible>Container.Content(MusicVideos)</visible>
			</control>
			<control type="label">
				<posx>476</posx>
				<posy>952</posy>
				<width>810</width>
				<height>30</height>
				<font>font-20</font>
				<textcolor>white</textcolor>
				<shadowcolor>black</shadowcolor>
				<align>left</align>
				<aligny>center</aligny>
				<label>$INFO[ListItem.year,[UPPERCASE][B][COLOR=lightblue]$LOCALIZE[562]: [/UPPERCASE][/B][/COLOR]]</label>
				<visible>Container.Content(MusicVideos)</visible>
			</control>
		</control>
		<control type="group">
			<visible>Control.IsVisible(50) + [Container.Content(Albums) | Container.Content(Songs) | Container.Content(MusicVideos) | [Window.IsVisible(MusicFiles) + !Container.Content(AddOns)] | Window.IsVisible(MusicPlaylist)]</visible>
			<include>Window_OpenClose_Visible_FanartIcon_Animation</include>
			<control type="image">
				<posx>51</posx>
				<posy>748</posy>
				<width>312</width>
				<height>312</height>
				<aspectratio scalediffuse="keep">scale</aspectratio>
				<texture background="true">$INFO[Listitem.Icon]</texture>
				<visible>stringcompare(ListItem.Label,..)</visible>
			</control>
			<control type="image">
				<posx>51</posx>
				<posy>748</posy>
				<width>312</width>
				<height>312</height>
				<aspectratio scalediffuse="false">scale</aspectratio>
				<texture diffuse="thumb-diffuse.png" background="true">$INFO[Listitem.Icon]</texture>
				<fadetime>IconCrossfadeTime</fadetime>
				<visible>!stringcompare(ListItem.Label,..) + Window.IsVisible(MusicFiles)</visible>
			</control>
			<control type="image">
				<posx>51</posx>
				<posy>748</posy>
				<width>312</width>
				<height>312</height>
				<texture background="true">$INFO[ListItem.Icon]</texture>
				<fadetime>IconCrossfadeTime</fadetime>
				<visible>!stringcompare(ListItem.Label,..) + !Window.IsVisible(MusicFiles) + !Container.Content(MusicVideos)</visible>
			</control>
			<control type="image">
				<posx>12</posx>
				<posy>738</posy>
				<width>368</width>
				<height>338</height>
				<texture>cdcase-shadow.png</texture>
				<description>music fanart view</description>
				<visible>!stringcompare(ListItem.Label,..) + !Window.IsVisible(MusicFiles) + !Container.Content(MusicVideos) + !Skin.HasSetting(HideMusicCase)</visible>
			</control>
			<control type="image">
				<posx>18</posx>
				<posy>744</posy>
				<width>354</width>
				<height>321</height>
				<texture>cdcase.png</texture>
				<description>music fanart view</description>
				<visible>!stringcompare(ListItem.Label,..) + !Window.IsVisible(MusicFiles) + !Container.Content(MusicVideos) + !Skin.HasSetting(HideMusicCase)</visible>
			</control>
			<control type="image">
				<posx>15</posx>
				<posy>796</posy>
				<width>447</width>
				<height>252</height>
				<aspectratio scalediffuse="true" aligny="center">keep</aspectratio>
				<texture diffuse="video-diffuse.png" background="true">$INFO[Listitem.Icon]</texture>
				<bordertexture border="9">video-shadow.png</bordertexture>
				<bordersize>8</bordersize>
				<fadetime>IconCrossfadeTime</fadetime>
				<visible>!stringcompare(ListItem.Label,..) + Container.Content(MusicVideos)</visible>
			</control>
		</control>
		<control type="group">
			<visible>Control.IsVisible(50) + Container.Content(AddOns)</visible>
			<include>Window_OpenClose_Visible_FanartInfo_Animation</include>
			<include condition="Skin.HasSetting(HateTransparency)">T-Underlay14</include>
			<!-- Header With Clock -->

			<control type="image">
				<posx>0</posx>
				<posy>840</posy>
				<width>1335</width>
				<height>222</height>
				<texture border="10">underlay.png</texture>
			</control>
			<control type="label">
				<posx>338</posx>
				<posy>858</posy>
				<width>954</width>
				<height>45</height>
				<font>font-30</font>
				<textcolor>blue</textcolor>
				<shadowcolor>black</shadowcolor>
				<align>center</align>
				<aligny>center</aligny>
				<label>$INFO[ListItem.Label]</label>
				<visible>!stringcompare(ListItem.Label,..)</visible>
			</control>
			<control type="textbox">
				<description>textarea</description>
				<posx>338</posx>
				<posy>908</posy>
				<width>954</width>
				<height>128</height>
				<label>$INFO[ListItem.Property(Addon.Description)]</label>
				<font>font-19</font>
				<align>justify</align>
				<textcolor>white</textcolor>
				<shadowcolor>black</shadowcolor>
				<autoscroll time="3000" delay="16000" repeat="5000">Skin.HasSetting(AutoScroll)</autoscroll>
			</control>
		</control>
		<control type="group">
			<visible>Control.IsVisible(50) + Container.Content(AddOns)</visible>
			<include>Window_OpenClose_Visible_FanartIcon_Animation</include>
			<!-- Header With Clock -->

			<control type="image">
				<posx>12</posx>
				<posy>758</posy>
				<width>315</width>
				<height>315</height>
				<texture background="true">$INFO[ListItem.Icon]</texture>
				<visible>stringcompare(ListItem.Label,..)</visible>
			</control>
			<control type="image">
				<posx>12</posx>
				<posy>758</posy>
				<width>315</width>
				<height>315</height>
				<texture>thumb-shadow.png</texture>
				<visible>!stringcompare(ListItem.Label,..)</visible>
			</control>
			<control type="image">
				<posx>12</posx>
				<posy>758</posy>
				<width>315</width>
				<height>315</height>
				<aspectratio scalediffuse="false">scale</aspectratio>
				<texture diffuse="thumb-diffuse.png" background="true" fallback="DefaultAddon.png">$INFO[Listitem.Icon]</texture>
				<bordersize>6</bordersize>
				<fadetime>IconCrossfadeTime</fadetime>
				<visible>!stringcompare(ListItem.Label,..)</visible>
			</control>
		</control>
	</include>
	<include name="Fanart-ProgramsPicturesAddons">
		<control type="list" id="50">
			<visible>Window.IsVisible(Programs) | Window.IsVisible(Pictures) | Window.IsVisible(AddonBrowser)</visible>
			<posx>300</posx>
			<posy>248</posy>
			<width>532</width>
			<include condition="!Skin.HasSetting(FanartShort) + !Skin.HasSetting(FanartLong)">FanartNormal</include>
			<include condition="Skin.HasSetting(FanartShort)">FanartShort</include>
			<include condition="Skin.HasSetting(FanartLong)">FanartLong</include>
			<onleft condition="Window.IsVisible(Pictures)">7009</onleft>
			<onleft condition="Window.IsVisible(Programs) | Window.IsVisible(AddonBrowser)">9000</onleft>
			<onright>60</onright>
			<onup>50</onup>
			<ondown>50</ondown>
			<viewtype label="31030">list</viewtype>
			<pagecontrol>60</pagecontrol>
			<scrolltime>200</scrolltime>
			<preloaditems>2</preloaditems>
			<itemlayout width="532" height="44">
				<control type="image">
					<posx>0</posx>
					<posy>0</posy>
					<width>532</width>
					<height>45</height>
					<texture border="7">list-nofocus.png</texture>
					<include>VisibleFadeEffect</include>
				</control>
				<control type="label">
					<posx>15</posx>
					<posy>0</posy>
					<width>458</width>
					<height>45</height>
					<font>font-20</font>
					<textcolor>white</textcolor>
					<selectedcolor>blue</selectedcolor>
					<align>left</align>
					<aligny>center</aligny>
					<label>$INFO[ListItem.Label]</label>
				</control>
				<control type="image">
					<posx>488</posx>
					<posy>0</posy>
					<width>45</width>
					<height>45</height>
					<aspectratio>keep</aspectratio>
					<texture>$INFO[ListItem.Overlay]</texture>
				</control>
			</itemlayout>
			<focusedlayout width="532" height="44">
				<control type="image">
					<posx>0</posx>
					<posy>0</posy>
					<width>532</width>
					<height>45</height>
					<texture border="7">list-nofocus.png</texture>
					<include>VisibleFadeEffect</include>
				</control>
				<control type="image">
					<posx>0</posx>
					<posy>0</posy>
					<width>532</width>
					<height>45</height>
					<texture border="7">list-focus2.png</texture>
					<visible>Control.HasFocus(50)</visible>
					<include>VisibleFadeEffect</include>
					<include>ListFocusScroll</include>
				</control>
				<control type="label">
					<posx>15</posx>
					<posy>0</posy>
					<width>458</width>
					<height>45</height>
					<font>font-20</font>
					<textcolor>white</textcolor>
					<selectedcolor>blue</selectedcolor>
					<align>left</align>
					<aligny>center</aligny>
					<label>$INFO[ListItem.Label]</label>
				</control>
				<control type="image">
					<posx>488</posx>
					<posy>0</posy>
					<width>45</width>
					<height>45</height>
					<aspectratio>keep</aspectratio>
					<texture>$INFO[ListItem.Overlay]</texture>
				</control>
			</focusedlayout>
		</control>
	</include>
	<include name="Fanart-Programs-Extras">
		<control type="group">
			<visible>Control.IsVisible(50)</visible>
			<include>Window_OpenClose_Visible_FanartInfo_Animation</include>
			<include condition="Skin.HasSetting(HateTransparency)">T-Underlay118</include>
			<control type="image">
				<posx>0</posx>
				<posy>840</posy>
				<width>1335</width>
				<height>210</height>
				<texture border="10">underlay.png</texture>
			</control>
			<control type="label">
				<posx>338</posx>
				<posy>858</posy>
				<width>954</width>
				<height>45</height>
				<font>font-30</font>
				<textcolor>blue</textcolor>
				<shadowcolor>black</shadowcolor>
				<align>center</align>
				<aligny>center</aligny>
				<label>$INFO[ListItem.Label]</label>
				<visible>!stringcompare(ListItem.Label,..)</visible>
			</control>
			<control type="textbox">
				<description>textarea</description>
				<posx>368</posx>
				<posy>906</posy>
				<width>900</width>
				<height>128</height>
				<label>$INFO[ListItem.Property(Addon.Description)]</label>
				<font>font-19</font>
				<align>justify</align>
				<textcolor>white</textcolor>
				<shadowcolor>black</shadowcolor>
				<autoscroll time="3000" delay="16000" repeat="5000">Skin.HasSetting(AutoScroll)</autoscroll>
			</control>
			<control type="textbox">
				<description>plot description used by addons</description>
				<posx>368</posx>
				<posy>906</posy>
				<width>900</width>
				<height>128</height>
				<label>$INFO[ListItem.Plot]</label>
				<font>font-19</font>
				<align>justify</align>
				<textcolor>white</textcolor>
				<shadowcolor>black</shadowcolor>
				<autoscroll time="3000" delay="16000" repeat="5000">Skin.HasSetting(AutoScroll)</autoscroll>
				<visible>IsEmpty(ListItem.Property(Addon.Description)) + !IsEmpty(ListItem.Plot)</visible>
			</control>
		</control>
		<control type="group">
			<visible>Control.IsVisible(50)</visible>
			<include>Window_OpenClose_Visible_FanartIcon_Animation</include>
			<control type="image">
				<posx>12</posx>
				<posy>747</posy>
				<width>330</width>
				<height>330</height>
				<texture background="true">$INFO[ListItem.Icon]</texture>
				<fadetime>IconCrossfadeTime</fadetime>
				<visible>stringcompare(Listitem.Label,..)</visible>
			</control>
			<control type="image">
				<posx>12</posx>
				<posy>747</posy>
				<width>330</width>
				<height>330</height>
				<aspectratio scalediffuse="true">keep</aspectratio>
				<texture diffuse="thumb-diffuse.png" background="true">$INFO[Listitem.Icon]</texture>
				<align>center</align>
				<aligny>center</aligny>
				<bordertexture border="7">thumb-shadow.png</bordertexture>
				<bordersize>9</bordersize>
				<fadetime>IconCrossfadeTime</fadetime>
				<visible>!stringcompare(ListItem.Label,..) + !Container.Content(Addons)</visible>
			</control>
			<control type="image">
				<posx>12</posx>
				<posy>747</posy>
				<width>330</width>
				<height>330</height>
				<aspectratio scalediffuse="true">keep</aspectratio>
				<texture diffuse="thumb-diffuse.png" background="true" fallback="DefaultAddon.png">$INFO[Listitem.Icon]</texture>
				<align>center</align>
				<aligny>center</aligny>
				<bordertexture border="7">thumb-shadow.png</bordertexture>
				<bordersize>9</bordersize>
				<fadetime>IconCrossfadeTime</fadetime>
				<visible>!stringcompare(ListItem.Label,..) + Container.Content(Addons)</visible>
			</control>
		</control>
	</include>
	<include name="Fanart-Pictures-Extras">
		<control type="group">
			<visible>Control.IsVisible(50) + !Container.Content(AddOns)</visible>
			<include>Window_OpenClose_Visible_FanartInfo_Animation</include>
			<include condition="Skin.HasSetting(HateTransparency)">T-Underlay112</include>
			<control type="image">
				<posx>0</posx>
				<posy>878</posy>
				<width>1335</width>
				<height>172</height>
				<texture border="10">underlay.png</texture>
			</control>
			<control type="label">
				<posx>370</posx>
				<posy>896</posy>
				<width>825</width>
				<height>45</height>
				<font>font-30</font>
				<textcolor>blue</textcolor>
				<shadowcolor>black</shadowcolor>
				<align>left</align>
				<aligny>center</aligny>
				<label>[B]$INFO[ListItem.label][/B]</label>
				<visible>!stringcompare(ListItem.Label,..)</visible>
			</control>
			<control type="label">
				<posx>370</posx>
				<posy>933</posy>
				<width>825</width>
				<height>45</height>
				<font>font-20</font>
				<textcolor>white</textcolor>
				<shadowcolor>black</shadowcolor>
				<align>left</align>
				<aligny>center</aligny>
				<label>$INFO[ListItem.PictureResolution,[UPPERCASE][COLOR=lightblue]$LOCALIZE[21805]: [/COLOR][/UPPERCASE]]</label>
			</control>
			<control type="label">
				<posx>370</posx>
				<posy>963</posy>
				<width>825</width>
				<height>45</height>
				<font>font-20</font>
				<textcolor>white</textcolor>
				<shadowcolor>black</shadowcolor>
				<align>left</align>
				<aligny>center</aligny>
				<label>$INFO[ListItem.PictureDateTime,[UPPERCASE][COLOR=lightblue]$LOCALIZE[21820]: [/COLOR][/UPPERCASE]]</label>
			</control>
			<control type="label">
				<posx>370</posx>
				<posy>993</posy>
				<width>825</width>
				<height>45</height>
				<font>font-20</font>
				<textcolor>white</textcolor>
				<shadowcolor>black</shadowcolor>
				<align>left</align>
				<aligny>center</aligny>
				<label>$INFO[ListItem.Label2,[UPPERCASE][COLOR=lightblue]$LOCALIZE[21802]: [/COLOR][/UPPERCASE]]</label>
			</control>
			<control type="button" id="7009">
				<posx>1245</posx>
				<posy>891</posy>
				<width>60</width>
				<height>60</height>
				<texturefocus>fullscreen-focus.png</texturefocus>
				<texturenofocus>fullscreen-nofocus.png</texturenofocus>
				<onclick>Skin.ToggleSetting(Picture_Fullscreen)</onclick>
				<onup>7009</onup>
				<ondown>7009</ondown>
				<onleft>9000</onleft>
				<onright>50</onright>
				<visible>!IsEmpty(ListItem.FileName) + !IsEmpty(Container.FolderPath)</visible>
			</control>
			<control type="image">
				<posx>24</posx>
				<posy>736</posy>
				<width>327</width>
				<height>327</height>
				<texture background="true">$INFO[ListItem.Icon]</texture>
				<fadetime>IconCrossfadeTime</fadetime>
				<visible>IsEmpty(ListItem.FileName) + !stringcompare(ListItem.Label,..) + Control.IsVisible(7010)</visible>
			</control>
		</control>
		<control type="group">
			<visible>Control.IsVisible(50) + !Container.Content(AddOns)</visible>
			<include>Window_OpenClose_Visible_FanartIcon_Animation</include>
			<control type="image" id="7010">
				<posx>75</posx>
				<posy>765</posy>
				<width>234</width>
				<height>315</height>
				<texture>$VAR[DialogPictureInfoImage]</texture>
				<visible>!IsEmpty(Container.FolderName)</visible>
			</control>
			<control type="image">
				<posx>24</posx>
				<posy>736</posy>
				<width>327</width>
				<height>327</height>
				<texture background="true">$INFO[ListItem.Icon]</texture>
				<fadetime>IconCrossfadeTime</fadetime>
				<visible>stringcompare(Listitem.Label,..) | !Control.IsVisible(7010)</visible>
			</control>
		</control>
		<control type="group">
			<visible>Control.IsVisible(50) + Container.Content(AddOns)</visible>
			<include>Window_OpenClose_Visible_FanartInfo_Animation</include>
			<include condition="Skin.HasSetting(HateTransparency)">T-Underlay117</include>
			<!-- Header With Clock -->

			<control type="image">
				<posx>0</posx>
				<posy>878</posy>
				<width>1335</width>
				<height>172</height>
				<texture border="10">underlay.png</texture>
			</control>
			<control type="label">
				<posx>370</posx>
				<posy>896</posy>
				<width>825</width>
				<height>45</height>
				<font>font-30</font>
				<textcolor>blue</textcolor>
				<shadowcolor>black</shadowcolor>
				<align>left</align>
				<aligny>center</aligny>
				<label>[B]$INFO[ListItem.label][/B]</label>
				<visible>!stringcompare(ListItem.Label,..)</visible>
			</control>
			<control type="label">
				<posx>370</posx>
				<posy>954</posy>
				<width>825</width>
				<height>60</height>
				<font>font-20</font>
				<textcolor>white</textcolor>
				<shadowcolor>black</shadowcolor>
				<align>left</align>
				<aligny>center</aligny>
				<label>$INFO[ListItem.Property(Addon.Summary)]</label>
				<wrapmultiline>true</wrapmultiline>
				<visible>!stringcompare(ListItem.Label,..)</visible>
			</control>
		</control>
		<control type="group">
			<visible>Control.IsVisible(50) + Container.Content(AddOns)</visible>
			<include>Window_OpenClose_Visible_FanartIcon_Animation</include>
			<!-- Header With Clock -->

			<control type="image">
				<posx>12</posx>
				<posy>758</posy>
				<width>315</width>
				<height>315</height>
				<texture background="true">$INFO[ListItem.Icon]</texture>
				<visible>stringcompare(ListItem.Label,..)</visible>
			</control>
			<control type="image">
				<posx>12</posx>
				<posy>758</posy>
				<width>315</width>
				<height>315</height>
				<texture>thumb-shadow.png</texture>
				<visible>!stringcompare(ListItem.Label,..)</visible>
			</control>
			<control type="image">
				<posx>12</posx>
				<posy>758</posy>
				<width>315</width>
				<height>315</height>
				<aspectratio scalediffuse="false">scale</aspectratio>
				<texture diffuse="thumb-diffuse.png" background="true" fallback="DefaultAddon.png">$INFO[Listitem.Icon]</texture>
				<bordersize>6</bordersize>
				<fadetime>IconCrossfadeTime</fadetime>
				<visible>!stringcompare(ListItem.Label,..)</visible>
			</control>
		</control>
	</include>
	<include name="Fanart-Addons-Extras">
		<control type="group">
			<visible>Control.IsVisible(50)</visible>
			<include>Window_OpenClose_Visible_FanartInfo_Animation</include>
			<include condition="Skin.HasSetting(HateTransparency)">T-Underlay118</include>
			<!-- Header With Clock -->

			<control type="image">
				<posx>0</posx>
				<posy>840</posy>
				<width>1335</width>
				<height>210</height>
				<texture border="10">underlay.png</texture>
			</control>
			<control type="label">
				<posx>338</posx>
				<posy>858</posy>
				<width>954</width>
				<height>45</height>
				<font>font-30</font>
				<textcolor>blue</textcolor>
				<shadowcolor>black</shadowcolor>
				<align>center</align>
				<aligny>center</aligny>
				<label>$INFO[ListItem.Label]</label>
				<visible>!stringcompare(ListItem.Label,..)</visible>
			</control>
			<control type="textbox">
				<description>textarea</description>
				<posx>368</posx>
				<posy>906</posy>
				<width>900</width>
				<height>128</height>
				<label>$INFO[ListItem.Property(Addon.Description)]</label>
				<font>font-19</font>
				<align>justify</align>
				<textcolor>white</textcolor>
				<shadowcolor>black</shadowcolor>
				<autoscroll time="3000" delay="16000" repeat="5000">Skin.HasSetting(AutoScroll)</autoscroll>
			</control>
			<control type="textbox">
				<description>plot description used by addons</description>
				<posx>368</posx>
				<posy>906</posy>
				<width>900</width>
				<height>128</height>
				<label>$INFO[ListItem.Plot]</label>
				<font>font-19</font>
				<align>justify</align>
				<textcolor>white</textcolor>
				<shadowcolor>black</shadowcolor>
				<autoscroll time="3000" delay="16000" repeat="5000">Skin.HasSetting(AutoScroll)</autoscroll>
				<visible>IsEmpty(ListItem.Property(Addon.Description)) + !IsEmpty(ListItem.Plot)</visible>
			</control>
		</control>
		<control type="group">
			<visible>Control.IsVisible(50)</visible>
			<include>Window_OpenClose_Visible_FanartIcon_Animation</include>
			<control type="image">
				<posx>12</posx>
				<posy>758</posy>
				<width>315</width>
				<height>315</height>
				<texture background="true">$INFO[ListItem.Icon]</texture>
				<fadetime>IconCrossfadeTime</fadetime>
				<visible>stringcompare(Listitem.Label,..)</visible>
			</control>
			<control type="image">
				<posx>12</posx>
				<posy>758</posy>
				<width>315</width>
				<height>315</height>
				<texture>thumb-shadow.png</texture>
				<visible>!stringcompare(ListItem.Label,..) + !ListItem.IsFolder</visible>
			</control>
			<control type="image">
				<posx>12</posx>
				<posy>758</posy>
				<width>315</width>
				<height>315</height>
				<aspectratio scalediffuse="false">scale</aspectratio>
				<texture diffuse="thumb-diffuse.png" background="true" fallback="DefaultAddon.png">$INFO[Listitem.Icon]</texture>
				<bordersize>6</bordersize>
				<fadetime>IconCrossfadeTime</fadetime>
				<visible>!stringcompare(ListItem.Label,..)</visible>
			</control>
		</control>
	</include>
	<!-- #### 953 View #### -->
	<include name="fanart_movies">
		<control type="group">
			<!--<visible>Container.Content(Movies)</visible>-->
			<control type="image">
				<posx>0</posx>
				<posy>80</posy>
				<width>1388</width>
				<height>780</height>
				<texture background="true" fallback="special://skin/backgrounds/movies.jpg">$INFO[ListItem.Property(Fanart_Image)]</texture>
				<aspectratio>scale</aspectratio>
				<fadetime>300</fadetime>
				<include>VisibleFadeEffect</include>
				<animation effect="slide" end="270" tween="linear" easing="out" time="400" condition="ControlGroup(9100).HasFocus">Conditional</animation>
				<!--<visible>![Container.Content(Movies) + Skin.HasSetting(MoviesExtraFanart) + !IsEmpty(Control.GetLabel(6102))] + ![[Container.Content(TVShows) | Container.Content(Seasons)] + Skin.HasSetting(TVShowsExtraFanart) + !IsEmpty(Control.GetLabel(6105))] + ![Container.Content(Episodes) + Skin.HasSetting(TVShowsExtraFanart) + !IsEmpty(Control.GetLabel(6106))] + ![Container.Content(MusicVideos) + Skin.HasSetting(MusicVideosExtraFanart) + !IsEmpty(Control.GetLabel(6107))] + !IsEmpty(ListItem.Property(Fanart_Image)) + ![[Control.IsVisible(592) | Control.IsVisible(598)] + !Window.IsVisible(MovieInformation)] + ![Player.HasVideo + Skin.HasSetting(VideoBackgrounds)]</visible> -->
				<visible>!Player.HasVideo</visible>
			</control>
			<control type="image">
				<posx>1388</posx>
				<posy>80</posy>
				<width>532</width>
				<height>1000</height>
				<texture background="true">main/main_menu.png</texture>
				<animation effect="fade" end="100" time="0" condition="true">Conditional</animation>
			</control>
			<control type="image">
				<posx>0</posx>
				<posy>860</posy>
				<width>1388</width>
				<height>220</height>
				<texture background="true">main/main_menu.png</texture>
				<bordertexture colordiffuse="grey_a">dialogs/white.png</bordertexture>
				<bordersize>0,1,0,0</bordersize>
				<animation effect="fade" end="100" time="0" condition="true">Conditional</animation>
			</control>
			<control type="image">
				<posx>1112</posx>
				<posy>840</posy>
				<width>256</width>
				<height>256</height>
				<texture flipx="true" background="true">$INFO[Listitem.Icon]</texture>
				<visible>stringcompare(ListItem.Label,..)</visible>
			</control>
			<control type="list" id="50">
				<posx>1388</posx>
				<posy>80</posy>
				<width>532</width>
				<height>972</height>
				<onleft>9006</onleft>
				<onright>60</onright>
				<onup>50</onup>
				<ondown>50</ondown>
				<viewtype label="31030">list</viewtype>
				<pagecontrol>60</pagecontrol>
				<scrolltime tween="circle" easing="inout">400</scrolltime>
				<preloaditems>2</preloaditems>
				<itemlayout width="532" height="78">

					<!-- פריט מתוך סרט שלא נבחר -->
					<include>movie_title_short_nf</include>
					<include>movie_title_long_nf</include>
					<!-- השנה מתחת לסרט -->
					<control type="label">
						<posx>450</posx>
						<posy>45</posy>
						<width>80</width>
						<height>30</height>
						<align>left</align>	
						<aligny>center</aligny>
						<font>font-15</font>
						<textcolor>grey_a</textcolor>
						<selectedcolor>grey_a</selectedcolor>
						<label>$INFO[ListItem.year]</label>
						<visible>Container.Content(Movies)</visible>
						<visible>stringcompare(ListItem.Label,..) | !ListItem.IsFolder | Window.IsVisible(VideoPlaylist) | !SubString(ListItem.Path,videodb://movies/sets,left)</visible>
					</control>
					<!-- הז'אנר מתחת לסרט -->
					<control type="label">
						<posx>25</posx>
						<posy>44</posy>
						<width>405</width>
						<height>30</height>
						<font>font-16</font>
						<textcolor>grey_a</textcolor>
						<selectedcolor>grey_a</selectedcolor>
						<align>right</align>
						<aligny>center</aligny>
						<label>$INFO[ListItem.Genre]</label>
						<visible>Container.Content(Movies)</visible>
					</control>

					<!-- מידע על עונות ופרקים -->
					<control type="label">
						<posx>25</posx>
						<posy>44</posy>
						<width>470</width>
						<height>30</height>
						<font>font-16</font>
						<textcolor>grey_a</textcolor>
						<align>right</align>
						<aligny>center</aligny>
						<label>$INFO[ListItem.Property(TotalSeasons)] $LOCALIZE[33054], $INFO[ListItem.Property(TotalEpisodes)] $LOCALIZE[20360]</label>
						<visible>Container.Content(TVShows) + !IsEmpty(ListItem.Property(TotalSeasons))</visible>
					</control>

					<!--אוסף של סרטים אייקון movie set icon -->
					<control type="image">
						<posx>450</posx>
						<posy>34</posy>
						<width>48</width>
						<height>48</height>
						<texture colordiffuse="grey_b">movieset.png</texture>
						<visible>!stringcompare(ListItem.Label,..) + ListItem.IsFolder + !Window.IsVisible(VideoPlaylist) + SubString(ListItem.Path,videodb://movies/sets,left)</visible>
					</control>

					<control type="image">
						<posx>0</posx>
						<posy>0</posy>
						<width>60</width>
						<height>60</height>
						<texture flipx="false">wflag.png</texture>
						<visible>!stringcompare(ListItem.Label,..) + [StringCompare(ListItem.Overlay,overlaywatched.png) | IntegerGreaterThan(ListItem.PercentPlayed,0) | [[Container.Content(TVShows) | Container.Content(Seasons)] + !IsEmpty(ListItem.Property(UnWatchedEpisodes))]] </visible>
					</control> 
					<control type="image">
						<posx>4</posx>
						<posy>7</posy>
						<width>28</width>
						<height>28</height>
						<texture colordiffuse="grey">eye.png</texture>
						<visible>StringCompare(ListItem.Overlay,overlaywatched.png)</visible>
					</control>
					<control type="label">
						<posx>-2</posx>
						<posy>12</posy>
						<width>50</width>
						<height>20</height>
						<font>font-12</font>
						<textcolor>grey</textcolor>
						<angle>45</angle>
						<align>center</align>
						<aligny>center</aligny>
						<label>$INFO[ListItem.PercentPlayed]%</label>
						<visible>!StringCompare(ListItem.Overlay,overlaywatched.png) + IntegerGreaterThan(ListItem.PercentPlayed,0) + !IntegerGreaterThan(ListItem.PercentPlayed,99)</visible>
					</control>
					<control type="label">
						<posx>-32</posx>
						<posy>12</posy>
						<width>100</width>
						<height>20</height>
						<font>font-12</font>
						<textcolor>grey</textcolor>
						<angle>45</angle>
						<align>center</align>
						<aligny>center</aligny>
						<label>$INFO[ListItem.Property(UnWatchedEpisodes)]</label>
						<visible>!StringCompare(ListItem.Overlay,overlaywatched.png) + [Container.Content(TVShows) | Container.Content(Seasons)]</visible>
					</control>

					<!-- המספר של הפרק בסדרות -->
					<include>episode_num_nf</include>

					<control type="image">
						<posx>0</posx>
						<posy>0</posy>
						<width>532</width>
						<height>1</height>
						<texture colordiffuse="grey_a">dialogs/white.png</texture>
					</control>
					<control type="image">
						<posx>0</posx>
						<posy>78</posy>
						<width>532</width>
						<height>1</height>
						<texture colordiffuse="grey_a">dialogs/white.png</texture>
					</control>
				</itemlayout>
				<focusedlayout width="532" height="78">

					<control type="image">
						<posx>0</posx>
						<posy>0</posy>
						<width>522</width>
						<height>78</height>
						<texture border="7">main/main_focus.png</texture>
						<animation effect="fade" end="100" time="0" condition="true">Conditional</animation>
						<include>VisibleFadeEffect</include>
					</control>
					<control type="image">
						<posx>0</posx>
						<posy>0</posy>
						<width>532</width>
						<height>1</height>
						<texture colordiffuse="grey_a">dialogs/white.png</texture>
					</control>
					<control type="image">
						<posx>0</posx>
						<posy>78</posy>
						<width>532</width>
						<height>1</height>
						<texture colordiffuse="grey_a">dialogs/white.png</texture>
					</control>


					<!-- פריט מתוך סרט שכן נבחר -->
					<include>movie_title_short</include>
					<include>movie_title_long</include>


					<!-- השנה מתחת לסרט -->
					<control type="label">
						<posx>450</posx>
						<posy>45</posy>
						<width>80</width>
						<height>30</height>
						<align>left</align>	
						<aligny>center</aligny>
						<font>font-15</font>
						<textcolor>$VAR[main_color]</textcolor>
						<selectedcolor>$VAR[main_color]</selectedcolor>
						<label>$INFO[ListItem.year]</label>
						<visible>Container.Content(Movies)</visible>
						<visible>stringcompare(ListItem.Label,..) | !ListItem.IsFolder | Window.IsVisible(VideoPlaylist) | !SubString(ListItem.Path,videodb://movies/sets,left)</visible>
					</control>
					<!-- הז'אנר מתחת לסרט -->
					<control type="label">
						<posx>25</posx>
						<posy>44</posy>
						<width>405</width>
						<height>30</height>
						<font>font-16</font>
						<textcolor>$VAR[main_color]</textcolor>
						<selectedcolor>$VAR[main_color]</selectedcolor>
						<align>right</align>
						<aligny>center</aligny>
						<label>$INFO[ListItem.Genre]</label>
						<visible>Container.Content(Movies)</visible>
					</control>

					<!-- movie set אוסף של סרטים יציג אייקון של אוסף ליד הרשימה -->
					<control type="image">
						<posx>450</posx>
						<posy>34</posy>
						<width>48</width>
						<height>48</height>
						<texture>movieset.png</texture>
						<visible>!stringcompare(ListItem.Label,..) + ListItem.IsFolder + !Window.IsVisible(VideoPlaylist) + SubString(ListItem.Path,videodb://movies/sets,left)</visible>
					</control>
					<!-- המספר של הפרק בסדרות -->
					<include>episode_num_f</include>

					<!-- מידע על עונות ופרקים -->
					<control type="label">
						<posx>25</posx>
						<posy>44</posy>
						<width>470</width>
						<height>30</height>
						<font>font-16</font>
						<textcolor>$VAR[main_color]</textcolor>
						<align>right</align>
						<aligny>center</aligny>
						<label>$INFO[ListItem.Property(TotalSeasons)] $LOCALIZE[33054], $INFO[ListItem.Property(TotalEpisodes)] $LOCALIZE[20360]</label>
						<visible>Container.Content(TVShows) + !IsEmpty(ListItem.Property(TotalSeasons))</visible>
					</control>

					<control type="image">
						<posx>0</posx>
						<posy>0</posy>
						<width>60</width>
						<height>60</height>
						<texture flipx="false">wflag.png</texture>
						<visible>!stringcompare(ListItem.Label,..) + [StringCompare(ListItem.Overlay,overlaywatched.png) | IntegerGreaterThan(ListItem.PercentPlayed,0) | [[Container.Content(TVShows) | Container.Content(Seasons)] + !IsEmpty(ListItem.Property(UnWatchedEpisodes))]] </visible>
					</control> 
					<control type="image">
						<posx>4</posx>
						<posy>7</posy>
						<width>28</width>
						<height>28</height>
						<texture colordiffuse="grey_b">eye.png</texture>
						<visible>StringCompare(ListItem.Overlay,overlaywatched.png)</visible>
					</control>
					<control type="label">
						<posx>-2</posx>
						<posy>12</posy>
						<width>50</width>
						<height>20</height>
						<font>font-12</font>
						<textcolor>grey_b</textcolor>
						<angle>45</angle>
						<align>center</align>
						<aligny>center</aligny>
						<label>$INFO[ListItem.PercentPlayed]%</label>
						<visible>!StringCompare(ListItem.Overlay,overlaywatched.png) + IntegerGreaterThan(ListItem.PercentPlayed,0) + !IntegerGreaterThan(ListItem.PercentPlayed,99)</visible>
					</control>
					<control type="label">
						<posx>-32</posx>
						<posy>12</posy>
						<width>100</width>
						<height>20</height>
						<font>font-12</font>
						<textcolor>grey_b</textcolor>
						<angle>45</angle>
						<align>center</align>
						<aligny>center</aligny>
						<label>$INFO[ListItem.Property(UnWatchedEpisodes)]</label>
						<visible>!StringCompare(ListItem.Overlay,overlaywatched.png) + [Container.Content(TVShows) | Container.Content(Seasons)]</visible>
					</control>
				</focusedlayout>
			</control>


			<!-- גלילה -->
			<control type="scrollbar" id="60">
				<posx>1910</posx>
				<posy>80</posy>
				<width>10</width>
				<height>1000</height>
				<onleft>50</onleft>
				<onright>50</onright>
				<include>scroll_bar</include>
				<visible>Control.IsVisible(50)</visible>
			</control>

			<!-- Flags -->
			<include>flags_movies</include>
			<!--CDART movies - דיסק לסרטים -->
			<include>cdart_image</include>
			<include>cdart_sets</include>
			<!-- /CDART Movies -->
			<!-- MOVIE POSTER IMAGE - התמונה של הפוסטר של הסרט -->
			<control type="image">
				<posx>1160</posx>
				<posy>764</posy>
				<width>213</width>
				<height>315</height>
				<aspectratio>keep</aspectratio>
				<texture background="true">$INFO[ListItem.Icon]</texture>
				<bordertexture colordiffuse="grey_a">dialogs/white.png</bordertexture>
				<bordersize>1,1,1,1</bordersize>
				<fadetime>300</fadetime>
				<visible>!StringCompare(ListItem.Label,..) + !Window.IsVisible(movieinformation) + !Container.Content(Episodes)</visible>
			</control>
			<control type="image">
				<posx>1060</posx>
				<posy>884</posy>
				<width>309</width>
				<height>174</height>
				<texture background="true">$INFO[ListItem.Icon]</texture>
				<bordertexture colordiffuse="grey_a">dialogs/white.png</bordertexture>
				<bordersize>1,1,1,1</bordersize>
				<fadetime>300</fadetime>
				<visible>!StringCompare(ListItem.Label,..) + !Window.IsVisible(movieinformation) + Container.Content(Episodes)</visible>
			</control>

			<!-- 	<control type="group">
			<posx>0</posx>
			<posy>760</posy>
			<include>flag_genre2</include>
			</control> -->
			<!-- Clear Logo -->
			<control type="image">
				<posx>0</posx>
				<posy>890</posy>
				<width>260</width>
				<height>120</height>		
				<texture background="true">$INFO[ListItem.Art(clearlogo)]$INFO[ListItem.Art(tvshow.clearlogo)]</texture>
				<visible>!Container.Content(Episodes)</visible>
			</control>

			<!-- עלילה לסרטים -->
			<control type="textbox">
				<visible>!Window.IsActive(movieinformation)</visible>
				<posx>20</posx>
				<posy>870</posy>
				<width>1120</width>
				<height>195</height>
				<description>Plot Value for TVShows\Movies without logo</description>
				<include>plot_no_logo</include>
				<font>font-22</font>
				<align>right</align>
				<textcolor>grey_b</textcolor>
				<label>$VAR[ViewFanartText]</label>
				<autoscroll time="2000" delay="8000" repeat="5000">Skin.HasSetting(AutoScroll)</autoscroll>	
				<visible>IsEmpty(ListItem.Art(clearlogo)) + IsEmpty(ListItem.Art(tvshow.clearlogo)) + !Container.Content(Episodes)</visible>
			</control> 
			<control type="textbox">
				<visible>!Window.IsActive(movieinformation)</visible>
				<posx>20</posx>
				<posy>870</posy>
				<width>1020</width>
				<height>195</height>
				<description>Plot Value for Episodes</description>
				<include>plot_no_logo</include>
				<font>font-22</font>
				<align>right</align>
				<textcolor>grey_b</textcolor>
				<label>$VAR[ViewFanartText]</label>
				<autoscroll time="2000" delay="8000" repeat="5000">Skin.HasSetting(AutoScroll)</autoscroll>	
				<visible>IsEmpty(ListItem.Art(clearlogo)) + IsEmpty(ListItem.Art(tvshow.clearlogo)) + Container.Content(Episodes)</visible>
			</control> 
			<control type="textbox">
				<visible>!Window.IsActive(movieinformation)</visible>
				<posx>280</posx>
				<posy>870</posy>
				<width>860</width>
				<height>195</height>
				<description>Plot Value for TVShows\Movies with logo</description>
				<include>plot_logo</include>
				<font>font-22</font>
				<align>right</align>
				<textcolor>grey_b</textcolor>
				<label>$VAR[ViewFanartText]</label>
				<autoscroll time="2000" delay="8000" repeat="5000">Skin.HasSetting(AutoScroll)</autoscroll>

				<animation effect="slide" end="-100,0" time="0" condition="Container.Content(Episodes)">Conditional</animation>
				<visible>!IsEmpty(ListItem.Art(clearlogo)) | !IsEmpty(ListItem.Art(tvshow.clearlogo))</visible>
			</control>			
		</control>
	</include>
</includes>
