<?xml version="1.0" encoding="UTF-8"?>
<includes>
	<include name="PVRChannels">

		<control type="image">
			<posx>0</posx>
			<posy>80</posy>
			<width>1388</width>
			<height>780</height>
			<texture background="true" fallback="special://skin/backgrounds/livetv.jpg">$INFO[ListItem.Property(Fanart_Image)]</texture>
			<aspectratio>scale</aspectratio>
			<fadetime>300</fadetime>
			<include>VisibleFadeEffect</include>
			<animation effect="slide" end="270" tween="linear" easing="out" time="400" condition="ControlGroup(9100).HasFocus">Conditional</animation>
			<visible>!Player.HasVideo</visible>
		</control>
		<control type="image">
			<posx>1388</posx>
			<posy>80</posy>
			<width>532</width>
			<height>1000</height>
			<texture background="true">main/main_menu.png</texture>
			<animation effect="fade" end="100" time="0" condition="true">Conditional</animation>
		</control>
		<control type="image">
			<posx>0</posx>
			<posy>856</posy>
			<width>1388</width>
			<height>224</height>
			<texture background="true">main/main_menu.png</texture>
			<bordertexture colordiffuse="grey_a">dialogs/white.png</bordertexture>
			<bordersize>0,1,0,0</bordersize>
			<animation effect="fade" end="100" time="0" condition="true">Conditional</animation>
		</control>
		<control type="image">
			<posx>1112</posx>
			<posy>840</posy>
			<width>256</width>
			<height>256</height>
			<texture flipx="true" background="true">$INFO[Listitem.Icon]</texture>
			<visible>stringcompare(ListItem.Label,..)</visible>
		</control>
		<control type="list" id="50">
			<posx>1388</posx>
			<posy>80</posy>
			<width>532</width>
			<height>972</height>
			<onleft>9006</onleft>
			<onright>60</onright>
			<onup>50</onup>
			<ondown>50</ondown>
			<viewtype label="31030">list</viewtype>
			<pagecontrol>60</pagecontrol>
			<scrolltime tween="circle" easing="inout">400</scrolltime>
			<preloaditems>2</preloaditems>
			<itemlayout width="532" height="97">
				<control type="progress">
					<description>Progressbar</description>
					<posx>0</posx>
					<posy>72</posy>
					<width>532</width>
					<height>22</height>
					<info>ListItem.Progress</info>
				</control>
				<include>channel_num_nf</include>
				<control type="label">
					<animation effect="slide" end="-30,0" time="0" condition="IntegerGreaterThan(ListItem.ChannelNumberLabel,99">Conditional</animation>
					<posx>38</posx>
					<posy>3</posy>
					<width>405</width>
					<height>40</height>
					<font>font-24</font>
					<textcolor>grey_b</textcolor>
					<selectedcolor>grey_b</selectedcolor>
					<align>right</align>
					<aligny>top</aligny>
					<label>$INFO[ListItem.Label]</label>
				</control>
				<control type="label">
					<animation effect="slide" end="-30,0" time="0" condition="IntegerGreaterThan(ListItem.ChannelNumberLabel,99">Conditional</animation>
					<posx>38</posx>
					<posy>38</posy>
					<width>405</width>
					<height>40</height>
					<font>font-24</font>
					<textcolor>grey_a</textcolor>
					<selectedcolor>grey_a</selectedcolor>
					<align>right</align>
					<aligny>top</aligny>
					<label>$INFO[ListItem.Title]</label>
				</control>
				<control type="image">
					<posx>0</posx>
					<posy>0</posy>
					<width>532</width>
					<height>1</height>
					<texture colordiffuse="grey_a">dialogs/white.png</texture>
				</control>
				<control type="image">
					<posx>0</posx>
					<posy>97</posy>
					<width>532</width>
					<height>1</height>
					<texture colordiffuse="grey_a">dialogs/white.png</texture>
				</control>
			</itemlayout>
			<focusedlayout width="532" height="97">

				<control type="image">
					<posx>0</posx>
					<posy>0</posy>
					<width>522</width>
					<height>97</height>
					<texture border="7">main/main_focus.png</texture>
					<animation effect="fade" end="100" time="0" condition="true">Conditional</animation>
					<include>VisibleFadeEffect</include>
				</control>
				<control type="image">
					<posx>0</posx>
					<posy>0</posy>
					<width>532</width>
					<height>1</height>
					<texture colordiffuse="grey_a">dialogs/white.png</texture>
				</control>
				<control type="image">
					<posx>0</posx>
					<posy>97</posy>
					<width>532</width>
					<height>1</height>
					<texture colordiffuse="grey_a">dialogs/white.png</texture>
				</control>
				<control type="progress">
					<description>Progressbar</description>
					<posx>0</posx>
					<posy>72</posy>
					<width>532</width>
					<height>22</height>
					<info>ListItem.Progress</info>
				</control>

				<include>channel_num_f</include>
				<control type="label">
					<animation effect="slide" end="-30,0" time="0" condition="IntegerGreaterThan(ListItem.ChannelNumberLabel,99">Conditional</animation>
					<posx>38</posx>
					<posy>3</posy>
					<width>405</width>
					<height>40</height>
					<font>font-24</font>
					<textcolor>$VAR[main_color]</textcolor>
					<selectedcolor>$VAR[main_color]</selectedcolor>
					<align>right</align>
					<aligny>top</aligny>
					<label>$INFO[ListItem.Label]</label>
				</control>
				<control type="label">
					<animation effect="slide" end="-30,0" time="0" condition="IntegerGreaterThan(ListItem.ChannelNumberLabel,99">Conditional</animation>
					<posx>38</posx>
					<posy>38</posy>
					<width>405</width>
					<height>40</height>
					<font>font-24</font>
					<textcolor>$VAR[main_color]</textcolor>
					<selectedcolor>$VAR[main_color]</selectedcolor>
					<align>right</align>
					<aligny>top</aligny>
					<label>$INFO[ListItem.Title]</label>
				</control>

			</focusedlayout>
		</control>

		<!-- גלילה -->
		<control type="scrollbar" id="60">
			<posx>1910</posx>
			<posy>80</posy>
			<width>10</width>
			<height>1000</height>
			<onleft>50</onleft>
			<onright>50</onright>
			<include>scroll_bar</include>
			<visible>Control.IsVisible(50)</visible>
		</control>

		<!-- כותרת התוכנית -->
		<control type="label">
			<posx>1040</posx>
			<posy>855</posy>
			<width>860</width>
			<height>45</height>
			<align>right</align>
			<font>font-30</font>
			<textcolor>white</textcolor>

			<label>$INFO[ListItem.Title]</label>
		</control>
		<!-- עלילה של מה משודר - תקציר -->
		<control type="textbox">
			<description>Description Value</description>
			<posx>20</posx>
			<posy>910</posy>
			<width>1020</width>
			<height>160</height>
			<font>font-22</font>
			<align>right</align>
			<textcolor>grey_b</textcolor>
			<label>$INFO[ListItem.Plot]</label>
			<autoscroll time="2000" delay="8000" repeat="5000">Skin.HasSetting(AutoScroll)</autoscroll>
		</control>

		<control type="image">
			<posx>1060</posx>
			<posy>884</posy>
			<width>309</width>
			<height>174</height>
			<texture background="true">$INFO[ListItem.Icon]</texture>
			<bordertexture colordiffuse="grey_a">dialogs/white.png</bordertexture>
			<bordersize>1,1,1,1</bordersize>
			<fadetime>300</fadetime>
		</control>
	</include>


	<include name="PVR-BG">
		<control type="group">
			<visible>Control.IsVisible(10) | Control.IsVisible(11) | Control.IsVisible(12) | Control.IsVisible(50) | Control.IsVisible(52)</visible>
			<control type="image">
				<posx>0</posx>
				<posy>80</posy>
				<width>1920</width>
				<height>776</height>
				<texture background="true" colordiffuse="grey_50" >white.png</texture>
				<aspectratio>scale</aspectratio>
				<fadetime>300</fadetime>
				<include>VisibleFadeEffect</include>
				<animation effect="slide" end="270" tween="linear" easing="out" time="400" condition="ControlGroup(9100).HasFocus">Conditional</animation>
				<visible>!Player.HasVideo</visible>
			</control>
			<control type="image">
				<posx>0</posx>
				<posy>80</posy>
				<width>432</width>
				<height>776</height>
				<texture background="true">main/main_menu.png</texture>
				<animation effect="fade" end="100" time="0" condition="true">Conditional</animation>
				<animation effect="slide" end="270" tween="linear" easing="out" time="400" condition="ControlGroup(9100).HasFocus">Conditional</animation>
				<visible>Control.IsVisible(10)</visible>
			</control>
			<control type="image">
				<posx>0</posx>
				<posy>856</posy>
				<width>1920</width>
				<height>224</height>
				<texture background="true">main/main_menu.png</texture>
				<bordertexture colordiffuse="grey_a">dialogs/white.png</bordertexture>
				<bordersize>0,1,0,0</bordersize>
				<animation effect="fade" end="100" time="0" condition="true">Conditional</animation>
			</control>
			<control type="label">
				<posx>1500</posx>
				<posy>870</posy>
				<width>1480</width>
				<height>45</height>
				<font>font-23</font>
				<align>right</align>
				<aligny>center</aligny>
				<textcolor>white</textcolor>
				<label>[B]$INFO[ListItem.ChannelName][/B]</label>
			</control>
			<control type="label">
				<posx>1500</posx>
				<posy>905</posy>
				<width>1480</width>
				<height>45</height>
				<font>font-23</font>
				<align>right</align>
				<aligny>center</aligny>
				<textcolor>grey_b</textcolor>
				<label>[B]$INFO[ListItem.Date]  -  $INFO[ListItem.Label][/B]</label>
			</control>			
			<control type="textbox">
				<description>Description Value</description>
				<posx>20</posx>
				<posy>940</posy>
				<width>1480</width>
				<height>120</height>
				<font>font-22</font>
				<align>right</align>
				<textcolor>grey_b</textcolor>
				<label>$INFO[ListItem.Plot]</label>
				<autoscroll time="2000" delay="8000" repeat="5000">Skin.HasSetting(AutoScroll)</autoscroll>
			</control>
			<control type="image">
				<posx>1560</posx>
				<posy>884</posy>
				<width>309</width>
				<height>174</height>
				<texture background="true">$INFO[ListItem.Icon]</texture>
				<bordertexture colordiffuse="grey_a">dialogs/white.png</bordertexture>
				<bordersize>1,1,1,1</bordersize>
				<fadetime>300</fadetime>
			</control>
			<control type="label">
			<animation effect="slide" end="270" tween="linear" easing="out" time="400" condition="ControlGroup(9100).HasFocus">Conditional</animation>
				<description>Title value</description>
				<posx>60</posx>
				<posy>80</posy>
				<width>1800</width>
				<height>45</height>
				<align>center</align>
				<aligny>center</aligny>
				<textcolor>white</textcolor>
				<label>$VAR[PVR_Header]</label>
				<font>font-32</font>
				<visible>!Control.IsVisible(10)</visible>
			</control>
		</control>
	</include>
	<!-- EPG Grid -->
	<include name="PVR-EPG">
		<control type="epggrid" id="10">
			<animation effect="slide" end="270" tween="linear" easing="out" time="400" condition="ControlGroup(9100).HasFocus">Conditional</animation>
			<posx>2</posx>
			<posy>80</posy>
			<width>1860</width>
			<height>766</height>
			<onup>10</onup>
			<ondown>10</ondown>
			<onleft>9100</onleft>
			<onright>9100</onright>
			<onback>9100</onback>
			<rulerunit>6</rulerunit>
			<timeblocks>40</timeblocks>
			<viewtype label="19032">list</viewtype>
			<progresstexture border="0,3,8,3">marker.png</progresstexture>
			<scrolltime tween="sine" easing="out">240</scrolltime>
			<rulerlayout height="44" width="60">
				<control type="image" id="1">
					<posx>0</posx>
					<posy>0</posy>
					<width>60</width>
					<height>44</height>
					<texture>main/widget_title.png</texture>
				</control>
				<control type="label" id="2">
					<posx>15</posx>
					<posy>0</posy>
					<width>51</width>
					<height>44</height>
					<font>font-19</font>
					<aligny>center</aligny>
					<selectedcolor>$VAR[main_color]</selectedcolor>
					<align>left</align>
					<label>[B]$INFO[ListItem.Label][/B]</label>
				</control>
				<control type="image">
					<posx>0</posx>
					<posy>0</posy>
					<width>1</width>
					<height>44</height>
					<visible>!ListItem.Property(DateLabel)</visible>
					<texture colordiffuse="darkgrey">dialogs/white.png</texture>
				</control>
			</rulerlayout>
			<channellayout height="90" width="432">
				<control type="image">
					<posx>3</posx>
					<posy>15</posy>
					<width>60</width>
					<height>60</height>
					<texture background="true">$INFO[ListItem.Icon]</texture>
					<aspectratio>keep</aspectratio>
				</control>
				<control type="label" id="1">
					<posx>72</posx>
					<posy>1</posy>
					<width>340</width>
					<height>90</height>
					<font>font-20bc</font>
					<aligny>center</aligny>
					<textcolor>grey_b</textcolor>
					<selectedcolor>grey_b</selectedcolor>
					<align>left</align>
					<label>$INFO[ListItem.ChannelNumberLabel,,.] $INFO[ListItem.ChannelName]</label>
					<scroll>false</scroll>
				</control>
				<control type="image">
					<posx>0</posx>
					<posy>0</posy>
					<width>432</width>
					<height>1</height>
					<texture colordiffuse="grey_a">dialogs/white.png</texture>
				</control>
				<control type="image">
					<posx>0</posx>
					<posy>90</posy>
					<width>432</width>
					<height>1</height>
					<texture colordiffuse="grey_a">dialogs/white.png</texture>
				</control>
			</channellayout>
			<focusedchannellayout height="90" width="432">
				<control type="image">
					<posx>0</posx>
					<posy>0</posy>
					<width>432</width>
					<height>90</height>
					<texture flipx="true">main/main_focus.png</texture>
				</control>
				<control type="image">
					<posx>0</posx>
					<posy>0</posy>
					<width>432</width>
					<height>1</height>
					<texture colordiffuse="grey_a">dialogs/white.png</texture>
				</control>
				<control type="image">
					<posx>0</posx>
					<posy>90</posy>
					<width>432</width>
					<height>1</height>
					<texture colordiffuse="grey_a">dialogs/white.png</texture>
				</control>

				<control type="image">
					<posx>3</posx>
					<posy>15</posy>
					<width>60</width>
					<height>60</height>
					<texture background="true">$INFO[ListItem.Icon]</texture>
					<aspectratio>keep</aspectratio>
				</control>
				<control type="label" id="1">
					<posx>72</posx>
					<posy>1</posy>
					<width>340</width>
					<height>90</height>
					<font>font-20bc</font>
					<aligny>center</aligny>
					<textcolor>$VAR[main_color]</textcolor>
					<selectedcolor>$VAR[main_color]</selectedcolor>
					<align>left</align>
					<label>$INFO[ListItem.ChannelNumberLabel]. $INFO[ListItem.ChannelName]</label>
					<scroll>false</scroll>
				</control>
			</focusedchannellayout>
			<itemlayout width="60" height="90">
				<control type="image" id="2">
					<posx>2</posx>
					<posy>2</posy>
					<width>56</width>
					<height>86</height>
					<texture colordiffuse="grey_a">dialogs/white.png</texture>
				</control>
				<control type="label" id="1">
					<posx>9</posx>
					<posy>0</posy>
					<width>45</width>
					<height>45</height>
					<font>font-20</font>
					<selectedcolor>$VAR[main_color]</selectedcolor>
					<align>left</align>
					<label>$INFO[ListItem.Label]</label>
					<scroll>false</scroll>
				</control>
				<control type="image">
					<posx>8</posx>
					<posy>58</posy>
					<width>30</width>
					<height>30</height>
					<texture colordiffuse="red" diffuse="circle.png">dialogs/white.png</texture>
					<visible>ListItem.IsRecording</visible>
				</control>
				<control type="image">
					<posx>8</posx>
					<posy>58</posy>
					<width>30</width>
					<height>30</height>
					<texture colordiffuse="grey_a" diffuse="circle.png">dialogs/white.png</texture>
					<visible>ListItem.HasTimer</visible>
				</control> 
			</itemlayout>
			<focusedlayout width="60" height="90">
				<control type="image" id="2">
					<posx>2</posx>
					<posy>2</posy>
					<width>56</width>
					<height>86</height>
					<texture colordiffuse="$VAR[main_color]">dialogs/white.png</texture>
				</control>
				<control type="label" id="1">
					<posx>9</posx>
					<posy>0</posy>
					<width>45</width>
					<height>45</height>
					<font>font-20</font>
					<textcolor>white</textcolor>
					<selectedcolor>white</selectedcolor>
					<align>left</align>
					<label>$INFO[ListItem.Label]</label>
					<scroll>false</scroll>
				</control>
				<control type="image">
					<posx>868</posx>
					<posy>36</posy>
					<width>20</width>
					<height>20</height>
					<texture colordiffuse="red" diffuse="circle.png">dialogs/white.png</texture>
					<visible>ListItem.IsRecording</visible>
				</control>
				<control type="image">
					<posx>868</posx>
					<posy>36</posy>
					<width>20</width>
					<height>20</height>
					<texture colordiffuse="grey_b" diffuse="circle.png">dialogs/white.png</texture>
					<visible>ListItem.HasTimer</visible>
				</control> 
			</focusedlayout>
		</control>
	</include>

	<include name="PVR-Now">
		<control type="list" id="11">
			<description>TV Guide Now</description>
			<animation effect="slide" end="270" tween="linear" easing="out" time="400" condition="ControlGroup(9100).HasFocus">Conditional</animation>
			<posx>300</posx>
			<posy>136</posy>
			<width>1320</width>
			<height>721</height>
			<onup>11</onup>
			<ondown>11</ondown>
			<onleft>9100</onleft>
			<onright>61</onright>
			<viewtype label="19030">list</viewtype>
			<pagecontrol>61</pagecontrol>
			<scrolltime>200</scrolltime>
			<preloaditems>2</preloaditems>
			<itemlayout width="1320" height="90">
				<control type="image">
					<posx>888</posx>
					<posy>0</posy>
					<width>432</width>
					<height>90</height>
					<texture background="true">main/main_menu.png</texture>
				</control>
				<control type="image">
					<posx>0</posx>
					<posy>0</posy>
					<width>1320</width>
					<height>1</height>
					<texture colordiffuse="grey_a">dialogs/white.png</texture>
				</control>
				<control type="image">
					<posx>0</posx>
					<posy>90</posy>
					<width>1320</width>
					<height>1</height>
					<texture colordiffuse="grey_a">dialogs/white.png</texture>
				</control>
				<control type="image">
					<posx>0</posx>
					<posy>0</posy>
					<width>1</width>
					<height>90</height>
					<texture colordiffuse="grey_a">dialogs/white.png</texture>
				</control>
				<control type="image">
					<posx>1319</posx>
					<posy>0</posy>
					<width>1</width>
					<height>90</height>
					<texture colordiffuse="grey_a">dialogs/white.png</texture>
				</control>
				<control type="image">
					<posx>1250</posx>
					<posy>15</posy>
					<width>60</width>
					<height>60</height>
					<texture background="true">$INFO[ListItem.Icon]</texture>
					<aspectratio>keep</aspectratio>
				</control>
				<control type="label">
					<posx>72</posx>
					<posy>0</posy>
					<width>700</width>
					<height>90</height>
					<font>font-20</font>
					<textcolor>white</textcolor>
					<selectedcolor>$VAR[main_color]</selectedcolor>
					<align>right</align>
					<aligny>center</aligny>
					<label>$INFO[ListItem.Label]</label>
				</control>
				<control type="label">
					<posx>790</posx>
					<posy>1</posy>
					<width>100</width>
					<height>90</height>
					<font>font-20</font>
					<textcolor>white</textcolor>
					<selectedcolor>$VAR[main_color]</selectedcolor>
					<align>left</align>
					<aligny>center</aligny>
					<label>$INFO[ListItem.Label2]</label>
				</control>
				<control type="label">
					<posx>880</posx>
					<posy>0</posy>
					<width>360</width>
					<height>90</height>
					<font>font-20</font>
					<textcolor>white</textcolor>
					<selectedcolor>$VAR[main_color]</selectedcolor>
					<align>right</align>
					<aligny>center</aligny>
					<label>$INFO[ListItem.ChannelName]</label>
				</control>
				<control type="image">
					<posx>868</posx>
					<posy>36</posy>
					<width>20</width>
					<height>20</height>
					<texture colordiffuse="red" diffuse="circle.png">dialogs/white.png</texture>
					<visible>ListItem.IsRecording</visible>
				</control>
				<control type="image">
					<posx>868</posx>
					<posy>36</posy>
					<width>20</width>
					<height>20</height>
					<texture colordiffuse="grey_a" diffuse="circle.png">dialogs/white.png</texture>
					<visible>ListItem.HasTimer</visible>
				</control>
			</itemlayout>
			<focusedlayout width="1320" height="90">

				<control type="image">
					<posx>888</posx>
					<posy>0</posy>
					<width>432</width>
					<height>90</height>
					<texture flipx="true">main/main_focus.png</texture>
				</control>
				<control type="image">
					<posx>0</posx>
					<posy>0</posy>
					<width>1320</width>
					<height>1</height>
					<texture colordiffuse="grey_a">dialogs/white.png</texture>
				</control>
				<control type="image">
					<posx>0</posx>
					<posy>90</posy>
					<width>1320</width>
					<height>1</height>
					<texture colordiffuse="grey_a">dialogs/white.png</texture>
				</control>
				<control type="image">
					<posx>0</posx>
					<posy>0</posy>
					<width>1</width>
					<height>90</height>
					<texture colordiffuse="grey_a">dialogs/white.png</texture>
				</control>
				<control type="image">
					<posx>1319</posx>
					<posy>0</posy>
					<width>1</width>
					<height>90</height>
					<texture colordiffuse="grey_a">dialogs/white.png</texture>
				</control>
				<control type="image">
					<posx>1250</posx>
					<posy>15</posy>
					<width>60</width>
					<height>60</height>
					<texture background="true">$INFO[ListItem.Icon]</texture>
					<aspectratio>keep</aspectratio>
				</control>
				<control type="label">
					<posx>880</posx>
					<posy>0</posy>
					<width>360</width>
					<height>90</height>
					<font>font-20</font>
					<textcolor>$VAR[main_color]</textcolor>
					<selectedcolor>$VAR[main_color]</selectedcolor>
					<align>right</align>
					<aligny>center</aligny>
					<label>$INFO[ListItem.ChannelName]</label>
				</control>

				<control type="label">
					<posx>72</posx>
					<posy>0</posy>
					<width>700</width>
					<height>90</height>
					<font>font-20</font>
					<textcolor>$VAR[main_color]</textcolor>
					<selectedcolor>$VAR[main_color]</selectedcolor>
					<align>right</align>
					<aligny>center</aligny>
					<label>$INFO[ListItem.Label]</label>
				</control>
				<control type="label">
					<posx>790</posx>
					<posy>1</posy>
					<width>100</width>
					<height>90</height>
					<font>font-20</font>
					<textcolor>$VAR[main_color]</textcolor>
					<selectedcolor>$VAR[main_color]</selectedcolor>
					<align>left</align>
					<aligny>center</aligny>
					<label>$INFO[ListItem.Label2]</label>
				</control>

				<control type="image">
					<posx>1275</posx>
					<posy>6</posy>
					<width>30</width>
					<height>30</height>
					<texture colordiffuse="red" diffuse="circle.png">dialogs/white.png</texture>
					<visible>ListItem.IsRecording</visible>
				</control>
				<control type="image">
					<posx>1275</posx>
					<posy>6</posy>
					<width>30</width>
					<height>30</height>
					<texture colordiffuse="grey_a" diffuse="circle.png">dialogs/white.png</texture>
					<visible>ListItem.HasTimer</visible>
				</control>
			</focusedlayout>
		</control>
	</include>
	<include name="PVR-Next">
		<control type="list" id="12">
			<description>TV Guide Next</description>
			<animation effect="slide" end="270" tween="linear" easing="out" time="400" condition="ControlGroup(9100).HasFocus">Conditional</animation>
			<posx>300</posx>
			<posy>136</posy>
			<width>1320</width>
			<height>721</height>
			<onup>11</onup>
			<ondown>11</ondown>
			<onleft>9100</onleft>
			<onright>61</onright>
			<viewtype label="19031">list</viewtype>
			<pagecontrol>61</pagecontrol>
			<scrolltime>200</scrolltime>
			<preloaditems>2</preloaditems>
			<itemlayout width="1320" height="90">
				<control type="image">
					<posx>888</posx>
					<posy>0</posy>
					<width>432</width>
					<height>90</height>
					<texture background="true">main/main_menu.png</texture>
				</control>
				<control type="image">
					<posx>0</posx>
					<posy>0</posy>
					<width>1320</width>
					<height>1</height>
					<texture colordiffuse="grey_a">dialogs/white.png</texture>
				</control>
				<control type="image">
					<posx>0</posx>
					<posy>90</posy>
					<width>1320</width>
					<height>1</height>
					<texture colordiffuse="grey_a">dialogs/white.png</texture>
				</control>
				<control type="image">
					<posx>0</posx>
					<posy>0</posy>
					<width>1</width>
					<height>90</height>
					<texture colordiffuse="grey_a">dialogs/white.png</texture>
				</control>
				<control type="image">
					<posx>1319</posx>
					<posy>0</posy>
					<width>1</width>
					<height>90</height>
					<texture colordiffuse="grey_a">dialogs/white.png</texture>
				</control>
				<control type="image">
					<posx>1250</posx>
					<posy>15</posy>
					<width>60</width>
					<height>60</height>
					<texture background="true">$INFO[ListItem.Icon]</texture>
					<aspectratio>keep</aspectratio>
				</control>
				<control type="label">
					<posx>72</posx>
					<posy>0</posy>
					<width>700</width>
					<height>90</height>
					<font>font-20</font>
					<textcolor>white</textcolor>
					<selectedcolor>$VAR[main_color]</selectedcolor>
					<align>right</align>
					<aligny>center</aligny>
					<label>$INFO[ListItem.Label]</label>
				</control>
				<control type="label">
					<posx>790</posx>
					<posy>1</posy>
					<width>100</width>
					<height>90</height>
					<font>font-20</font>
					<textcolor>white</textcolor>
					<selectedcolor>$VAR[main_color]</selectedcolor>
					<align>left</align>
					<aligny>center</aligny>
					<label>$INFO[ListItem.Label2]</label>
				</control>
				<control type="label">
					<posx>880</posx>
					<posy>0</posy>
					<width>360</width>
					<height>90</height>
					<font>font-20</font>
					<textcolor>white</textcolor>
					<selectedcolor>$VAR[main_color]</selectedcolor>
					<align>right</align>
					<aligny>center</aligny>
					<label>$INFO[ListItem.ChannelName]</label>
				</control>
				<control type="image">
					<posx>868</posx>
					<posy>36</posy>
					<width>20</width>
					<height>20</height>
					<texture colordiffuse="red" diffuse="circle.png">dialogs/white.png</texture>
					<visible>ListItem.IsRecording</visible>
				</control>
				<control type="image">
					<posx>868</posx>
					<posy>36</posy>
					<width>20</width>
					<height>20</height>
					<texture colordiffuse="grey_a" diffuse="circle.png">dialogs/white.png</texture>
					<visible>ListItem.HasTimer</visible>
				</control>
			</itemlayout>
			<focusedlayout width="1320" height="90">

				<control type="image">
					<posx>888</posx>
					<posy>0</posy>
					<width>432</width>
					<height>90</height>
					<texture flipx="true">main/main_focus.png</texture>
				</control>
				<control type="image">
					<posx>0</posx>
					<posy>0</posy>
					<width>1320</width>
					<height>1</height>
					<texture colordiffuse="grey_a">dialogs/white.png</texture>
				</control>
				<control type="image">
					<posx>0</posx>
					<posy>90</posy>
					<width>1320</width>
					<height>1</height>
					<texture colordiffuse="grey_a">dialogs/white.png</texture>
				</control>
				<control type="image">
					<posx>0</posx>
					<posy>0</posy>
					<width>1</width>
					<height>90</height>
					<texture colordiffuse="grey_a">dialogs/white.png</texture>
				</control>
				<control type="image">
					<posx>1319</posx>
					<posy>0</posy>
					<width>1</width>
					<height>90</height>
					<texture colordiffuse="grey_a">dialogs/white.png</texture>
				</control>
				<control type="image">
					<posx>1250</posx>
					<posy>15</posy>
					<width>60</width>
					<height>60</height>
					<texture background="true">$INFO[ListItem.Icon]</texture>
					<aspectratio>keep</aspectratio>
				</control>
				<control type="label">
					<posx>880</posx>
					<posy>0</posy>
					<width>360</width>
					<height>90</height>
					<font>font-20</font>
					<textcolor>$VAR[main_color]</textcolor>
					<selectedcolor>$VAR[main_color]</selectedcolor>
					<align>right</align>
					<aligny>center</aligny>
					<label>$INFO[ListItem.ChannelName]</label>
				</control>

				<control type="label">
					<posx>72</posx>
					<posy>0</posy>
					<width>700</width>
					<height>90</height>
					<font>font-20</font>
					<textcolor>$VAR[main_color]</textcolor>
					<selectedcolor>$VAR[main_color]</selectedcolor>
					<align>right</align>
					<aligny>center</aligny>
					<label>$INFO[ListItem.Label]</label>
				</control>
				<control type="label">
					<posx>790</posx>
					<posy>1</posy>
					<width>100</width>
					<height>90</height>
					<font>font-20</font>
					<textcolor>$VAR[main_color]</textcolor>
					<selectedcolor>$VAR[main_color]</selectedcolor>
					<align>left</align>
					<aligny>center</aligny>
					<label>$INFO[ListItem.Label2]</label>
				</control>

				<control type="image">
					<posx>868</posx>
					<posy>36</posy>
					<width>20</width>
					<height>20</height>
					<texture colordiffuse="red" diffuse="circle.png">dialogs/white.png</texture>
					<visible>ListItem.IsRecording</visible>
				</control>
				<control type="image">
					<posx>868</posx>
					<posy>36</posy>
					<width>20</width>
					<height>20</height>
					<texture colordiffuse="grey_a" diffuse="circle.png">dialogs/white.png</texture>
					<visible>ListItem.HasTimer</visible>
				</control>
			</focusedlayout>
		</control>
	</include>
	<include name="PVR-Rec">
		<control type="list" id="50">
			<animation effect="slide" end="270" tween="linear" easing="out" time="400" condition="ControlGroup(9100).HasFocus">Conditional</animation>
			<posx>300</posx>
			<posy>136</posy>
			<width>1320</width>
			<height>721</height>
			<onleft>9100</onleft>
			<onright>60</onright>
			<onup>50</onup>
			<ondown>50</ondown>
			<viewtype label="31030">list</viewtype>
			<pagecontrol>60</pagecontrol>
			<scrolltime>200</scrolltime>
			<preloaditems>2</preloaditems>
			<itemlayout width="1320" height="90">
				<control type="image">
					<posx>888</posx>
					<posy>0</posy>
					<width>432</width>
					<height>90</height>
					<texture background="true">main/main_menu.png</texture>
				</control>
				<control type="image">
					<posx>0</posx>
					<posy>0</posy>
					<width>1320</width>
					<height>1</height>
					<texture colordiffuse="grey_a">dialogs/white.png</texture>
				</control>
				<control type="image">
					<posx>0</posx>
					<posy>90</posy>
					<width>1320</width>
					<height>1</height>
					<texture colordiffuse="grey_a">dialogs/white.png</texture>
				</control>
				<control type="image">
					<posx>0</posx>
					<posy>0</posy>
					<width>1</width>
					<height>90</height>
					<texture colordiffuse="grey_a">dialogs/white.png</texture>
				</control>
				<control type="image">
					<posx>1319</posx>
					<posy>0</posy>
					<width>1</width>
					<height>90</height>
					<texture colordiffuse="grey_a">dialogs/white.png</texture>
				</control>
				<control type="image">
					<posx>1250</posx>
					<posy>15</posy>
					<width>60</width>
					<height>60</height>
					<texture background="true">$INFO[ListItem.Icon]</texture>
					<aspectratio>keep</aspectratio>
				</control>
				<control type="label">
					<posx>620</posx>
					<posy>0</posy>
					<width>600</width>
					<height>90</height>
					<font>font-20</font>
					<textcolor>grey_a</textcolor>
					<selectedcolor>grey_a</selectedcolor>
					<align>right</align>
					<aligny>center</aligny>
					<label>$INFO[ListItem.Label][COLOR=grey_b]$INFO[ListItem.Date, (,)][/COLOR]</label>
				</control>
			</itemlayout>
			<focusedlayout width="1320" height="90">
				<control type="image">
					<posx>888</posx>
					<posy>0</posy>
					<width>432</width>
					<height>90</height>
					<texture flipx="true">main/main_focus.png</texture>
				</control>
				<control type="image">
					<posx>0</posx>
					<posy>0</posy>
					<width>1320</width>
					<height>1</height>
					<texture colordiffuse="grey_a">dialogs/white.png</texture>
				</control>
				<control type="image">
					<posx>0</posx>
					<posy>90</posy>
					<width>1320</width>
					<height>1</height>
					<texture colordiffuse="grey_a">dialogs/white.png</texture>
				</control>
				<control type="image">
					<posx>0</posx>
					<posy>0</posy>
					<width>1</width>
					<height>90</height>
					<texture colordiffuse="grey_a">dialogs/white.png</texture>
				</control>
				<control type="image">
					<posx>1319</posx>
					<posy>0</posy>
					<width>1</width>
					<height>90</height>
					<texture colordiffuse="grey_a">dialogs/white.png</texture>
				</control>
				<control type="image">
					<posx>1250</posx>
					<posy>15</posy>
					<width>60</width>
					<height>60</height>
					<texture background="true">$INFO[ListItem.Icon]</texture>
					<aspectratio>keep</aspectratio>
				</control>
				<control type="label">
					<posx>620</posx>
					<posy>0</posy>
					<width>600</width>
					<height>90</height>
					<font>font-20</font>
					<textcolor>$VAR[main_color]</textcolor>
					<selectedcolor>$VAR[main_color]</selectedcolor>
					<align>right</align>
					<aligny>center</aligny>
					<label>$INFO[ListItem.Label][COLOR=grey_b]$INFO[ListItem.Date, (,)][/COLOR]</label>
				</control>
			</focusedlayout>
		</control>
	</include>

	<include name="PVR-Search">
		<control type="list" id="52">
			<animation effect="slide" end="270" tween="linear" easing="out" time="400" condition="ControlGroup(9100).HasFocus">Conditional</animation>
			<posx>300</posx>
			<posy>136</posy>
			<width>1320</width>
			<height>721</height>
			<onup>11</onup>
			<ondown>11</ondown>
			<onleft>9100</onleft>
			<onright>61</onright>
			<viewtype label="19031">list</viewtype>
			<pagecontrol>61</pagecontrol>
			<scrolltime>200</scrolltime>
			<preloaditems>2</preloaditems>
			<itemlayout width="1320" height="90">
				<control type="image">
					<posx>888</posx>
					<posy>0</posy>
					<width>432</width>
					<height>90</height>
					<texture background="true">main/main_menu.png</texture>
				</control>
				<control type="image">
					<posx>0</posx>
					<posy>0</posy>
					<width>1320</width>
					<height>1</height>
					<texture colordiffuse="grey_a">dialogs/white.png</texture>
				</control>
				<control type="image">
					<posx>0</posx>
					<posy>90</posy>
					<width>1320</width>
					<height>1</height>
					<texture colordiffuse="grey_a">dialogs/white.png</texture>
				</control>
				<control type="image">
					<posx>0</posx>
					<posy>0</posy>
					<width>1</width>
					<height>90</height>
					<texture colordiffuse="grey_a">dialogs/white.png</texture>
				</control>
				<control type="image">
					<posx>1319</posx>
					<posy>0</posy>
					<width>1</width>
					<height>90</height>
					<texture colordiffuse="grey_a">dialogs/white.png</texture>
				</control>
				<control type="image">
					<posx>1250</posx>
					<posy>15</posy>
					<width>60</width>
					<height>60</height>
					<texture background="true">$INFO[ListItem.Icon]</texture>
					<aspectratio>keep</aspectratio>
				</control>
				<control type="label">
					<posx>45</posx>
					<posy>0</posy>
					<width>800</width>
					<height>45</height>
					<font>font-20</font>
					<textcolor>white</textcolor>
					<selectedcolor>$VAR[main_color]</selectedcolor>
					<align>right</align>
					<aligny>center</aligny>
					<label>$INFO[ListItem.Label]</label>
				</control>

				<control type="label">
					<posx>445</posx>
					<posy>45</posy>
					<width>400</width>
					<height>45</height>
					<font>font-20</font>
					<textcolor>grey_a</textcolor>
					<selectedcolor>$VAR[main_color]</selectedcolor>
					<align>right</align>
					<aligny>center</aligny>
					<label>$INFO[ListItem.Date]</label>
				</control>
				<control type="label">
					<posx>880</posx>
					<posy>0</posy>
					<width>360</width>
					<height>90</height>
					<font>font-20</font>
					<textcolor>white</textcolor>
					<selectedcolor>$VAR[main_color]</selectedcolor>
					<align>right</align>
					<aligny>center</aligny>
					<label>$INFO[ListItem.ChannelName]</label>
				</control>
				<control type="image">
					<posx>868</posx>
					<posy>36</posy>
					<width>20</width>
					<height>20</height>
					<texture colordiffuse="red" diffuse="circle.png">dialogs/white.png</texture>
					<visible>ListItem.IsRecording</visible>
				</control>
				<control type="image">
					<posx>868</posx>
					<posy>36</posy>
					<width>20</width>
					<height>20</height>
					<texture colordiffuse="grey_a" diffuse="circle.png">dialogs/white.png</texture>
					<visible>ListItem.HasTimer</visible>
				</control>
			</itemlayout>
			<focusedlayout width="1320" height="90">

				<control type="image">
					<posx>888</posx>
					<posy>0</posy>
					<width>432</width>
					<height>90</height>
					<texture flipx="true">main/main_focus.png</texture>
				</control>
				<control type="image">
					<posx>0</posx>
					<posy>0</posy>
					<width>1320</width>
					<height>1</height>
					<texture colordiffuse="grey_a">dialogs/white.png</texture>
				</control>
				<control type="image">
					<posx>0</posx>
					<posy>90</posy>
					<width>1320</width>
					<height>1</height>
					<texture colordiffuse="grey_a">dialogs/white.png</texture>
				</control>
				<control type="image">
					<posx>0</posx>
					<posy>0</posy>
					<width>1</width>
					<height>90</height>
					<texture colordiffuse="grey_a">dialogs/white.png</texture>
				</control>
				<control type="image">
					<posx>1319</posx>
					<posy>0</posy>
					<width>1</width>
					<height>90</height>
					<texture colordiffuse="grey_a">dialogs/white.png</texture>
				</control>
				<control type="image">
					<posx>1250</posx>
					<posy>15</posy>
					<width>60</width>
					<height>60</height>
					<texture background="true">$INFO[ListItem.Icon]</texture>
					<aspectratio>keep</aspectratio>
				</control>
				<control type="label">
					<posx>45</posx>
					<posy>0</posy>
					<width>800</width>
					<height>45</height>
					<font>font-20</font>
					<textcolor>$VAR[main_color]</textcolor>
					<selectedcolor>$VAR[main_color]</selectedcolor>
					<align>right</align>
					<aligny>center</aligny>
					<label>$INFO[ListItem.Label]</label>
				</control>

				<control type="label">
					<posx>445</posx>
					<posy>45</posy>
					<width>400</width>
					<height>45</height>
					<font>font-20</font>
					<textcolor>$VAR[main_color]</textcolor>
					<selectedcolor>$VAR[main_color]</selectedcolor>
					<align>right</align>
					<aligny>center</aligny>
					<label>$INFO[ListItem.Date]</label>
				</control>
				<control type="label">
					<posx>880</posx>
					<posy>0</posy>
					<width>360</width>
					<height>90</height>
					<font>font-20</font>
					<textcolor>$VAR[main_color]</textcolor>
					<selectedcolor>$VAR[main_color]</selectedcolor>
					<align>right</align>
					<aligny>center</aligny>
					<label>$INFO[ListItem.ChannelName]</label>
				</control>

				<control type="image">
					<posx>868</posx>
					<posy>36</posy>
					<width>20</width>
					<height>20</height>
					<texture colordiffuse="red" diffuse="circle.png">dialogs/white.png</texture>
					<visible>ListItem.IsRecording</visible>
				</control>
				<control type="image">
					<posx>868</posx>
					<posy>36</posy>
					<width>20</width>
					<height>20</height>
					<texture colordiffuse="grey_a" diffuse="circle.png">dialogs/white.png</texture>
					<visible>ListItem.HasTimer</visible>
				</control>
			</focusedlayout>
		</control>
	</include>
	<include name="FullList-PVRTimers">
		<control type="list" id="52">
			<posx>300</posx>
			<posy>213</posy>
			<width>1320</width>
			<height>654</height>
			<onup>52</onup>
			<ondown>52</ondown>
			<onleft>9000</onleft>
			<onright>60</onright>
			<viewtype label="535">list</viewtype>
			<pagecontrol>60</pagecontrol>
			<scrolltime>200</scrolltime>
			<itemlayout width="1320" height="44">
				<control type="image">
					<posx>0</posx>
					<posy>0</posy>
					<width>1320</width>
					<height>45</height>
					<texture border="7">list-nofocus.png</texture>
					<include>VisibleFadeEffect</include>
				</control>
				<control type="label">
					<posx>15</posx>
					<posy>0</posy>
					<width>390</width>
					<height>45</height>
					<font>font-20</font>
					<textcolor>white</textcolor>
					<selectedcolor>blue</selectedcolor>
					<align>left</align>
					<aligny>center</aligny>
					<label>$INFO[ListItem.Label]</label>
				</control>
				<control type="label">
					<posx>405</posx>
					<posy>0</posy>
					<width>600</width>
					<height>45</height>
					<font>font-20</font>
					<textcolor>blue</textcolor>
					<selectedcolor>blue</selectedcolor>
					<align>left</align>
					<aligny>center</aligny>
					<label>$INFO[ListItem.Date]</label>
				</control>
				<control type="label">
					<posx>1005</posx>
					<posy>0</posy>
					<width>300</width>
					<height>45</height>
					<font>font-20</font>
					<textcolor>lightblue</textcolor>
					<selectedcolor>blue</selectedcolor>
					<align>right</align>
					<aligny>center</aligny>
					<label>$INFO[ListItem.Comment]</label>
				</control>
			</itemlayout>
			<focusedlayout width="1320" height="44">
				<control type="image">
					<posx>0</posx>
					<posy>0</posy>
					<width>1320</width>
					<height>45</height>
					<texture border="7">list-nofocus.png</texture>
					<include>VisibleFadeEffect</include>
				</control>
				<control type="image">
					<posx>0</posx>
					<posy>0</posy>
					<width>1320</width>
					<height>45</height>
					<texture border="7">list-focus2.png</texture>
					<visible>Control.HasFocus(52)</visible>
					<include>VisibleFadeEffect</include>
					<include>ListFocusScroll</include>
				</control>
				<control type="label">
					<posx>15</posx>
					<posy>0</posy>
					<width>390</width>
					<height>45</height>
					<font>font-20</font>
					<textcolor>white</textcolor>
					<selectedcolor>blue</selectedcolor>
					<align>left</align>
					<aligny>center</aligny>
					<label>$INFO[ListItem.Label]</label>
				</control>
				<control type="label">
					<posx>405</posx>
					<posy>0</posy>
					<width>600</width>
					<height>45</height>
					<font>font-20</font>
					<textcolor>blue</textcolor>
					<selectedcolor>blue</selectedcolor>
					<align>left</align>
					<aligny>center</aligny>
					<label>$INFO[ListItem.Date]</label>
				</control>
				<control type="label">
					<posx>1005</posx>
					<posy>0</posy>
					<width>300</width>
					<height>45</height>
					<font>font-20</font>
					<textcolor>lightblue</textcolor>
					<selectedcolor>blue</selectedcolor>
					<align>right</align>
					<aligny>center</aligny>
					<label>$INFO[ListItem.Comment]</label>
				</control>
			</focusedlayout>
		</control>
	</include>
	<include name="FullList-PVRTimers_Extras">
		<control type="group">
			<visible>Control.IsVisible(52)</visible>
			<include>Window_OpenClose_Visible_MediaFlags_Animation</include>
			<include condition="Skin.HasSetting(HateTransparency)">T-Underlay26</include>
			<control type="image">
				<posx>495</posx>
				<posy>927</posy>
				<width>939</width>
				<height>63</height>
				<texture diffuse="underlay2-diffuse.png" border="4">underlay2.png</texture>
				<visible>PVR.HasTimer</visible>
			</control>
			<control type="label">
				<description>Next timer date</description>
				<posx>450</posx>
				<posy>934</posy>
				<width>1020</width>
				<height>52</height>
				<font>font-20</font>
				<align>center</align>
				<aligny>center</aligny>
				<textcolor>white</textcolor>
				<label>$INFO[PVR.NextTimer]</label>
				<visible>PVR.HasTimer</visible>
			</control>
		</control>
	</include>
</includes>
