<?xml version="1.0" encoding="UTF-8"?>
<window>
	<defaultcontrol>2</defaultcontrol>
	<coordinates>
		<posx>360</posx>
		<posy>30</posy>
	</coordinates>
	<include>dialogeffect</include>
	<controls>
		<include condition="Skin.HasSetting(HateTransparency)">T-Panel7</include>
		<control type="image">
			<description>background image</description>
			<posx>0</posx>
			<posy>0</posy>
			<width>1200</width>
			<height>788</height>
			<texture border="30">panel.png</texture>
			<bordertexture border="45">panel-shadow.png</bordertexture>
			<bordersize>22</bordersize>
		</control>
		<control type="button">
			<posx>1116</posx>
			<posy>48</posy>
			<width>30</width>
			<height>30</height>
			<texturefocus>close-window-focus.png</texturefocus>
			<texturenofocus>close-window-nofocus.png</texturenofocus>
			<onclick>Dialog.Close(visualisationpresetlist)</onclick>
			<visible>Skin.HasSetting(TouchScreenMode)</visible>
		</control>
		<control type="label" id="3">
			<description>heading label</description>
			<posx>60</posx>
			<posy>60</posy>
			<width>1080</width>
			<height>45</height>
			<align>center</align>
			<aligny>center</aligny>
			<font>font-32</font>
			<textcolor>blue</textcolor>
		</control>
		<control type="image">
			<posx>60</posx>
			<posy>117</posy>
			<width>1080</width>
			<height>3</height>
			<texture>separator.png</texture>
		</control>
		<control type="label" id="4">
			<description>No Presets at all label</description>
			<posx>60</posx>
			<posy>300</posy>
			<width>1080</width>
			<height>45</height>
			<label>13389</label>
			<align>center</align>
			<font>font-23</font>
			<textcolor>white</textcolor>
		</control>
		<control type="list" id="2">
			<posx>68</posx>
			<posy>128</posy>
			<width>1065</width>
			<height>567</height>
			<onleft>61</onleft>
			<onright>61</onright>
			<onup>2</onup>
			<ondown>2</ondown>
			<pagecontrol>61</pagecontrol>
			<scrolltime>200</scrolltime>
			<itemlayout width="1065" height="44">
				<control type="image">
					<posx>0</posx>
					<posy>0</posy>
					<width>1065</width>
					<height>45</height>
					<texture border="7">list-nofocus.png</texture>
				</control>
				<control type="label">
					<posx>15</posx>
					<posy>0</posy>
					<width>1035</width>
					<height>45</height>
					<font>font-20</font>
					<align>left</align>
					<aligny>center</aligny>
					<selectedcolor>blue</selectedcolor>
					<label>$INFO[ListItem.Label]</label>
				</control>
			</itemlayout>
			<focusedlayout width="1065" height="44">
				<control type="image">
					<posx>0</posx>
					<posy>0</posy>
					<width>1065</width>
					<height>45</height>
					<texture border="7">list-nofocus.png</texture>
				</control>
				<control type="image">
					<posx>0</posx>
					<posy>0</posy>
					<width>1065</width>
					<height>45</height>
					<visible>Control.HasFocus(2)</visible>
					<texture border="7">list-focus2.png</texture>
					<include>ListFocusScroll11</include>
				</control>
				<control type="label">
					<posx>15</posx>
					<posy>0</posy>
					<width>1035</width>
					<height>45</height>
					<font>font-20</font>
					<align>left</align>
					<aligny>center</aligny>
					<selectedcolor>blue</selectedcolor>
					<label>$INFO[ListItem.Label]</label>
				</control>
			</focusedlayout>
		</control>
		<include>CommonFileCount12</include>
		<control type="spincontrol" id="61">
			<description>Next page button</description>
			<posx>1035</posx>
			<posy>705</posy>
			<subtype>page</subtype>
			<font>font-20</font>
			<onleft>2</onleft>
			<onright>2</onright>
			<ondown>2</ondown>
			<onup>2</onup>
			<textcolor>-</textcolor>
			<showonepage>false</showonepage>
		</control>
	</controls>
</window>
