<?xml version="1.0" encoding="UTF-8"?>
<colors>
	<color name="white">FFFFFFFF</color>
	<color name="black">FF000000</color>
	<color name="verylightgrey">FFC8C8C8</color>
	<color name="lightgrey">FF999999</color>
	<color name="grey">FF787878</color>
	<color name="darkgrey">FF505050</color>
	<color name="lightblue">FF99D8FF</color>
	<color name="grey_a">FF828282</color>
	<color name="grey_b">FFd2d2d2</color>
	<color name="grey_50">FF323232</color>
	<color name="blue">FF4DBAFF</color>
	<color name="darkblue">FF009CFF</color>
	<color name="verydarkblue">FF003B53</color>
	<color name="red">FFFF3F3F</color>

	<color name="orange_1">FFE66A4F</color>
	<color name="TextColor1">ffffffff</color>
	<color name="TextColor2">66ffffff</color>
	<color name="TextColor3">44ffffff</color>
	<color name="TextColor4">64000000</color>
	<color name="ShadowColor">44000000</color>
	<color name="OverlayColorFO">ffffffff</color>
	<color name="OverlayColorNF">55f1f1f1</color>
	<color name="SelectedColor">FFEB9E17</color>
	<color name="FanartDiffuse">22f1f1f1</color>
	<color name="DiffusePosterNF">58ffffff</color>
	<color name="HomeNF">44000000</color>
	
	<!-- Dialog colors -->
	<color name="DialogColor1">ffffffff</color>
	<color name="DialogColor2">66ffffff</color>
	<color name="DisabledColor">ffa10000</color>
	<color name="InvalidColor">ffa10000</color>
	<color name="DialogOverlayColorFO">ffffffff</color>
	<color name="DialogOverlayColorNF">55f1f1f1</color>

</colors>
