<?xml version="1.0" encoding="UTF-8"?>
<window>
	<allowoverlay>no</allowoverlay>
	<coordinates>
		<posx>0</posx>
		<posy>0</posy>
	</coordinates>
	<controls>
		<control type="image" id="103">
			<posx>1665</posx>
			<posy>30</posy>
			<width>225</width>
			<height>150</height>
			<aspectratio>keep</aspectratio>
			<texture>-</texture>
			<animation effect="fade" start="50" end="50" condition="True">Conditional</animation>
		</control>
		<control type="group" id="102">
			<control type="group">
				<posx>0</posx>
				<posy>570</posy>
				<include condition="Skin.HasSetting(ClearArt) + VideoPlayer.Content(Episodes) + !Skin.HasSetting(SafeMode)">clearart-dialogfullscreeninfo</include>
				<control type="image">
					<description>cover image</description>
					<posx>15</posx>
					<posy>274</posy>
					<width>418</width>
					<height>236</height>
					<aspectratio align="center" aligny="center" scalediffuse="true">keep</aspectratio>
					<texture diffuse="video-diffuse.png">$INFO[VideoPlayer.Cover]</texture>
					<visible>VideoPlayer.Content(Episodes) + [!Skin.HasSetting(ClearArt) | [IsEmpty(Control.GetLabel(7017)) + IsEmpty(Control.GetLabel(7018))] | Skin.HasSetting(Safemode) | substring(Player.FolderPath,pvr://) | substring(Player.FolderPath,http://) | substring(Player.FolderPath,https://) | substring(Player.FolderPath,htsp://)]</visible>
				</control>
				<control type="image">
					<description>cover image</description>
					<posx>15</posx>
					<posy>274</posy>
					<width>418</width>
					<height>236</height>
					<aspectratio align="center" aligny="center" scalediffuse="true">keep</aspectratio>
					<texture diffuse="video-diffuse.png">$INFO[VideoPlayer.Cover]</texture>
					<visible>!VideoPlayer.Content(Movies) + !VideoPlayer.Content(Episodes)</visible>
				</control>
				<control type="image">
					<description>cover image</description>
					<posx>66</posx>
					<posy>60</posy>
					<width>309</width>
					<height>438</height>
					<texture>$INFO[VideoPlayer.Cover]</texture>
					<visible>VideoPlayer.Content(Movies)</visible>
				</control>
				<control type="image">
					<posx>66</posx>
					<posy>24</posy>
					<width>333</width>
					<height>507</height>
					<texture fallback="case-sets.png">case$INFO[VideoPlayer.VideoResolution].png</texture>
					<visible>VideoPlayer.Content(Movies) + !Skin.HasSetting(HideMovieCase)</visible>
				</control>
			</control>
			<control type="group">
				<posy>780</posy>
				<control type="image">
					<description>media info background image</description>
					<posx>420</posx>
					<posy>34</posy>
					<width>1653</width>
					<height>330</height>
					<texture border="42">panel-shadow-reverse.png</texture>
				</control>
				<include condition="Skin.HasSetting(HateTransparency)">T-Panel4</include>
				<control type="image">
					<description>media info background image</description>
					<posx>450</posx>
					<posy>64</posy>
					<width>1605</width>
					<height>300</height>
					<texture border="30">panel.png</texture>
				</control>
				<control type="label">
					<posx>488</posx>
					<posy>87</posy>
					<width>1065</width>
					<height>38</height>
					<label>$INFO[VideoPlayer.Year]$INFO[VideoPlayer.Studio, - ]</label>
					<align>left</align>
					<aligny>center</aligny>
					<font>font-20</font>
					<textcolor>blue</textcolor>
					<visible>!VideoPlayer.Content(LiveTV) + !VideoPlayer.Content(Episodes) + !VideoPlayer.Content(MusicVideos)</visible>
				</control>
				<control type="label">
					<posx>488</posx>
					<posy>87</posy>
					<width>1065</width>
					<height>38</height>
					<label>$INFO[VideoPlayer.ChannelName]</label>
					<align>left</align>
					<aligny>center</aligny>
					<font>font-20</font>
					<textcolor>blue</textcolor>
					<visible>VideoPlayer.Content(LiveTV)</visible>
				</control>
				<control type="label">
					<posx>488</posx>
					<posy>87</posy>
					<width>1065</width>
					<height>38</height>
					<label>$INFO[VideoPlayer.TVShowTitle]</label>
					<align>left</align>
					<aligny>center</aligny>
					<font>font-20</font>
					<textcolor>blue</textcolor>
					<visible>VideoPlayer.Content(Episodes)</visible>
				</control>
				<control type="label">
					<posx>488</posx>
					<posy>87</posy>
					<width>1065</width>
					<height>38</height>
					<label>$INFO[VideoPlayer.Artist]</label>
					<align>left</align>
					<aligny>center</aligny>
					<font>font-20</font>
					<textcolor>blue</textcolor>
					<visible>VideoPlayer.Content(MusicVideos)</visible>
				</control>
				<control type="label">
					<posx>488</posx>
					<posy>126</posy>
					<width>1388</width>
					<height>38</height>
					<label>$INFO[VideoPlayer.Title]</label>
					<align>left</align>
					<aligny>center</aligny>
					<font>font-32</font>
					<textcolor>lightblue</textcolor>
				</control>
				<control type="label">
					<posx>488</posx>
					<posy>165</posy>
					<width>938</width>
					<height>38</height>
					<label>$INFO[VideoPlayer.Genre]</label>
					<align>left</align>
					<aligny>center</aligny>
					<font>font-20</font>
					<textcolor>white</textcolor>
					<visible>!VideoPlayer.Content(LiveTV) + !VideoPlayer.Content(Episodes) + !VideoPlayer.Content(MusicVideos)</visible>
				</control>
				<control type="label">
					<posx>488</posx>
					<posy>165</posy>
					<width>938</width>
					<height>38</height>
					<label>$INFO[VideoPlayer.PlotOutline]</label>
					<align>left</align>
					<aligny>center</aligny>
					<font>font-20</font>
					<textcolor>white</textcolor>
					<visible>VideoPlayer.Content(LiveTV)</visible>
				</control>
				<control type="label">
					<posx>488</posx>
					<posy>165</posy>
					<width>938</width>
					<height>38</height>
					<label>$INFO[VideoPlayer.Season,$LOCALIZE[20373]: ]     $INFO[VideoPlayer.Episode,$LOCALIZE[20359]: ]</label>
					<align>left</align>
					<aligny>center</aligny>
					<font>font-20</font>
					<textcolor>white</textcolor>
					<visible>VideoPlayer.Content(Episodes)</visible>
				</control>
				<control type="label">
					<posx>488</posx>
					<posy>165</posy>
					<width>938</width>
					<height>38</height>
					<label>$INFO[VideoPlayer.Year]$INFO[VideoPlayer.Studio, - ]</label>
					<align>left</align>
					<aligny>center</aligny>
					<font>font-20</font>
					<textcolor>white</textcolor>
					<visible>VideoPlayer.Content(MusicVideos)</visible>
				</control>
				<control type="label">
					<description>System Time Label</description>
					<posx>1882</posx>
					<posy>87</posy>
					<width>300</width>
					<height>38</height>
					<textcolor>blue</textcolor>
					<label>$INFO[System.Time]</label>
					<align>right</align>
					<aligny>center</aligny>
					<font>font-23</font>
				</control>
				<control type="button">
					<posx>1887</posx>
					<posy>93</posy>
					<width>30</width>
					<height>30</height>
					<texturefocus>close-window-focus.png</texturefocus>
					<texturenofocus>close-window-nofocus.png</texturenofocus>
					<onclick>Dialog.Close(fullscreeninfo)</onclick>
					<visible>Skin.HasSetting(TouchScreenMode)</visible>
				</control>
				<control type="label">
					<description>Video End Time</description>
					<posx>1882</posx>
					<posy>165</posy>
					<width>450</width>
					<height>38</height>
					<textcolor>white</textcolor>
					<label>$LOCALIZE[31050]: $INFO[Player.FinishTime]</label>
					<align>right</align>
					<aligny>center</aligny>
					<font>font-20</font>
				</control>
				<control type="label">
					<description>time label</description>
					<posx>488</posx>
					<posy>201</posy>
					<width>420</width>
					<height>38</height>
					<textcolor>lightblue</textcolor>
					<label>$INFO[VideoPlayer.Time]</label>
					<align>left</align>
					<aligny>center</aligny>
					<font>font-20</font>
				</control>
				<control type="progress">
					<description>Progressbar Cache</description>
					<posx>630</posx>
					<posy>210</posy>
					<width>1112</width>
					<height>22</height>
					<info>Player.ProgressCache</info>
					<midtexture border="10,0,10,0">ProgressCache.png</midtexture>
				</control>
				<control type="progress">
					<description>Progressbar</description>
					<posx>630</posx>
					<posy>210</posy>
					<width>1112</width>
					<height>22</height>
					<info>Player.Progress</info>
				</control>
				<control type="slider" id="888">
					<description>Slider</description>
					<posx>630</posx>
					<posy>210</posy>
					<width>1112</width>
					<height>22</height>
					<action>seek</action>
				</control>
				<control type="label">
					<description>time label</description>
					<posx>1882</posx>
					<posy>201</posy>
					<width>420</width>
					<height>38</height>
					<textcolor>lightblue</textcolor>
					<label>$INFO[Player.Duration]</label>
					<align>right</align>
					<aligny>center</aligny>
					<font>font-20</font>
				</control>
				<control type="label">
					<description>Chapter Pos No</description>
					<posx>1882</posx>
					<posy>246</posy>
					<width>735</width>
					<height>38</height>
					<textcolor>lightgrey</textcolor>
					<label>$INFO[Player.Chapter,$LOCALIZE[21396]: ]$INFO[Player.ChapterCount, / ]$INFO[Player.ChapterName, - ]</label>
					<align>right</align>
					<aligny>center</aligny>
					<font>font-19</font>
					<wrapmultiline>true</wrapmultiline>
					<visible>Player.ChapterCount + !VideoPlayer.Content(LiveTV)</visible>
				</control>
				<control type="label">
					<description>Chapter Pos No</description>
					<posx>1882</posx>
					<posy>232</posy>
					<width>735</width>
					<height>38</height>
					<textcolor>lightgrey</textcolor>
					<label>$LOCALIZE[19148]: $INFO[VideoPlayer.ChannelNumber,, - ]$LOCALIZE[19141]: $INFO[VideoPlayer.ChannelGroup]</label>
					<align>right</align>
					<aligny>center</aligny>
					<font>font-19</font>
					<wrapmultiline>true</wrapmultiline>
					<visible>VideoPlayer.Content(LiveTV)</visible>
				</control>
				<control type="label">
					<description>Chapter Pos No</description>
					<posx>1882</posx>
					<posy>262</posy>
					<width>735</width>
					<height>38</height>
					<textcolor>lightgrey</textcolor>
					<label>$LOCALIZE[209]: $INFO[VideoPlayer.NextTitle]</label>
					<align>right</align>
					<aligny>center</aligny>
					<font>font-19</font>
					<wrapmultiline>true</wrapmultiline>
					<visible>VideoPlayer.Content(LiveTV)</visible>
				</control>
				<control type="group">
					<posx>480</posx>
					<posy>234</posy>
					<width>606</width>
					<height>72</height>
					<include condition="VideoPlayer.Content(Movies) + !Skin.HasSetting(Enable_Movies_Media_Flags)">FullScreenVideoMediaFlags</include>
					<include condition="VideoPlayer.Content(Episodes) + !Skin.HasSetting(Enable_TVShows_Media_Flags)">FullScreenVideoMediaFlags</include>
					<include condition="VideoPlayer.Content(MusicVideos) + !Skin.HasSetting(Enable_MusicVideos_Media_Flags)">FullScreenVideoMediaFlags</include>
					<include condition="VideoPlayer.Content(LiveTV) + !Skin.HasSetting(Enable_TV_Media_Flags)">FullScreenVideoMediaFlags</include>
					<include condition="!VideoPlayer.Content(Movies) + !VideoPlayer.Content(Episodes) + !VideoPlayer.Content(MusicVideos) + !VideoPlayer.Content(LiveTV)">FullScreenVideoMediaFlags</include>
				</control>
			</control>
			<control type="group">
				<visible>false</visible>
				<control type="image" id="101">
					<posx>-15</posx>
					<posy>-15</posy>
					<width>1</width>
					<height>1</height>
					<texture>-</texture>
				</control>
				<control type="label" id="502">
					<posx>-15</posx>
					<posy>-15</posy>
					<width>1</width>
					<height>1</height>
				</control>
				<control type="label" id="503">
					<posx>-15</posx>
					<posy>-15</posy>
					<width>1</width>
					<height>1</height>
				</control>
				<control type="label" id="504">
					<posx>-15</posx>
					<posy>-15</posy>
					<width>1</width>
					<height>1</height>
				</control>
				<control type="label" id="505">
					<posx>-15</posx>
					<posy>-15</posy>
					<width>1</width>
					<height>1</height>
				</control>
				<control type="image" id="506">
					<posx>-15</posx>
					<posy>-15</posy>
					<width>1</width>
					<height>1</height>
					<texture>-</texture>
				</control>
			</control>
		</control>
		<include condition="Skin.HasSetting(DebugMode)">debuginfovideoplayer</include>
	</controls>
</window>
