<?xml version="1.0" encoding="UTF-8"?>
<window>
	<coordinates>
		<system>1</system>
		<posx>0</posx>
		<posy>0</posy>
	</coordinates>
	<zorder>1</zorder>
	<defaultcontrol>120</defaultcontrol>
	<include>dialogeffect</include>
	<controls>
		<control type="image">
			<posx>510</posx>
			<posy>240</posy>
			<width>900</width>
			<height>525</height>
			<texture border="50">dialog.png</texture>
		</control>
		<control type="image">
			<posx>510</posx>
			<posy>240</posy>
			<width>900</width>
			<height>525</height>
			<texture border="50">dialog.png</texture>
		</control>
		<control type="label">
			<posx>510</posx>
			<posy>285</posy>
			<width>900</width>
			<height>45</height>
			<label>Channel Rules</label>
			<align>center</align>
			<aligny>center</aligny>
			<font>font-32</font>
			<textcolor>blue</textcolor>
		</control>
		<control type="image">
			<posx>585</posx>
			<posy>345</posy>
			<width>750</width>
			<height>3</height>
			<texture border="30,0,30,0">separator.png</texture>
		</control>
		<control type="group" id="105">
			<posx>510</posx>
			<posy>360</posy>
			<width>900</width>
			<height>480</height>
			<control type="group" id="104">
				<control type="button" id="120">
					<description>Rule Entry 1</description>
					<posx>45</posx>
					<posy>0</posy>
					<textcolor>white</textcolor>
					<ondown>121</ondown>
					<width>810</width>
					<height>45</height>
					<visible allowhiddenfocus="true">Control.HasFocus(120) | ![StringCompare(Window.Property(itempress),120) | StringCompare(Window.Property(itempress),121) | StringCompare(Window.Property(itempress),122) | StringCompare(Window.Property(itempress),123) | StringCompare(Window.Property(itempress),124) | StringCompare(Window.Property(itempress),125) | StringCompare(Window.Property(itempress),126)]</visible>
					<onclick>SetProperty(itempress,120)</onclick>
					<onclick>SetFocus(130)</onclick>
				</control>
				<control type="button" id="121">
					<description>Rule Entry 2</description>
					<posx>45</posx>
					<posy>52</posy>
					<textcolor>white</textcolor>
					<onup>120</onup>
					<ondown>122</ondown>
					<width>810</width>
					<height>45</height>
					<visible>![StringCompare(Window.Property(itempress),120) | StringCompare(Window.Property(itempress),121) | StringCompare(Window.Property(itempress),122) | StringCompare(Window.Property(itempress),123) | StringCompare(Window.Property(itempress),124) | StringCompare(Window.Property(itempress),125) | StringCompare(Window.Property(itempress),126)]</visible>
					<onclick>SetProperty(itempress,121)</onclick>
					<onclick>SetFocus(130)</onclick>
				</control>
				<control type="button" id="122">
					<description>Rule Entry 3</description>
					<posx>45</posx>
					<posy>105</posy>
					<textcolor>white</textcolor>
					<onup>121</onup>
					<ondown>123</ondown>
					<width>810</width>
					<height>45</height>
					<visible>![StringCompare(Window.Property(itempress),120) | StringCompare(Window.Property(itempress),121) | StringCompare(Window.Property(itempress),122) | StringCompare(Window.Property(itempress),123) | StringCompare(Window.Property(itempress),124) | StringCompare(Window.Property(itempress),125) | StringCompare(Window.Property(itempress),126)]</visible>
					<onclick>SetProperty(itempress,122)</onclick>
					<onclick>SetFocus(130)</onclick>
				</control>
				<control type="button" id="123">
					<description>Rule Entry 4</description>
					<posx>45</posx>
					<posy>158</posy>
					<textcolor>white</textcolor>
					<onup>122</onup>
					<ondown>124</ondown>
					<width>810</width>
					<height>45</height>
					<visible>![StringCompare(Window.Property(itempress),120) | StringCompare(Window.Property(itempress),121) | StringCompare(Window.Property(itempress),122) | StringCompare(Window.Property(itempress),123) | StringCompare(Window.Property(itempress),124) | StringCompare(Window.Property(itempress),125) | StringCompare(Window.Property(itempress),126)]</visible>
					<onclick>SetProperty(itempress,123)</onclick>
					<onclick>SetFocus(130)</onclick>
				</control>
				<control type="button" id="124">
					<description>Rule Entry 5</description>
					<posx>45</posx>
					<posy>210</posy>
					<textcolor>white</textcolor>
					<onup>123</onup>
					<ondown>125</ondown>
					<width>810</width>
					<height>45</height>
					<visible>![StringCompare(Window.Property(itempress),120) | StringCompare(Window.Property(itempress),121) | StringCompare(Window.Property(itempress),122) | StringCompare(Window.Property(itempress),123) | StringCompare(Window.Property(itempress),124) | StringCompare(Window.Property(itempress),125) | StringCompare(Window.Property(itempress),126)]</visible>
					<onclick>SetProperty(itempress,124)</onclick>
					<onclick>SetFocus(130)</onclick>
				</control>
				<control type="button" id="125">
					<description>Rule Entry 6</description>
					<posx>45</posx>
					<posy>262</posy>
					<textcolor>white</textcolor>
					<onup>124</onup>
					<ondown>126</ondown>
					<width>810</width>
					<height>45</height>
					<visible>![StringCompare(Window.Property(itempress),120) | StringCompare(Window.Property(itempress),121) | StringCompare(Window.Property(itempress),122) | StringCompare(Window.Property(itempress),123) | StringCompare(Window.Property(itempress),124) | StringCompare(Window.Property(itempress),125) | StringCompare(Window.Property(itempress),126)]</visible>
					<onclick>SetProperty(itempress,125)</onclick>
					<onclick>SetFocus(130)</onclick>
				</control>
				<control type="button" id="126">
					<description>Rule Entry 7</description>
					<posx>45</posx>
					<posy>315</posy>
					<textcolor>white</textcolor>
					<onup>125</onup>
					<width>810</width>
					<height>45</height>
					<visible>![StringCompare(Window.Property(itempress),120) | StringCompare(Window.Property(itempress),121) | StringCompare(Window.Property(itempress),122) | StringCompare(Window.Property(itempress),123) | StringCompare(Window.Property(itempress),124) | StringCompare(Window.Property(itempress),125) | StringCompare(Window.Property(itempress),126)]</visible>
					<onclick>SetProperty(itempress,126)</onclick>
					<onclick>SetFocus(130)</onclick>
				</control>
				<control type="button" id="130">
					<description>Rule for editing</description>
					<posx>45</posx>
					<posy>0</posy>
					<textcolor>white</textcolor>
					<ondown>102</ondown>
					<width>810</width>
					<height>45</height>
					<onclick>SetProperty(itempress,100)</onclick>
					<onclick>SetFocus(120)</onclick>
					<visible allowhiddenfocus="true">Control.HasFocus(130) | StringCompare(Window.Property(itempress),120) | StringCompare(Window.Property(itempress),121) | StringCompare(Window.Property(itempress),122) | StringCompare(Window.Property(itempress),123) | StringCompare(Window.Property(itempress),124) | StringCompare(Window.Property(itempress),125) | StringCompare(Window.Property(itempress),126)</visible>
					<animation condition="StringCompare(Window.Property(itempress),121)" reversible="false">
						<effect type="slide" start="0,52" time="500" />
					</animation>
					<animation condition="StringCompare(Window.Property(itempress),122)" reversible="false">
						<effect type="slide" start="0,105" time="500" />
					</animation>
					<animation condition="StringCompare(Window.Property(itempress),123)" reversible="false">
						<effect type="slide" start="0,158" time="500" />
					</animation>
					<animation condition="StringCompare(Window.Property(itempress),124)" reversible="false">
						<effect type="slide" start="0,210" time="500" />
					</animation>
					<animation condition="StringCompare(Window.Property(itempress),125)" reversible="false">
						<effect type="slide" start="0,262" time="500" />
					</animation>
					<animation condition="StringCompare(Window.Property(itempress),126)" reversible="false">
						<effect type="slide" start="0,315" time="500" />
					</animation>
				</control>
				<control type="group" id="102">
					<description>Controls for editing</description>
					<posx>45</posx>
					<posy>45</posy>
					<width>810</width>
					<height>315</height>
					<visible>StringCompare(Window.Property(itempress),120) | StringCompare(Window.Property(itempress),121) | StringCompare(Window.Property(itempress),122) | StringCompare(Window.Property(itempress),123) | StringCompare(Window.Property(itempress),124) | StringCompare(Window.Property(itempress),125) | StringCompare(Window.Property(itempress),126)</visible>
					<animation condition="StringCompare(Window.Property(itempress),120)" reversible="false">
						<effect type="slide" start="0,45" time="500" />
						<effect type="zoom" start="100,0" time="500" />
					</animation>
					<animation condition="StringCompare(Window.Property(itempress),121)" reversible="false">
						<effect type="slide" start="0,98" time="500" />
						<effect type="zoom" start="100,0" time="500" />
					</animation>
					<animation condition="StringCompare(Window.Property(itempress),122)" reversible="false">
						<effect type="slide" start="0,150" time="500" />
						<effect type="zoom" start="100,0" time="500" />
					</animation>
					<animation condition="StringCompare(Window.Property(itempress),123)" reversible="false">
						<effect type="slide" start="0,202" time="500" />
						<effect type="zoom" start="100,0" time="500" />
					</animation>
					<animation condition="StringCompare(Window.Property(itempress),124)" reversible="false">
						<effect type="slide" start="0,255" time="500" />
						<effect type="zoom" start="100,0" time="500" />
					</animation>
					<animation condition="StringCompare(Window.Property(itempress),125)" reversible="false">
						<effect type="slide" start="0,308" time="500" />
						<effect type="zoom" start="100,0" time="500" />
					</animation>
					<animation condition="StringCompare(Window.Property(itempress),126)" reversible="false">
						<effect type="slide" start="0,360" time="500" />
						<effect type="zoom" start="100,0" time="500" />
					</animation>
					<control type="button" id="131">
						<posx>15</posx>
						<posy>15</posy>
						<width>780</width>
						<height>45</height>
						<align>center</align>
						<textcolor>white</textcolor>
						<onup>130</onup>
						<ondown>160</ondown>
					</control>
					<control type="label" id="150">
						<posx>15</posx>
						<posy>75</posy>
						<width>390</width>
						<height>45</height>
						<align>center</align>
						<textcolor>white</textcolor>
					</control>
					<control type="label" id="151">
						<posx>405</posx>
						<posy>75</posy>
						<width>390</width>
						<height>45</height>
						<align>center</align>
						<textcolor>white</textcolor>
					</control>
					<control type="label" id="152">
						<posx>15</posx>
						<posy>195</posy>
						<width>390</width>
						<height>45</height>
						<align>center</align>
						<textcolor>white</textcolor>
					</control>
					<control type="label" id="153">
						<posx>405</posx>
						<posy>195</posy>
						<width>390</width>
						<height>45</height>
						<align>center</align>
						<textcolor>white</textcolor>
					</control>
					<control type="button" id="160">
						<posx>45</posx>
						<posy>135</posy>
						<width>345</width>
						<height>45</height>
						<align>center</align>
						<onup>131</onup>
						<ondown>162</ondown>
						<onright>161</onright>
						<textcolor>white</textcolor>
					</control>
					<control type="button" id="161">
						<posx>420</posx>
						<posy>135</posy>
						<width>345</width>
						<height>45</height>
						<align>center</align>
						<onup>131</onup>
						<ondown>163</ondown>
						<onleft>160</onleft>
						<onright>162</onright>
						<textcolor>white</textcolor>
					</control>
					<control type="button" id="162">
						<posx>45</posx>
						<posy>255</posy>
						<width>345</width>
						<height>45</height>
						<align>center</align>
						<onup>160</onup>
						<onright>163</onright>
						<onleft>161</onleft>
						<textcolor>white</textcolor>
					</control>
					<control type="button" id="163">
						<posx>420</posx>
						<posy>255</posy>
						<width>345</width>
						<height>45</height>
						<align>center</align>
						<onup>161</onup>
						<onleft>162</onleft>
						<textcolor>white</textcolor>
					</control>
				</control>
			</control>
		</control>
	</controls>
</window>
