<?xml version="1.0" encoding="UTF-8"?>
<window>
	<allowoverlay>no</allowoverlay>
	<defaultcontrol always="false">101</defaultcontrol>
	<coordinates>
		<posx>360</posx>
		<posy>30</posy>
	</coordinates>
	<include>dialogeffect</include>
	<controls>
		<control type="group">
			<include>DialogFade4</include>
			<include condition="Skin.HasSetting(HateTransparency)">T-Panel7</include>
			<control type="image">
				<posx>0</posx>
				<posy>0</posy>
				<width>1200</width>
				<height>788</height>
				<texture border="30">panel.png</texture>
				<bordertexture border="45">panel-shadow.png</bordertexture>
				<bordersize>22</bordersize>
			</control>
			<control type="button">
				<posx>1116</posx>
				<posy>48</posy>
				<width>30</width>
				<height>30</height>
				<texturefocus>close-window-focus.png</texturefocus>
				<texturenofocus>close-window-nofocus.png</texturenofocus>
				<onclick>PreviousMenu</onclick>
				<visible>Skin.HasSetting(TouchScreenMode)</visible>
			</control>
			<control type="label">
				<description>heading label</description>
				<posx>60</posx>
				<posy>60</posy>
				<width>1080</width>
				<height>45</height>
				<label>$ADDON[script.cu.lrclyrics 32199]</label>
				<align>center</align>
				<aligny>center</aligny>
				<font>font-32</font>
				<textcolor>blue</textcolor>
			</control>
			<control type="label" id="200">
				<description>Scraper Label</description>
				<visible>false</visible>
			</control>
			<control type="image">
				<posx>60</posx>
				<posy>117</posy>
				<width>1080</width>
				<height>3</height>
				<texture>separator.png</texture>
			</control>
			<control type="list" id="110">
				<posx>68</posx>
				<posy>135</posy>
				<width>1065</width>
				<height>570</height>
				<onleft>111</onleft>
				<onright>111</onright>
				<onup>110</onup>
				<ondown>110</ondown>
				<pagecontrol>111</pagecontrol>
				<scrolltime>200</scrolltime>
				<itemlayout width="1065" height="44">
					<control type="image">
						<posx>0</posx>
						<posy>0</posy>
						<width>1065</width>
						<height>45</height>
						<texture border="7">list-nofocus.png</texture>
					</control>
					<control type="label">
						<posx>0</posx>
						<posy>0</posy>
						<width>1035</width>
						<height>45</height>
						<font>font-20</font>
						<aligny>center</aligny>
						<align>center</align>
						<selectedcolor>blue</selectedcolor>
						<label>$INFO[ListItem.Label]</label>
					</control>
				</itemlayout>
				<focusedlayout width="1065" height="44">
					<control type="image">
						<posx>0</posx>
						<posy>0</posy>
						<width>1065</width>
						<height>45</height>
						<texture border="7">list-nofocus.png</texture>
					</control>
					<control type="image">
						<posx>0</posx>
						<posy>0</posy>
						<width>1065</width>
						<height>45</height>
						<visible>Control.HasFocus(110)</visible>
						<texture border="7">list-focus2.png</texture>
						<include>ListFocusScroll15</include>
					</control>
					<control type="label">
						<posx>0</posx>
						<posy>0</posy>
						<width>1035</width>
						<height>45</height>
						<font>font-20</font>
						<aligny>center</aligny>
						<align>center</align>
						<shadowcolor>black</shadowcolor>
						<textcolor>white</textcolor>
						<selectedcolor>blue</selectedcolor>
						<label>$INFO[ListItem.Label]</label>
					</control>
				</focusedlayout>
			</control>
			<control type="spincontrol" id="111">
				<description>Next page button</description>
				<posx>1035</posx>
				<posy>712</posy>
				<subtype>page</subtype>
				<font>font-20</font>
				<onleft>110</onleft>
				<onright>110</onright>
				<ondown>110</ondown>
				<onup>110</onup>
				<textcolor>white</textcolor>
				<showonepage>false</showonepage>
				<visible>Control.IsVisible(110)</visible>
			</control>
			<control type="list" id="120">
				<posx>68</posx>
				<posy>180</posy>
				<width>1065</width>
				<height>525</height>
				<onleft>121</onleft>
				<onright>121</onright>
				<onup>120</onup>
				<ondown>120</ondown>
				<pagecontrol>121</pagecontrol>
				<scrolltime>200</scrolltime>
				<animation effect="slide" start="0,0" end="30,0" time="0" condition="!Control.IsVisible(121)">Conditional</animation>
				<itemlayout width="1065" height="44">
					<control type="image">
						<posx>0</posx>
						<posy>0</posy>
						<width>1065</width>
						<height>45</height>
						<texture border="7">list-nofocus.png</texture>
					</control>
					<control type="label">
						<posx>15</posx>
						<posy>0</posy>
						<width>1035</width>
						<height>45</height>
						<font>font-20</font>
						<align>left</align>
						<aligny>center</aligny>
						<selectedcolor>blue</selectedcolor>
						<label>$INFO[ListItem.Label]</label>
					</control>
				</itemlayout>
				<focusedlayout width="1065" height="44">
					<control type="image">
						<posx>0</posx>
						<posy>0</posy>
						<width>1065</width>
						<height>45</height>
						<texture border="7">list-nofocus.png</texture>
					</control>
					<control type="image">
						<posx>0</posx>
						<posy>0</posy>
						<width>1065</width>
						<height>45</height>
						<visible>Control.HasFocus(120)</visible>
						<texture border="7">list-focus2.png</texture>
						<include>ListFocusScroll10</include>
					</control>
					<control type="label">
						<posx>15</posx>
						<posy>0</posy>
						<width>1035</width>
						<height>45</height>
						<font>font-20</font>
						<align>left</align>
						<aligny>center</aligny>
						<selectedcolor>blue</selectedcolor>
						<label>$INFO[ListItem.Label]</label>
					</control>
				</focusedlayout>
			</control>
			<control type="spincontrol" id="121">
				<description>Next page button</description>
				<posx>1035</posx>
				<posy>712</posy>
				<subtype>page</subtype>
				<font>font-20</font>
				<onleft>120</onleft>
				<onright>120</onright>
				<ondown>120</ondown>
				<onup>120</onup>
				<textcolor>white</textcolor>
				<showonepage>false</showonepage>
				<visible>Control.IsVisible(120)</visible>
			</control>
		</control>
	</controls>
</window>
